Timestamp,IsMotorToTCU,ID,IsExtended,IsRemote,Length,D1,D2,D3,D4,D5,D6,D7,D8
101738,0,300,0,0,8,3,5a,64,5a,64,0,64,be
101739,0,301,0,0,3,1d,e,0
101745,1,203,0,0,8,0,0,0,0,0,0,0,0
101750,1,401,0,0,8,6c,a0,0,0,56,0,0,0
101770,1,400,0,0,8,1,0,4c,0,0,0,0,0
101788,0,300,0,0,8,3,5a,64,5a,64,0,64,af
101789,0,301,0,0,3,e8,f,0
101833,1,201,0,0,6,0,0,0,0,62,0
101838,0,300,0,0,8,3,5a,64,5a,64,0,64,30
101839,0,301,0,0,3,e2,0,0
101845,1,203,0,0,8,0,0,0,0,0,0,0,0
101850,1,401,0,0,8,6e,a0,0,0,56,0,0,0
101857,1,204,0,0,8,0,0,0,0,0,0,0,0
101869,1,202,0,0,8,e2,14,0,0,c6,fd,1a,0
101870,1,400,0,0,8,1,0,4c,0,0,0,0,0
101888,0,300,0,0,8,3,5a,64,5a,64,0,64,21
101889,0,301,0,0,3,b3,1,0
101933,1,201,0,0,6,0,0,0,0,62,0
101938,0,300,0,0,8,3,5a,64,5a,64,0,64,32
101939,0,301,0,0,3,6b,2,0
101945,1,203,0,0,8,0,0,0,0,0,0,0,0
101950,1,401,0,0,8,6e,a0,0,0,56,0,0,0
101970,1,400,0,0,8,1,0,4c,0,0,0,0,0
101988,0,300,0,0,8,3,5a,64,5a,64,0,64,23
101989,0,301,0,0,3,96,3,0
102033,1,201,0,0,6,0,0,0,0,62,0
102038,0,300,0,0,8,3,5a,64,5a,64,0,64,34
102039,0,301,0,0,3,3,4,0
102046,1,203,0,0,8,0,0,0,0,0,0,0,0
102051,1,401,0,0,8,6e,a0,0,0,56,0,0,0
102071,1,400,0,0,8,1,0,4c,0,0,0,0,0
102088,0,300,0,0,8,3,5a,64,5a,64,0,64,25
102089,0,301,0,0,3,54,5,0
102133,1,201,0,0,6,0,0,0,0,62,0
102138,0,300,0,0,8,3,5a,64,5a,64,0,64,36
102139,0,301,0,0,3,f5,6,0
102146,1,203,0,0,8,0,0,0,0,0,0,0,0
102151,1,401,0,0,8,6c,a0,0,0,56,0,0,0
102171,1,400,0,0,8,1,0,4c,0,0,0,0,0
102188,0,300,0,0,8,3,5a,64,5a,64,0,64,27
102189,0,301,0,0,3,b8,7,0
102231,1,403,0,0,8,63,0,0,0,20,e2,9,0
102233,1,201,0,0,6,0,0,0,0,62,0
102238,0,300,0,0,8,3,5a,64,5a,64,0,64,b8
102239,0,301,0,0,3,80,8,0
102246,1,203,0,0,8,0,0,0,0,0,0,0,0
102251,1,401,0,0,8,6c,a0,0,0,56,0,0,0
102271,1,400,0,0,8,1,0,4c,0,0,0,0,0
102288,0,300,0,0,8,3,5a,64,5a,64,0,64,a9
102289,0,301,0,0,3,88,9,0
102333,1,201,0,0,6,0,0,0,0,62,0
102338,0,300,0,0,8,3,5a,64,5a,64,0,64,ba
102339,0,301,0,0,3,c6,a,0
102346,1,203,0,0,8,0,0,0,0,0,0,0,0
102351,1,401,0,0,8,6e,a0,0,0,56,0,0,0
102371,1,400,0,0,8,1,0,4c,0,0,0,0,0
102388,0,300,0,0,8,3,5a,64,5a,64,0,64,ab
102389,0,301,0,0,3,43,b,0
102433,1,201,0,0,6,0,0,0,0,62,0
102439,0,300,0,0,8,3,5a,64,5a,64,0,64,bc
102439,0,301,0,0,3,b5,c,0
102446,1,203,0,0,8,0,0,0,0,0,0,0,0
102451,1,401,0,0,8,6e,a0,0,0,55,0,0,0
102471,1,400,0,0,8,1,0,4c,0,0,0,0,0
102488,0,300,0,0,8,3,5a,64,5a,64,0,64,ad
102489,0,301,0,0,3,4e,d,0
102533,1,201,0,0,6,0,0,0,0,62,0
102538,0,300,0,0,8,3,5a,64,5a,64,0,64,be
102539,0,301,0,0,3,1d,e,0
102546,1,203,0,0,8,0,0,0,0,0,0,0,0
102551,1,401,0,0,8,6e,a0,0,0,55,0,0,0
102571,1,400,0,0,8,1,0,4c,0,0,0,0,0
102588,0,300,0,0,8,3,5a,64,5a,64,0,64,af
102589,0,301,0,0,3,e8,f,0
102633,1,201,0,0,6,0,0,0,0,62,0
102638,0,300,0,0,8,3,5a,64,5a,64,0,64,30
102639,0,301,0,0,3,e2,0,0
102646,1,203,0,0,8,0,0,0,0,0,0,0,0
102651,1,401,0,0,8,6e,a0,0,0,55,0,0,0
102671,1,400,0,0,8,1,0,4c,0,0,0,0,0
102688,0,300,0,0,8,3,5a,64,5a,64,0,64,21
102689,0,301,0,0,3,b3,1,0
102731,1,402,0,0,8,64,0,0,0,28,e0,9,0
102734,1,201,0,0,6,0,0,0,0,62,0
102738,0,300,0,0,8,3,5a,64,5a,64,0,64,32
102739,0,301,0,0,3,6b,2,0
102746,1,203,0,0,8,0,0,0,0,0,0,0,0
102751,1,401,0,0,8,6e,a0,0,0,55,0,0,0
102771,1,400,0,0,8,1,0,4c,0,0,0,0,0
102788,0,300,0,0,8,3,5a,64,5a,64,0,64,23
102789,0,301,0,0,3,96,3,0
102834,1,201,0,0,6,0,0,0,0,62,0
102838,0,300,0,0,8,3,5a,64,5a,64,0,64,34
102839,0,301,0,0,3,3,4,0
102846,1,203,0,0,8,0,0,0,0,0,0,0,0
102851,1,401,0,0,8,70,a0,0,0,55,0,0,0
102858,1,204,0,0,8,0,0,0,0,0,0,0,0
102870,1,202,0,0,8,e2,15,0,0,c6,fd,1a,0
102871,1,400,0,0,8,1,0,4c,0,0,0,0,0
102888,0,300,0,0,8,3,5a,64,5a,64,0,64,25
102889,0,301,0,0,3,54,5,0
102934,1,201,0,0,6,0,0,0,0,62,0
102938,0,300,0,0,8,3,5a,64,5a,64,0,64,36
102939,0,301,0,0,3,f5,6,0
102946,1,203,0,0,8,0,0,0,0,0,0,0,0
102951,1,401,0,0,8,70,a0,0,0,56,0,0,0
102971,1,400,0,0,8,1,0,4c,0,0,0,0,0
102988,0,300,0,0,8,3,5a,64,5a,64,0,64,27
102989,0,301,0,0,3,b8,7,0
103034,1,201,0,0,6,0,0,0,0,62,0
103038,0,300,0,0,8,3,5a,64,5a,64,0,64,b8
103039,0,301,0,0,3,80,8,0
103046,1,203,0,0,8,0,0,0,0,0,0,0,0
103052,1,401,0,0,8,70,a0,0,0,56,0,0,0
103072,1,400,0,0,8,1,0,4c,0,0,0,0,0
103088,0,300,0,0,8,3,5a,64,5a,64,0,64,a9
103089,0,301,0,0,3,88,9,0
103134,1,201,0,0,6,0,0,0,0,62,0
103138,0,300,0,0,8,3,5a,64,5a,64,0,64,ba
103139,0,301,0,0,3,c6,a,0
103146,1,203,0,0,8,0,0,0,0,0,0,0,0
103152,1,401,0,0,8,6e,a0,0,0,56,0,0,0
103172,1,400,0,0,8,1,0,4c,0,0,0,0,0
103188,0,300,0,0,8,3,5a,64,5a,64,0,64,ab
103189,0,301,0,0,3,43,b,0
103232,1,403,0,0,8,63,0,0,0,20,e2,9,0
103234,1,201,0,0,6,0,0,0,0,62,0
103238,0,300,0,0,8,3,5a,64,5a,64,0,64,bc
103239,0,301,0,0,3,b5,c,0
103246,1,203,0,0,8,0,0,0,0,0,0,0,0
103252,1,401,0,0,8,6e,a0,0,0,56,0,0,0
103272,1,400,0,0,8,1,0,4c,0,0,0,0,0
103288,0,300,0,0,8,3,5a,64,5a,64,0,64,ad
103289,0,301,0,0,3,4e,d,0
103334,1,201,0,0,6,0,0,0,0,62,0
103338,0,300,0,0,8,3,5a,64,5a,64,0,64,be
103339,0,301,0,0,3,1d,e,0
103346,1,203,0,0,8,0,0,0,0,0,0,0,0
103352,1,401,0,0,8,6e,a0,0,0,56,0,0,0
103372,1,400,0,0,8,1,0,4c,0,0,0,0,0
103388,0,300,0,0,8,3,5a,64,5a,64,0,64,af
103389,0,301,0,0,3,e8,f,0
103434,1,201,0,0,6,0,0,0,0,62,0
103438,0,300,0,0,8,3,5a,64,5a,64,0,64,30
103439,0,301,0,0,3,e2,0,0
103446,1,203,0,0,8,0,0,0,0,0,0,0,0
103452,1,401,0,0,8,6e,a0,0,0,55,0,0,0
103472,1,400,0,0,8,1,0,4c,0,0,0,0,0
103488,0,300,0,0,8,3,5a,64,5a,64,0,64,21
103489,0,301,0,0,3,b3,1,0
103534,1,201,0,0,6,0,0,0,0,62,0
103538,0,300,0,0,8,3,5a,64,5a,64,0,64,32
103539,0,301,0,0,3,6b,2,0
103546,1,203,0,0,8,0,0,0,0,0,0,0,0
103552,1,401,0,0,8,6e,a0,0,0,55,0,0,0
103572,1,400,0,0,8,1,0,4c,0,0,0,0,0
103588,0,300,0,0,8,3,5a,64,5a,64,0,64,23
103589,0,301,0,0,3,96,3,0
103634,1,201,0,0,6,0,0,0,0,62,0
103638,0,300,0,0,8,3,5a,64,5a,64,0,64,34
103639,0,301,0,0,3,3,4,0
103646,1,203,0,0,8,0,0,0,0,0,0,0,0
103652,1,401,0,0,8,6e,a0,0,0,55,0,0,0
103672,1,400,0,0,8,1,0,4c,0,0,0,0,0
103688,0,300,0,0,8,3,5a,64,5a,64,0,64,25
103689,0,301,0,0,3,54,5,0
103732,1,402,0,0,8,64,0,0,0,28,e0,9,0
103734,1,201,0,0,6,0,0,0,0,62,0
103738,0,300,0,0,8,3,5a,64,5a,64,0,64,36
103739,0,301,0,0,3,f5,6,0
103746,1,203,0,0,8,0,0,0,0,0,0,0,0
103752,1,401,0,0,8,6e,a0,0,0,55,0,0,0
103772,1,400,0,0,8,1,0,4c,0,0,0,0,0
103788,0,300,0,0,8,3,5a,64,5a,64,0,64,27
103789,0,301,0,0,3,b8,7,0
103834,1,201,0,0,6,0,0,0,0,62,0
103838,0,300,0,0,8,3,5a,64,5a,64,0,64,b8
103839,0,301,0,0,3,80,8,0
103846,1,203,0,0,8,0,0,0,0,0,0,0,0
103852,1,401,0,0,8,6e,a0,0,0,55,0,0,0
103858,1,204,0,0,8,0,0,0,0,0,0,0,0
103870,1,202,0,0,8,e2,17,0,0,c6,fd,1a,0
103872,1,400,0,0,8,1,0,4c,0,0,0,0,0
103882,1,666,0,0,8,52,8,1,5,52,57,12,44
103888,0,300,0,0,8,3,5a,64,5a,64,0,64,a9
103889,0,301,0,0,3,88,9,0
103894,1,665,0,0,8,0,0,0,53,4c,18,53,0
103906,1,200,0,0,8,64,0,28,e0,9,0,2,0
103934,1,201,0,0,6,0,0,0,0,62,0
103938,0,300,0,0,8,3,5a,64,5a,64,0,64,ba
103939,0,301,0,0,3,c6,a,0
103946,1,203,0,0,8,0,0,0,0,0,0,0,0
103952,1,401,0,0,8,6e,a0,0,0,55,0,0,0
103972,1,400,0,0,8,1,0,4c,0,0,0,0,0
103988,0,300,0,0,8,3,5a,64,5a,64,0,64,ab
103989,0,301,0,0,3,43,b,0
104034,1,201,0,0,6,0,0,0,0,62,0
104038,0,300,0,0,8,3,5a,64,5a,64,0,64,bc
104039,0,301,0,0,3,b5,c,0
104046,1,203,0,0,8,0,0,0,0,0,0,0,0
104053,1,401,0,0,8,6e,a0,0,0,55,0,0,0
104073,1,400,0,0,8,1,0,4c,0,0,0,0,0
104088,0,300,0,0,8,3,5a,64,5a,64,0,64,ad
104089,0,301,0,0,3,4e,d,0
104134,1,201,0,0,6,0,0,0,0,62,0
104138,0,300,0,0,8,3,5a,64,5a,64,0,64,be
104139,0,301,0,0,3,1d,e,0
104146,1,203,0,0,8,0,0,0,0,0,0,0,0
104153,1,401,0,0,8,70,a0,0,0,55,0,0,0
104173,1,400,0,0,8,1,0,4c,0,0,0,0,0
104188,0,300,0,0,8,3,5a,64,5a,64,0,64,af
104189,0,301,0,0,3,e8,f,0
104233,1,403,0,0,8,63,0,0,0,20,e2,9,0
104234,1,201,0,0,6,0,0,0,0,62,0
104238,0,300,0,0,8,3,5a,64,5a,64,0,64,30
104239,0,301,0,0,3,e2,0,0
104246,1,203,0,0,8,0,0,0,0,0,0,0,0
104253,1,401,0,0,8,70,a0,0,0,55,0,0,0
104273,1,400,0,0,8,1,0,4c,0,0,0,0,0
104288,0,300,0,0,8,3,5a,64,5a,64,0,64,21
104289,0,301,0,0,3,b3,1,0
104334,1,201,0,0,6,0,0,0,0,62,0
104338,0,300,0,0,8,3,5a,64,5a,64,0,64,32
104339,0,301,0,0,3,6b,2,0
104346,1,203,0,0,8,0,0,0,0,0,0,0,0
104353,1,401,0,0,8,6e,a0,0,0,55,0,0,0
104373,1,400,0,0,8,1,0,4c,0,0,0,0,0
104388,0,300,0,0,8,3,5a,64,5a,64,0,64,23
104389,0,301,0,0,3,96,3,0
104434,1,201,0,0,6,0,0,0,0,62,0
104438,0,300,0,0,8,3,5a,64,5a,64,0,64,34
104439,0,301,0,0,3,3,4,0
104446,1,203,0,0,8,0,0,0,0,0,0,0,0
104453,1,401,0,0,8,6e,a0,0,0,56,0,0,0
104473,1,400,0,0,8,1,0,4c,0,0,0,0,0
104488,0,300,0,0,8,3,5a,64,5a,64,0,64,25
104489,0,301,0,0,3,54,5,0
104534,1,201,0,0,6,0,0,0,0,62,0
104538,0,300,0,0,8,3,5a,64,5a,64,0,64,36
104539,0,301,0,0,3,f5,6,0
104546,1,203,0,0,8,0,0,0,0,0,0,0,0
104553,1,401,0,0,8,6e,a0,0,0,56,0,0,0
104573,1,400,0,0,8,1,0,4c,0,0,0,0,0
104588,0,300,0,0,8,3,5a,64,5a,64,0,64,27
104589,0,301,0,0,3,b8,7,0
104634,1,201,0,0,6,0,0,0,0,62,0
104638,0,300,0,0,8,3,5a,64,5a,64,0,64,b8
104639,0,301,0,0,3,80,8,0
104646,1,203,0,0,8,0,0,0,0,0,0,0,0
104653,1,401,0,0,8,6e,a0,0,0,56,0,0,0
104673,1,400,0,0,8,1,0,4c,0,0,0,0,0
104688,0,300,0,0,8,3,5a,64,5a,64,0,64,a9
104689,0,301,0,0,3,88,9,0
104733,1,402,0,0,8,64,0,0,0,28,e0,9,0
104734,1,201,0,0,6,0,0,0,0,62,0
104738,0,300,0,0,8,3,5a,64,5a,64,0,64,ba
104739,0,301,0,0,3,c6,a,0
104746,1,203,0,0,8,0,0,0,0,0,0,0,0
104753,1,401,0,0,8,6e,a0,0,0,56,0,0,0
104773,1,400,0,0,8,1,0,4c,0,0,0,0,0
104788,0,300,0,0,8,3,5a,64,5a,64,0,64,ab
104789,0,301,0,0,3,43,b,0
104834,1,201,0,0,6,0,0,0,0,62,0
104838,0,300,0,0,8,3,5a,64,5a,64,0,64,bc
104839,0,301,0,0,3,b5,c,0
104846,1,203,0,0,8,0,0,0,0,0,0,0,0
104853,1,401,0,0,8,72,a0,0,0,56,0,0,0
104858,1,204,0,0,8,0,0,0,0,0,0,0,0
104870,1,202,0,0,8,e2,15,0,0,c6,fd,1a,0
104873,1,400,0,0,8,1,0,4c,0,0,0,0,0
104888,0,300,0,0,8,3,5a,64,5a,64,0,64,ad
104889,0,301,0,0,3,4e,d,0
104934,1,201,0,0,6,0,0,0,0,62,0
104938,0,300,0,0,8,3,5a,64,5a,64,0,64,be
104939,0,301,0,0,3,1d,e,0
104946,1,203,0,0,8,0,0,0,0,0,0,0,0
104953,1,401,0,0,8,72,a0,0,0,55,0,0,0
104973,1,400,0,0,8,1,0,4c,0,0,0,0,0
104988,0,300,0,0,8,3,5a,64,5a,64,0,64,af
104989,0,301,0,0,3,e8,f,0
105034,1,201,0,0,6,0,0,0,0,62,0
105038,0,300,0,0,8,3,5a,64,5a,64,0,64,30
105039,0,301,0,0,3,e2,0,0
105046,1,203,0,0,8,0,0,0,0,0,0,0,0
105054,1,401,0,0,8,72,a0,0,0,55,0,0,0
105074,1,400,0,0,8,1,0,4c,0,0,0,0,0
105088,0,300,0,0,8,3,5a,64,5a,64,0,64,21
105089,0,301,0,0,3,b3,1,0
105134,1,201,0,0,6,0,0,0,0,62,0
105138,0,300,0,0,8,3,5a,64,5a,64,0,64,32
105139,0,301,0,0,3,6b,2,0
105146,1,203,0,0,8,0,0,0,0,0,0,0,0
105154,1,401,0,0,8,70,a0,0,0,55,0,0,0
105174,1,400,0,0,8,1,0,4c,0,0,0,0,0
105188,0,300,0,0,8,3,5a,64,5a,64,0,64,23
105189,0,301,0,0,3,96,3,0
105234,1,403,0,0,8,63,0,0,0,20,e2,9,0
105234,1,201,0,0,6,0,0,0,0,62,0
105238,0,300,0,0,8,3,5a,64,5a,64,0,64,34
105239,0,301,0,0,3,3,4,0
105246,1,203,0,0,8,0,0,0,0,0,0,0,0
105254,1,401,0,0,8,70,a0,0,0,55,0,0,0
105274,1,400,0,0,8,1,0,4c,0,0,0,0,0
105288,0,300,0,0,8,3,5a,64,5a,64,0,64,25
105289,0,301,0,0,3,54,5,0
105334,1,201,0,0,6,0,0,0,0,62,0
105338,0,300,0,0,8,3,5a,64,5a,64,0,64,36
105339,0,301,0,0,3,f5,6,0
105346,1,203,0,0,8,0,0,0,0,0,0,0,0
105354,1,401,0,0,8,70,a0,0,0,55,0,0,0
105374,1,400,0,0,8,1,0,4c,0,0,0,0,0
105388,0,300,0,0,8,3,5a,64,5a,64,0,64,27
105389,0,301,0,0,3,b8,7,0
105434,1,201,0,0,6,0,0,0,0,62,0
105438,0,300,0,0,8,3,5a,64,5a,64,0,64,b8
105439,0,301,0,0,3,80,8,0
105446,1,203,0,0,8,0,0,0,0,0,0,0,0
105454,1,401,0,0,8,70,a0,0,0,56,0,0,0
105474,1,400,0,0,8,1,0,4c,0,0,0,0,0
105488,0,300,0,0,8,3,5a,64,5a,64,0,64,a9
105489,0,301,0,0,3,88,9,0
105534,1,201,0,0,6,0,0,0,0,62,0
105538,0,300,0,0,8,3,5a,64,5a,64,0,64,ba
105539,0,301,0,0,3,c6,a,0
105546,1,203,0,0,8,0,0,0,0,0,0,0,0
105554,1,401,0,0,8,70,a0,0,0,56,0,0,0
105574,1,400,0,0,8,1,0,4c,0,0,0,0,0
105588,0,300,0,0,8,3,5a,64,5a,64,0,64,ab
105589,0,301,0,0,3,43,b,0
105634,1,201,0,0,6,0,0,0,0,62,0
105638,0,300,0,0,8,3,5a,64,5a,64,0,64,bc
105639,0,301,0,0,3,b5,c,0
105646,1,203,0,0,8,0,0,0,0,0,0,0,0
105654,1,401,0,0,8,70,a0,0,0,55,0,0,0
105674,1,400,0,0,8,1,0,4c,0,0,0,0,0
105688,0,300,0,0,8,3,5a,64,5a,64,0,64,ad
105689,0,301,0,0,3,4e,d,0
105734,1,201,0,0,6,0,0,3e,3,62,0
105734,1,402,0,0,8,64,0,0,0,28,e0,9,0
105738,0,300,0,0,8,3,5a,64,5a,64,0,64,be
105739,0,301,0,0,3,1d,e,0
105746,1,203,0,0,8,0,0,0,0,0,0,0,0
105754,1,401,0,0,8,70,a0,0,0,55,0,0,0
105774,1,400,0,0,8,1,0,4c,0,0,0,0,0
105788,0,300,0,0,8,3,5a,64,5a,64,0,64,af
105789,0,301,0,0,3,e8,f,0
105834,1,201,0,0,6,0,0,da,2,62,0
105838,0,300,0,0,8,3,5a,64,5a,64,0,64,30
105839,0,301,0,0,3,e2,0,0
105846,1,203,0,0,8,0,0,0,0,0,0,0,0
105854,1,401,0,0,8,6c,a0,0,0,55,0,0,0
105858,1,204,0,0,8,0,0,0,0,0,0,0,0
105870,1,202,0,0,8,e2,15,0,0,c6,fd,1a,0
105874,1,400,0,0,8,1,0,4c,0,0,0,0,0
105888,0,300,0,0,8,3,5a,64,5a,64,0,64,21
105889,0,301,0,0,3,b3,1,0
105934,1,201,0,0,6,0,0,6c,2,62,0
105938,0,300,0,0,8,3,5a,64,5a,64,0,64,32
105939,0,301,0,0,3,6b,2,0
105946,1,203,0,0,8,65,0,30,93,0,0,0,0
105954,1,401,0,0,8,6c,a0,0,0,56,0,0,0
105974,1,400,0,0,8,1,0,4c,0,0,0,0,0
105988,0,300,0,0,8,3,5a,64,5a,64,0,64,23
105989,0,301,0,0,3,96,3,0
106034,1,201,0,0,6,0,0,8,2,62,0
106038,0,300,0,0,8,3,5a,64,5a,64,0,64,34
106039,0,301,0,0,3,3,4,0
106046,1,203,0,0,8,9f,0,78,21,1,0,0,0
106055,1,401,0,0,8,6c,a0,0,0,56,0,0,0
106075,1,400,0,0,8,1,0,4c,0,0,0,0,0
106088,0,300,0,0,8,3,5a,64,5a,64,0,64,25
106089,0,301,0,0,3,54,5,0
106134,1,201,0,0,6,0,0,40,1,62,0
106138,0,300,0,0,8,3,5a,64,5a,64,0,64,36
106139,0,301,0,0,3,f5,6,0
106146,1,203,0,0,8,69,1,50,2f,2,0,0,0
106155,1,401,0,0,8,bc,9f,0,0,5a,2,0,0
106175,1,400,0,0,8,1,0,6c,0,0,0,0,0
106188,0,300,0,0,8,3,5a,64,5a,64,0,64,27
106189,0,301,0,0,3,b8,7,0
106234,1,201,0,0,6,32,0,4,1,62,0
106235,1,403,0,0,8,63,0,0,0,20,e2,9,0
106238,0,300,0,0,8,3,5a,64,5a,64,0,64,b8
106239,0,301,0,0,3,80,8,0
106246,1,203,0,0,8,6e,2,d0,7d,2,0,0,0
106255,1,401,0,0,8,bc,9f,0,0,5a,2,0,0
106275,1,400,0,0,8,1,0,6c,0,0,0,0,0
106288,0,300,0,0,8,3,5a,64,5a,64,0,64,a9
106289,0,301,0,0,3,88,9,0
106334,1,201,0,0,6,32,0,f0,0,62,0
106338,0,300,0,0,8,3,5a,64,5a,64,0,64,ba
106339,0,301,0,0,3,c6,a,0
106346,1,203,0,0,8,d1,2,f0,df,2,0,0,0
106355,1,401,0,0,8,51,9f,0,0,5a,2,0,0
106375,1,400,0,0,8,1,0,6c,0,0,0,0,0
106388,0,300,0,0,8,3,5a,64,5a,64,0,64,ab
106389,0,301,0,0,3,43,b,0
106434,1,201,0,0,6,32,0,0,0,62,0
106438,0,300,0,0,8,3,5a,64,5a,64,0,64,bc
106439,0,301,0,0,3,b5,c,0
106446,1,203,0,0,8,a8,3,0,0,0,0,0,0
106455,1,401,0,0,8,51,9f,0,0,8f,a,0,0
106475,1,400,0,0,8,1,0,6c,0,0,0,0,0
106488,0,300,0,0,8,3,5a,64,5a,64,0,64,ad
106489,0,301,0,0,3,4e,d,0
106534,1,201,0,0,6,32,0,0,0,62,0
106538,0,300,0,0,8,3,5a,64,5a,64,0,64,be
106539,0,301,0,0,3,1d,e,0
106546,1,203,0,0,8,fe,3,0,0,0,0,0,0
106555,1,401,0,0,8,51,9f,0,0,8f,a,0,0
106575,1,400,0,0,8,1,0,6c,0,0,0,0,0
106588,0,300,0,0,8,3,5a,64,5a,64,0,64,af
106589,0,301,0,0,3,e8,f,0
106634,1,201,0,0,6,32,0,0,0,62,0
106638,0,300,0,0,8,3,5a,64,5a,64,0,64,30
106639,0,301,0,0,3,e2,0,0
106646,1,203,0,0,8,9c,4,0,0,0,0,0,0
106655,1,401,0,0,8,13,a0,0,0,25,9,0,0
106675,1,400,0,0,8,1,0,6c,0,0,0,0,0
106688,0,300,0,0,8,3,5a,64,5a,64,0,64,21
106689,0,301,0,0,3,b3,1,0
106734,1,201,0,0,6,32,0,0,0,62,0
106735,1,402,0,0,8,64,0,0,0,4,e0,9,0
106738,0,300,0,0,8,3,5a,64,5a,64,0,64,32
106739,0,301,0,0,3,6b,2,0
106746,1,203,0,0,8,e0,4,0,0,0,0,0,0
106755,1,401,0,0,8,13,a0,0,0,25,9,0,0
106775,1,400,0,0,8,1,0,6c,0,0,0,0,0
106788,0,300,0,0,8,3,5a,64,5a,64,0,64,23
106789,0,301,0,0,3,96,3,0
106834,1,201,0,0,6,32,0,0,0,62,0
106838,0,300,0,0,8,3,5a,64,5a,64,0,64,34
106839,0,301,0,0,3,3,4,0
106846,1,203,0,0,8,4c,5,0,0,0,0,0,0
106855,1,401,0,0,8,19,a0,0,0,25,9,0,0
106858,1,204,0,0,8,0,0,0,0,0,0,0,0
106870,1,202,0,0,8,e2,17,0,0,c8,fd,1a,0
106875,1,400,0,0,8,1,0,6c,0,0,0,0,0
106882,1,666,0,0,8,52,8,1,5,52,57,12,44
106888,0,300,0,0,8,3,5a,64,5a,64,0,64,25
106889,0,301,0,0,3,54,5,0
106894,1,665,0,0,8,0,0,0,53,4c,18,53,0
106906,1,200,0,0,8,64,0,4,e0,9,0,0,0
106934,1,201,0,0,6,32,0,0,0,62,0
106938,0,300,0,0,8,3,5a,64,5a,64,0,64,36
106939,0,301,0,0,3,f5,6,0
106946,1,203,0,0,8,a4,5,0,0,0,0,0,0
106955,1,401,0,0,8,19,a0,0,0,5,4,0,0
106975,1,400,0,0,8,1,0,6c,0,0,0,0,0
106988,0,300,0,0,8,3,5a,64,5a,64,0,64,27
106989,0,301,0,0,3,b8,7,0
107012,0,404,0,0,2,4a,0
107013,1,405,0,0,8,4a,0,0,0,1c,0,0,0
107034,1,201,0,0,6,32,0,0,0,62,0
107038,0,300,0,0,8,3,5a,64,5a,64,0,64,b8
107039,0,301,0,0,3,80,8,0
107042,0,404,0,0,2,2,30
107043,1,405,0,0,7,2,30,0,3,0,0,0
107046,1,203,0,0,8,cd,5,0,0,0,0,0,0
107056,1,401,0,0,8,19,a0,0,0,5,4,0,0
107072,0,404,0,0,2,44,0
107073,1,405,0,0,6,44,0,0,0,48,46
107076,1,400,0,0,8,1,0,6c,0,0,0,0,0
107088,0,300,0,0,8,3,5a,64,5a,64,0,64,a9
107089,0,301,0,0,3,88,9,0
107102,0,404,0,0,2,1,0
107103,1,405,0,0,8,1,0,0,0,0,4,6,4
107132,0,404,0,0,2,a3,1
107133,1,405,0,0,5,a3,1,0,0,6
107134,1,201,0,0,6,32,0,0,0,62,0
107138,0,300,0,0,8,3,5a,64,5a,64,0,64,ba
107139,0,301,0,0,3,c6,a,0
107146,1,203,0,0,8,10,6,0,0,0,0,0,0
107156,1,401,0,0,8,f,a0,0,0,d6,3,0,0
107162,0,404,0,0,2,20,0
107163,1,405,0,0,8,20,0,0,0,32,31,31,46
107176,1,400,0,0,8,1,0,6c,0,0,0,0,0
107188,0,300,0,0,8,3,5a,64,5a,64,0,64,ab
107189,0,301,0,0,3,43,b,0
107192,0,404,0,0,2,21,0
107193,1,405,0,0,8,21,0,0,0,46,56,41,31
107222,0,404,0,0,2,22,0
107223,1,405,0,0,8,22,0,0,0,30,30,31,32
107234,1,201,0,0,6,32,0,0,0,62,0
107236,1,403,0,0,8,63,0,0,0,20,e2,9,0
107238,0,300,0,0,8,3,5a,64,5a,64,0,64,bc
107239,0,301,0,0,3,b5,c,0
107246,1,203,0,0,8,2e,6,0,0,0,0,0,0
107252,0,404,0,0,2,23,0
107253,1,405,0,0,8,23,0,0,0,38,30,30,30
107256,1,401,0,0,8,f,a0,0,0,d6,3,0,0
107276,1,400,0,0,8,1,0,6c,0,0,0,0,0
107282,0,404,0,0,2,24,0
107283,1,405,0,0,8,24,0,0,0,30,30,30,30
107288,0,300,0,0,8,3,5a,64,5a,64,0,64,ad
107289,0,301,0,0,3,4e,d,0
107312,0,404,0,0,2,25,0
107313,1,405,0,0,8,25,0,0,0,30,30,30,30
107334,1,201,0,0,6,32,0,0,0,62,0
107338,0,300,0,0,8,3,5a,64,5a,64,0,64,be
107339,0,301,0,0,3,1d,e,0
107342,0,404,0,0,2,26,0
107343,1,405,0,0,8,26,0,0,0,30,30,30,30
107346,1,203,0,0,8,65,6,0,0,0,0,0,0
107356,1,401,0,0,8,11,a0,0,0,d6,3,0,0
107372,0,404,0,0,2,27,0
107373,1,405,0,0,6,27,0,0,0,30,30
107376,1,400,0,0,8,1,0,6c,0,0,0,0,0
107388,0,300,0,0,8,3,5a,64,5a,64,0,64,af
107389,0,301,0,0,3,e8,f,0
107402,0,404,0,0,2,4c,0
107403,1,405,0,0,8,4c,0,0,0,10,24,0,0
107432,0,404,0,0,2,46,0
107433,1,405,0,0,5,46,0,0,0,0
107434,1,201,0,0,6,32,0,0,0,62,0
107438,0,300,0,0,8,3,5a,64,5a,64,0,64,30
107439,0,301,0,0,3,e2,0,0
107446,1,203,0,0,8,70,6,0,0,0,0,0,0
107456,1,401,0,0,8,11,a0,0,0,d4,3,0,0
107462,0,404,0,0,2,4d,0
107463,1,405,0,0,8,4d,0,0,0,0,0,0,0
107476,1,400,0,0,8,1,0,6c,0,0,0,0,0
107488,0,300,0,0,8,3,5a,64,5a,64,0,64,21
107489,0,301,0,0,3,b3,1,0
107492,0,404,0,0,2,50,0
107493,1,405,0,0,8,50,0,0,0,9e,0,a0,0
107522,0,404,0,0,2,2,0
107523,1,405,0,0,8,2,0,0,0,53,49,43,54
107534,1,201,0,0,6,32,0,0,0,62,0
107538,0,300,0,0,8,3,5a,64,5a,64,0,64,32
107539,0,301,0,0,3,6b,2,0
107546,1,203,0,0,8,8c,6,0,0,0,0,0,0
107556,1,401,0,0,8,11,a0,0,0,d4,3,0,0
107576,1,400,0,0,8,1,0,6c,0,0,0,0,0
107588,0,300,0,0,8,3,5a,64,5a,64,0,64,23
107589,0,301,0,0,3,96,3,0
107634,1,201,0,0,6,26,2,0,0,62,0
107638,0,300,0,0,8,3,5a,64,5a,64,0,64,34
107639,0,301,0,0,3,3,4,0
107646,1,203,0,0,8,93,6,0,0,0,0,0,0
107656,1,401,0,0,8,66,a0,0,0,1a,2,0,0
107676,1,400,0,0,8,1,0,6c,0,0,0,0,0
107688,0,300,0,0,8,3,5a,64,5a,64,0,64,25
107689,0,301,0,0,3,54,5,0
107734,1,201,0,0,6,26,2,0,0,62,0
107736,1,402,0,0,8,64,0,0,0,4,e0,9,0
107737,0,300,0,0,8,3,5a,64,5a,64,0,64,36
107738,0,301,0,0,3,f5,6,0
107746,1,203,0,0,8,90,6,0,0,0,0,0,0
107756,1,401,0,0,8,66,a0,0,0,1a,2,0,0
107776,1,400,0,0,8,1,0,6c,0,0,0,0,0
107788,0,300,0,0,8,3,5a,64,5a,64,0,64,27
107789,0,301,0,0,3,b8,7,0
107834,1,201,0,0,6,26,2,0,0,62,0
107838,0,300,0,0,8,3,5a,64,5a,64,0,64,b8
107839,0,301,0,0,3,80,8,0
107846,1,203,0,0,8,81,6,0,0,0,0,0,0
107856,1,401,0,0,8,68,a0,0,0,1a,2,0,0
107858,1,204,0,0,8,0,0,0,0,0,0,0,0
107870,1,202,0,0,8,e2,17,0,0,ca,fd,1a,0
107876,1,400,0,0,8,1,0,4c,0,0,0,0,0
107888,0,300,0,0,8,3,5a,64,5a,64,0,64,a9
107889,0,301,0,0,3,88,9,0
107934,1,201,0,0,6,26,2,0,0,62,0
107938,0,300,0,0,8,3,5a,64,5a,64,0,64,ba
107939,0,301,0,0,3,c6,a,0
107946,1,203,0,0,8,de,5,0,0,0,0,0,0
107956,1,401,0,0,8,68,a0,0,0,56,0,0,0
107976,1,400,0,0,8,1,0,4c,0,0,0,0,0
107988,0,300,0,0,8,3,5a,64,5a,64,0,64,ab
107989,0,301,0,0,3,43,b,0
108034,1,201,0,0,6,26,2,0,0,62,0
108038,0,300,0,0,8,3,5a,64,5a,64,0,64,bc
108039,0,301,0,0,3,b5,c,0
108046,1,203,0,0,8,dc,5,0,0,0,0,0,0
108057,1,401,0,0,8,68,a0,0,0,56,0,0,0
108077,1,400,0,0,8,1,0,4c,0,0,0,0,0
108088,0,300,0,0,8,3,5a,64,5a,64,0,64,ad
108089,0,301,0,0,3,4e,d,0
108134,1,201,0,0,6,26,2,0,0,62,0
108138,0,300,0,0,8,3,5a,64,5a,64,0,64,be
108139,0,301,0,0,3,1d,e,0
108146,1,203,0,0,8,d9,5,0,0,0,0,0,0
108157,1,401,0,0,8,66,a0,0,0,57,0,0,0
108177,1,400,0,0,8,1,0,4c,0,0,0,0,0
108188,0,300,0,0,8,3,5a,64,5a,64,0,64,af
108189,0,301,0,0,3,e8,f,0
108234,1,201,0,0,6,26,2,9a,1,62,0
108237,1,403,0,0,8,63,0,0,0,20,e2,9,0
108238,0,300,0,0,8,3,5a,64,5a,64,0,64,30
108238,0,301,0,0,3,e2,0,0
108246,1,203,0,0,8,21,5,a0,c,8,0,0,0
108257,1,401,0,0,8,66,a0,0,0,57,0,0,0
108277,1,400,0,0,8,1,0,4c,0,0,0,0,0
108288,0,300,0,0,8,3,5a,64,5a,64,0,64,21
108289,0,301,0,0,3,b3,1,0
108334,1,201,0,0,6,26,2,90,1,62,0
108338,0,300,0,0,8,3,5a,64,5a,64,0,64,32
108339,0,301,0,0,3,6b,2,0
108346,1,203,0,0,8,26,5,34,e,9,0,0,0
108357,1,401,0,0,8,60,a0,0,0,57,0,0,0
108377,1,400,0,0,8,1,0,4c,0,0,0,0,0
108388,0,300,0,0,8,3,5a,64,5a,64,0,64,23
108389,0,301,0,0,3,96,3,0
108434,1,201,0,0,6,26,2,ae,1,62,0
108438,0,300,0,0,8,3,5a,64,5a,64,0,64,34
108439,0,301,0,0,3,3,4,0
108446,1,203,0,0,8,36,5,a8,10,9,0,0,0
108457,1,401,0,0,8,60,a0,0,0,6b,0,0,0
108477,1,400,0,0,8,1,0,4c,0,0,0,0,0
108488,0,300,0,0,8,3,5a,64,5a,64,0,64,25
108489,0,301,0,0,3,54,5,0
108534,1,201,0,0,6,26,2,4a,1,62,0
108538,0,300,0,0,8,3,5a,64,5a,64,0,64,36
108539,0,301,0,0,3,f5,6,0
108546,1,203,0,0,8,78,5,a8,9c,6,0,0,0
108557,1,401,0,0,8,60,a0,0,0,6b,0,0,0
108577,1,400,0,0,8,1,0,4c,0,0,0,0,0
108588,0,300,0,0,8,3,5a,64,5a,64,0,64,27
108589,0,301,0,0,3,b8,7,0
108634,1,201,0,0,6,26,2,c8,0,62,0
108638,0,300,0,0,8,3,5a,64,5a,64,0,64,b8
108639,0,301,0,0,3,80,8,0
108646,1,203,0,0,8,b3,5,40,f,5,0,0,0
108657,1,401,0,0,8,55,9f,0,0,97,4,0,0
108677,1,400,0,0,8,1,0,6c,0,0,0,0,0
108688,0,300,0,0,8,3,5a,64,5a,64,0,64,a9
108689,0,301,0,0,3,88,9,0
108734,1,201,0,0,6,26,2,aa,0,62,0
108737,1,402,0,0,8,64,0,0,0,4,e0,9,0
108738,0,300,0,0,8,3,5a,64,5a,64,0,64,ba
108739,0,301,0,0,3,c6,a,0
108746,1,203,0,0,8,21,6,48,3c,4,0,0,0
108757,1,401,0,0,8,55,9f,0,0,97,4,0,0
108777,1,400,0,0,8,1,0,6c,0,0,0,0,0
108788,0,300,0,0,8,3,5a,64,5a,64,0,64,ab
108789,0,301,0,0,3,43,b,0
108834,1,201,0,0,6,26,2,0,0,62,0
108838,0,300,0,0,8,3,5a,64,5a,64,0,64,bc
108839,0,301,0,0,3,b5,c,0
108846,1,203,0,0,8,52,6,0,0,0,0,0,0
108857,1,401,0,0,8,b4,9f,0,0,97,4,0,0
108858,1,204,0,0,8,0,0,0,0,0,0,0,0
108870,1,202,0,0,8,e2,13,0,0,ca,fd,1a,0
108877,1,400,0,0,8,1,0,6c,0,0,0,0,0
108888,0,300,0,0,8,3,5a,64,5a,64,0,64,ad
108889,0,301,0,0,3,4e,d,0
108934,1,201,0,0,6,26,2,0,0,62,0
108938,0,300,0,0,8,3,5a,64,5a,64,0,64,be
108939,0,301,0,0,3,1d,e,0
108946,1,203,0,0,8,a4,6,0,0,0,0,0,0
108958,1,401,0,0,8,b4,9f,0,0,21,a,0,0
108978,1,400,0,0,8,1,0,6c,0,0,0,0,0
108988,0,300,0,0,8,3,5a,64,5a,64,0,64,af
108989,0,301,0,0,3,e8,f,0
109034,1,201,0,0,6,26,2,0,0,62,0
109038,0,300,0,0,8,3,5a,64,5a,64,0,64,30
109039,0,301,0,0,3,e2,0,0
109046,1,203,0,0,8,c8,6,0,0,0,0,0,0
109058,1,401,0,0,8,b4,9f,0,0,21,a,0,0
109078,1,400,0,0,8,1,0,6c,0,0,0,0,0
109088,0,300,0,0,8,3,5a,64,5a,64,0,64,21
109089,0,301,0,0,3,b3,1,0
109134,1,201,0,0,6,8,2,0,0,62,0
109138,0,300,0,0,8,3,5a,64,5a,64,0,64,32
109139,0,301,0,0,3,6b,2,0
109146,1,203,0,0,8,3,7,0,0,0,0,0,0
109158,1,401,0,0,8,f,a0,0,0,66,5,0,0
109178,1,400,0,0,8,1,0,6c,0,0,0,0,0
109188,0,300,0,0,8,3,5a,64,5a,64,0,64,23
109189,0,301,0,0,3,96,3,0
109234,1,201,0,0,6,8,2,0,0,62,0
109238,1,403,0,0,8,63,0,0,0,20,e2,9,0
109238,0,300,0,0,8,3,5a,64,5a,64,0,64,34
109239,0,301,0,0,3,3,4,0
109246,1,203,0,0,8,1d,7,0,0,0,0,0,0
109258,1,401,0,0,8,f,a0,0,0,66,5,0,0
109278,1,400,0,0,8,1,0,6c,0,0,0,0,0
109288,0,300,0,0,8,3,5a,64,5a,64,0,64,25
109289,0,301,0,0,3,54,5,0
109334,1,201,0,0,6,8,2,0,0,62,0
109338,0,300,0,0,8,3,5a,64,5a,64,0,64,36
109339,0,301,0,0,3,f5,6,0
109346,1,203,0,0,8,39,7,0,0,0,0,0,0
109358,1,401,0,0,8,f,a0,0,0,66,5,0,0
109378,1,400,0,0,8,1,0,6c,0,0,0,0,0
109388,0,300,0,0,8,3,5a,64,5a,64,0,64,27
109389,0,301,0,0,3,b8,7,0
109434,1,201,0,0,6,8,2,0,0,62,0
109438,0,300,0,0,8,3,5a,64,5a,64,0,64,b8
109439,0,301,0,0,3,80,8,0
109447,1,203,0,0,8,4c,7,0,0,0,0,0,0
109458,1,401,0,0,8,f,a0,0,0,d7,3,0,0
109478,1,400,0,0,8,1,0,6c,0,0,0,0,0
109488,0,300,0,0,8,3,5a,64,5a,64,0,64,a9
109489,0,301,0,0,3,88,9,0
109534,1,201,0,0,6,2a,8,0,0,62,0
109538,0,300,0,0,8,3,5a,64,5a,64,0,64,ba
109539,0,301,0,0,3,c6,a,0
109547,1,203,0,0,8,50,7,0,0,0,0,0,0
109558,1,401,0,0,8,f,a0,0,0,d7,3,0,0
109578,1,400,0,0,8,1,0,6c,0,0,0,0,0
109588,0,300,0,0,8,3,5a,64,5a,64,0,64,ab
109589,0,301,0,0,3,43,b,0
109634,1,201,0,0,6,2a,8,0,0,62,0
109638,0,300,0,0,8,3,5a,64,5a,64,0,64,bc
109639,0,301,0,0,3,b5,c,0
109647,1,203,0,0,8,5b,7,0,0,0,0,0,0
109658,1,401,0,0,8,d,a0,0,0,d6,3,0,0
109678,1,400,0,0,8,1,0,6c,0,0,0,0,0
109688,0,300,0,0,8,3,5a,64,5a,64,0,64,ad
109689,0,301,0,0,3,4e,d,0
109734,1,201,0,0,6,2a,8,0,0,62,0
109738,0,300,0,0,8,3,5a,64,5a,64,0,64,be
109739,1,402,0,0,8,64,0,0,0,4,e0,9,0
109739,0,301,0,0,3,1d,e,0
109747,1,203,0,0,8,61,7,0,0,0,0,0,0
109758,1,401,0,0,8,d,a0,0,0,d6,3,0,0
109778,1,400,0,0,8,1,0,6c,0,0,0,0,0
109788,0,300,0,0,8,3,5a,64,5a,64,0,64,af
109789,0,301,0,0,3,e8,f,0
109834,1,201,0,0,6,2a,8,0,0,62,0
109838,0,300,0,0,8,3,5a,64,5a,64,0,64,30
109839,0,301,0,0,3,e2,0,0
109847,1,203,0,0,8,64,7,0,0,0,0,0,0
109858,1,401,0,0,8,5e,a0,0,0,d6,3,0,0
109859,1,204,0,0,8,0,0,0,0,0,0,0,0
109871,1,202,0,0,8,e2,14,0,0,cf,fd,1a,0
109879,1,400,0,0,8,1,0,6c,0,0,0,0,0
109882,1,666,0,0,8,52,8,1,5,52,57,12,44
109888,0,300,0,0,8,3,5a,64,5a,64,0,64,21
109889,0,301,0,0,3,b3,1,0
109895,1,665,0,0,8,0,0,0,53,4c,18,53,0
109907,1,200,0,0,8,64,0,4,e0,9,0,1,0
109934,1,201,0,0,6,2a,8,0,0,62,0
109938,0,300,0,0,8,3,5a,64,5a,64,0,64,32
109939,0,301,0,0,3,6b,2,0
109947,1,203,0,0,8,57,7,0,0,0,0,0,0
109959,1,401,0,0,8,5e,a0,0,0,79,3,0,0
109979,1,400,0,0,8,1,0,6c,0,0,0,0,0
109988,0,300,0,0,8,3,5a,64,5a,64,0,64,23
109989,0,301,0,0,3,96,3,0
110034,1,201,0,0,6,46,5,0,0,62,0
110038,0,300,0,0,8,3,5a,64,5a,64,0,64,34
110039,0,301,0,0,3,3,4,0
110047,1,203,0,0,8,7b,6,0,0,0,0,0,0
110059,1,401,0,0,8,5e,a0,0,0,79,3,0,0
110079,1,400,0,0,8,1,0,6c,0,0,0,0,0
110088,0,300,0,0,8,3,5a,64,5a,64,0,64,25
110089,0,301,0,0,3,54,5,0
110134,1,201,0,0,6,46,5,0,0,62,0
110138,0,300,0,0,8,3,5a,64,5a,64,0,64,36
110139,0,301,0,0,3,f5,6,0
110147,1,203,0,0,8,79,6,0,0,0,0,0,0
110159,1,401,0,0,8,62,a0,0,0,da,0,0,0
110179,1,400,0,0,8,1,0,4c,0,0,0,0,0
110188,0,300,0,0,8,3,5a,64,5a,64,0,64,27
110189,0,301,0,0,3,b8,7,0
110234,1,201,0,0,6,e8,3,0,0,62,0
110238,0,300,0,0,8,3,5a,64,5a,64,0,64,b8
110239,1,403,0,0,8,63,0,0,0,20,e2,9,0
110239,0,301,0,0,3,80,8,0
110247,1,203,0,0,8,6d,6,0,0,0,0,0,0
110259,1,401,0,0,8,62,a0,0,0,da,0,0,0
110279,1,400,0,0,8,1,0,4c,0,0,0,0,0
110288,0,300,0,0,8,3,5a,64,5a,64,0,64,a9
110289,0,301,0,0,3,88,9,0
110335,1,201,0,0,6,e8,3,0,0,62,0
110338,0,300,0,0,8,3,5a,64,5a,64,0,64,ba
110339,0,301,0,0,3,c6,a,0
110347,1,203,0,0,8,55,6,0,0,0,0,0,0
110359,1,401,0,0,8,64,a0,0,0,da,0,0,0
110379,1,400,0,0,8,1,0,4c,0,0,0,0,0
110388,0,300,0,0,8,3,5a,64,5a,64,0,64,ab
110389,0,301,0,0,3,43,b,0
110435,1,201,0,0,6,20,3,0,0,62,0
110438,0,300,0,0,8,3,5a,64,5a,64,0,64,bc
110439,0,301,0,0,3,b5,c,0
110447,1,203,0,0,8,bd,5,0,0,0,0,0,0
110459,1,401,0,0,8,64,a0,0,0,55,0,0,0
110479,1,400,0,0,8,1,0,4c,0,0,0,0,0
110488,0,300,0,0,8,3,5a,64,5a,64,0,64,ad
110489,0,301,0,0,3,4e,d,0
110535,1,201,0,0,6,da,2,0,0,62,0
110538,0,300,0,0,8,3,5a,64,5a,64,0,64,be
110539,0,301,0,0,3,1d,e,0
110547,1,203,0,0,8,b4,5,0,0,0,0,0,0
110559,1,401,0,0,8,64,a0,0,0,55,0,0,0
110579,1,400,0,0,8,1,0,4c,0,0,0,0,0
110588,0,300,0,0,8,3,5a,64,5a,64,0,64,af
110589,0,301,0,0,3,e8,f,0
110635,1,201,0,0,6,da,2,0,0,62,0
110638,0,300,0,0,8,3,5a,64,5a,64,0,64,30
110639,0,301,0,0,3,e2,0,0
110647,1,203,0,0,8,ab,5,0,0,0,0,0,0
110659,1,401,0,0,8,64,a0,0,0,56,0,0,0
110679,1,400,0,0,8,1,0,4c,0,0,0,0,0
110688,0,300,0,0,8,3,5a,64,5a,64,0,64,21
110689,0,301,0,0,3,b3,1,0
110735,1,201,0,0,6,da,2,0,0,62,0
110738,0,300,0,0,8,3,5a,64,5a,64,0,64,32
110739,0,301,0,0,3,6b,2,0
110739,1,402,0,0,8,64,0,0,0,4,e0,9,0
110747,1,203,0,0,8,f3,4,0,0,0,0,0,0
110759,1,401,0,0,8,64,a0,0,0,56,0,0,0
110779,1,400,0,0,8,1,0,4c,0,0,0,0,0
110788,0,300,0,0,8,3,5a,64,5a,64,0,64,23
110789,0,301,0,0,3,96,3,0
110835,1,201,0,0,6,da,2,0,0,62,0
110838,0,300,0,0,8,3,5a,64,5a,64,0,64,34
110839,0,301,0,0,3,3,4,0
110847,1,203,0,0,8,f2,4,0,0,0,0,0,0
110859,1,204,0,0,8,0,0,0,0,0,0,0,0
110860,1,401,0,0,8,66,a0,0,0,56,0,0,0
110871,1,202,0,0,8,e2,14,0,0,d1,fd,1a,0
110880,1,400,0,0,8,1,0,4c,0,0,0,0,0
110888,0,300,0,0,8,3,5a,64,5a,64,0,64,25
110889,0,301,0,0,3,54,5,0
110935,1,201,0,0,6,da,2,0,0,62,0
110938,0,300,0,0,8,3,5a,64,5a,64,0,64,36
110939,0,301,0,0,3,f5,6,0
110947,1,203,0,0,8,e8,4,0,0,0,0,0,0
110960,1,401,0,0,8,66,a0,0,0,56,0,0,0
110980,1,400,0,0,8,1,0,4c,0,0,0,0,0
110988,0,300,0,0,8,3,5a,64,5a,64,0,64,27
110989,0,301,0,0,3,b8,7,0
111035,1,201,0,0,6,da,2,0,0,62,0
111038,0,300,0,0,8,3,5a,64,5a,64,0,64,b8
111039,0,301,0,0,3,80,8,0
111047,1,203,0,0,8,d2,4,0,0,0,0,0,0
111060,1,401,0,0,8,66,a0,0,0,56,0,0,0
111080,1,400,0,0,8,1,0,4c,0,0,0,0,0
111088,0,300,0,0,8,3,5a,64,5a,64,0,64,a9
111089,0,301,0,0,3,88,9,0
111135,1,201,0,0,6,da,2,a4,1,62,0
111138,0,300,0,0,8,3,5a,64,5a,64,0,64,ba
111139,0,301,0,0,3,c6,a,0
111147,1,203,0,0,8,f,4,3c,1,7,0,0,0
111160,1,401,0,0,8,64,a0,0,0,56,0,0,0
111180,1,400,0,0,8,1,0,4c,0,0,0,0,0
111188,0,300,0,0,8,3,5a,64,5a,64,0,64,ab
111189,0,301,0,0,3,43,b,0
111235,1,201,0,0,6,da,2,b8,1,62,0
111238,0,300,0,0,8,3,5a,64,5a,64,0,64,bc
111239,0,301,0,0,3,b5,c,0
111240,1,403,0,0,8,63,0,0,0,20,e2,9,0
111247,1,203,0,0,8,14,4,f0,2a,7,0,0,0
111260,1,401,0,0,8,64,a0,0,0,56,0,0,0
111280,1,400,0,0,8,1,0,4c,0,0,0,0,0
111288,0,300,0,0,8,3,5a,64,5a,64,0,64,ad
111289,0,301,0,0,3,4e,d,0
111335,1,201,0,0,6,da,2,44,2,62,0
111338,0,300,0,0,8,3,5a,64,5a,64,0,64,be
111339,0,301,0,0,3,1d,e,0
111347,1,203,0,0,8,23,4,e4,ef,9,0,0,0
111360,1,401,0,0,8,e7,9f,0,0,56,0,0,0
111380,1,400,0,0,8,1,0,4c,0,0,0,0,0
111388,0,300,0,0,8,3,5a,64,5a,64,0,64,af
111389,0,301,0,0,3,e8,f,0
111435,1,201,0,0,6,da,2,b8,1,62,0
111438,0,300,0,0,8,3,5a,64,5a,64,0,64,30
111439,0,301,0,0,3,e2,0,0
111447,1,203,0,0,8,69,4,b8,6a,7,0,0,0
111460,1,401,0,0,8,e7,9f,0,0,24,1,0,0
111480,1,400,0,0,8,1,0,4c,0,0,0,0,0
111488,0,300,0,0,8,3,5a,64,5a,64,0,64,21
111489,0,301,0,0,3,b3,1,0
111535,1,201,0,0,6,da,2,22,1,62,0
111538,0,300,0,0,8,3,5a,64,5a,64,0,64,32
111539,0,301,0,0,3,6b,2,0
111547,1,203,0,0,8,b5,4,10,53,6,0,0,0
111560,1,401,0,0,8,e7,9f,0,0,24,1,0,0
111580,1,400,0,0,8,1,0,4c,0,0,0,0,0
111588,0,300,0,0,8,3,5a,64,5a,64,0,64,23
111589,0,301,0,0,3,96,3,0
111635,1,201,0,0,6,da,2,e,1,62,0
111638,0,300,0,0,8,3,5a,64,5a,64,0,64,34
111639,0,301,0,0,3,3,4,0
111647,1,203,0,0,8,54,5,28,b1,5,0,0,0
111660,1,401,0,0,8,f,9f,0,0,1b,9,0,0
111680,1,400,0,0,8,1,0,6c,0,0,0,0,0
111688,0,300,0,0,8,3,5a,64,5a,64,0,64,25
111689,0,301,0,0,3,54,5,0
111735,1,201,0,0,6,da,2,0,0,62,0
111738,0,300,0,0,8,3,5a,64,5a,64,0,64,36
111739,0,301,0,0,3,f5,6,0
111740,1,402,0,0,8,64,0,0,0,4,e0,9,0
111747,1,203,0,0,8,4,6,0,0,0,0,0,0
111760,1,401,0,0,8,f,9f,0,0,1b,9,0,0
111780,1,400,0,0,8,1,0,6c,0,0,0,0,0
111788,0,300,0,0,8,3,5a,64,5a,64,0,64,27
111789,0,301,0,0,3,b8,7,0
111835,1,201,0,0,6,62,2,0,0,62,0
111838,0,300,0,0,8,3,5a,64,5a,64,0,64,b8
111839,0,301,0,0,3,80,8,0
111847,1,203,0,0,8,49,6,0,0,0,0,0,0
111859,1,204,0,0,8,0,0,0,0,0,0,0,0
111861,1,401,0,0,8,aa,9f,0,0,1b,9,0,0
111871,1,202,0,0,8,e2,13,0,0,d1,fd,1a,0
111881,1,400,0,0,8,1,0,6c,0,0,0,0,0
111888,0,300,0,0,8,3,5a,64,5a,64,0,64,a9
111889,0,301,0,0,3,88,9,0
111935,1,201,0,0,6,62,2,0,0,62,0
111938,0,300,0,0,8,3,5a,64,5a,64,0,64,ba
111939,0,301,0,0,3,c6,a,0
111947,1,203,0,0,8,be,6,0,0,0,0,0,0
111961,1,401,0,0,8,aa,9f,0,0,73,c,0,0
111981,1,400,0,0,8,1,0,6c,0,0,0,0,0
111988,0,300,0,0,8,3,5a,64,5a,64,0,64,ab
111989,0,301,0,0,3,43,b,0
112035,1,201,0,0,6,12,2,0,0,62,0
112038,0,300,0,0,8,3,5a,64,5a,64,0,64,bc
112039,0,301,0,0,3,b5,c,0
112047,1,203,0,0,8,ed,6,0,0,0,0,0,0
112061,1,401,0,0,8,aa,9f,0,0,73,c,0,0
112081,1,400,0,0,8,1,0,6c,0,0,0,0,0
112088,0,300,0,0,8,3,5a,64,5a,64,0,64,ad
112089,0,301,0,0,3,4e,d,0
112135,1,201,0,0,6,ea,1,0,0,62,0
112138,0,300,0,0,8,3,5a,64,5a,64,0,64,be
112139,0,301,0,0,3,1d,e,0
112147,1,203,0,0,8,46,7,0,0,0,0,0,0
112161,1,401,0,0,8,9,a0,0,0,8f,5,0,0
112181,1,400,0,0,8,1,0,6c,0,0,0,0,0
112188,0,300,0,0,8,3,5a,64,5a,64,0,64,af
112189,0,301,0,0,3,e8,f,0
112235,1,201,0,0,6,ea,1,0,0,62,0
112238,0,300,0,0,8,3,5a,64,5a,64,0,64,30
112239,0,301,0,0,3,e2,0,0
112241,1,403,0,0,8,63,0,0,0,20,e2,9,0
112247,1,203,0,0,8,6d,7,0,0,0,0,0,0
112261,1,401,0,0,8,9,a0,0,0,8f,5,0,0
112281,1,400,0,0,8,1,0,6c,0,0,0,0,0
112288,0,300,0,0,8,3,5a,64,5a,64,0,64,21
112289,0,301,0,0,3,b3,1,0
112335,1,201,0,0,6,ea,1,54,1,62,0
112338,0,300,0,0,8,3,5a,64,5a,64,0,64,32
112339,0,301,0,0,3,6b,2,0
112347,1,203,0,0,8,b4,7,0,6d,a,0,0,0
112361,1,401,0,0,8,d3,9f,0,0,8f,5,0,0
112381,1,400,0,0,8,1,0,6c,0,0,0,0,0
112388,0,300,0,0,8,3,5a,64,5a,64,0,64,23
112389,0,301,0,0,3,96,3,0
112435,1,201,0,0,6,38,9,86,1,62,0
112438,0,300,0,0,8,3,5a,64,5a,64,0,64,34
112439,0,301,0,0,3,3,4,0
112447,1,203,0,0,8,de,7,50,62,b,0,0,0
112461,1,401,0,0,8,d3,9f,0,0,9,4,0,0
112481,1,400,0,0,8,1,0,6c,0,0,0,0,0
112488,0,300,0,0,8,3,5a,64,5a,64,0,64,25
112489,0,301,0,0,3,54,5,0
112535,1,201,0,0,6,38,9,54,1,62,0
112538,0,300,0,0,8,3,5a,64,5a,64,0,64,36
112539,0,301,0,0,3,f5,6,0
112547,1,203,0,0,8,48,8,14,bd,b,0,0,0
112561,1,401,0,0,8,d3,9f,0,0,9,4,0,0
112581,1,400,0,0,8,1,0,6c,0,0,0,0,0
112588,0,300,0,0,8,3,5a,64,5a,64,0,64,27
112589,0,301,0,0,3,b8,7,0
112635,1,201,0,0,6,38,9,0,0,62,0
112638,0,300,0,0,8,3,5a,64,5a,64,0,64,b8
112639,0,301,0,0,3,80,8,0
112647,1,203,0,0,8,c6,8,0,0,0,0,0,0
112661,1,401,0,0,8,9,9f,0,0,f9,8,0,0
112681,1,400,0,0,8,1,0,6c,0,0,0,0,0
112688,0,300,0,0,8,3,5a,64,5a,64,0,64,a9
112689,0,301,0,0,3,88,9,0
112735,1,201,0,0,6,38,9,0,0,62,0
112738,0,300,0,0,8,3,5a,64,5a,64,0,64,ba
112739,0,301,0,0,3,c6,a,0
112741,1,402,0,0,8,64,0,0,0,e0,df,9,0
112747,1,203,0,0,8,f0,8,0,0,0,0,0,0
112761,1,401,0,0,8,9,9f,0,0,f9,8,0,0
112782,1,400,0,0,8,1,0,6c,0,0,0,0,0
112788,0,300,0,0,8,3,5a,64,5a,64,0,64,ab
112789,0,301,0,0,3,43,b,0
112835,1,201,0,0,6,38,9,0,0,62,0
112838,0,300,0,0,8,3,5a,64,5a,64,0,64,bc
112839,0,301,0,0,3,b5,c,0
112847,1,203,0,0,8,40,9,0,0,0,0,0,0
112859,1,204,0,0,8,0,0,0,0,0,0,0,0
112862,1,401,0,0,8,d,a0,0,0,f9,8,0,0
112871,1,202,0,0,8,e2,16,0,0,d5,fd,1a,0
112882,1,400,0,0,8,1,0,6c,0,0,0,0,0
112883,1,666,0,0,8,52,8,1,5,52,57,12,44
112888,0,300,0,0,8,3,5a,64,5a,64,0,64,ad
112889,0,301,0,0,3,4e,d,0
112895,1,665,0,0,8,0,0,0,53,4c,18,53,0
112907,1,200,0,0,8,64,0,e0,df,9,0,2,0
112935,1,201,0,0,6,b4,5,0,0,62,0
112938,0,300,0,0,8,3,5a,64,5a,64,0,64,be
112939,0,301,0,0,3,1d,e,0
112947,1,203,0,0,8,57,9,0,0,0,0,0,0
112962,1,401,0,0,8,d,a0,0,0,71,a,0,0
112982,1,400,0,0,8,1,0,6c,0,0,0,0,0
112988,0,300,0,0,8,3,5a,64,5a,64,0,64,af
112989,0,301,0,0,3,e8,f,0
113035,1,201,0,0,6,b4,5,0,0,62,0
113038,0,300,0,0,8,3,5a,64,5a,64,0,64,30
113039,0,301,0,0,3,e2,0,0
113047,1,203,0,0,8,77,9,0,0,0,0,0,0
113062,1,401,0,0,8,d,a0,0,0,71,a,0,0
113082,1,400,0,0,8,1,0,6c,0,0,0,0,0
113088,0,300,0,0,8,3,5a,64,5a,64,0,64,21
113089,0,301,0,0,3,b3,1,0
113135,1,201,0,0,6,74,4,d6,1,62,0
113138,0,300,0,0,8,3,5a,64,5a,64,0,64,32
113139,0,301,0,0,3,6b,2,0
113147,1,203,0,0,8,8b,9,0,0,0,0,0,0
113162,1,401,0,0,8,9,a0,0,0,28,4,0,0
113182,1,400,0,0,8,1,0,6c,0,0,0,0,0
113188,0,300,0,0,8,3,5a,64,5a,64,0,64,23
113189,0,301,0,0,3,96,3,0
113235,1,201,0,0,6,74,4,d0,2,62,0
113238,0,300,0,0,8,3,5a,64,5a,64,0,64,34
113239,0,301,0,0,3,3,4,0
113242,1,403,0,0,8,63,0,0,0,20,e2,9,0
113247,1,203,0,0,8,c5,9,34,ae,1c,0,0,0
113262,1,401,0,0,8,9,a0,0,0,28,4,0,0
113282,1,400,0,0,8,1,0,6c,0,0,0,0,0
113288,0,300,0,0,8,3,5a,64,5a,64,0,64,25
113289,0,301,0,0,3,54,5,0
113335,1,201,0,0,6,74,4,c6,2,62,0
113338,0,300,0,0,8,3,5a,64,5a,64,0,64,36
113339,0,301,0,0,3,f5,6,0
113347,1,203,0,0,8,50,a,a0,83,1d,0,0,0
113362,1,401,0,0,8,a0,9e,0,0,28,4,0,0
113382,1,400,0,0,8,1,0,6c,0,0,0,0,0
113388,0,300,0,0,8,3,5a,64,5a,64,0,64,27
113389,0,301,0,0,3,b8,7,0
113435,1,201,0,0,6,cc,b,f4,1,62,0
113438,0,300,0,0,8,3,5a,64,5a,64,0,64,b8
113439,0,301,0,0,3,80,8,0
113447,1,203,0,0,8,7d,a,20,65,13,0,0,0
113462,1,401,0,0,8,a0,9e,0,0,af,7,0,0
113482,1,400,0,0,8,1,0,6c,0,0,0,0,0
113488,0,300,0,0,8,3,5a,64,5a,64,0,64,a9
113489,0,301,0,0,3,88,9,0
113535,1,201,0,0,6,cc,b,86,1,62,0
113538,0,300,0,0,8,3,5a,64,5a,64,0,64,ba
113539,0,301,0,0,3,c6,a,0
113547,1,203,0,0,8,be,a,3c,d1,10,0,0,0
113562,1,401,0,0,8,a0,9e,0,0,af,7,0,0
113582,1,400,0,0,8,1,0,6c,0,0,0,0,0
113588,0,300,0,0,8,3,5a,64,5a,64,0,64,ab
113589,0,301,0,0,3,43,b,0
113635,1,201,0,0,6,cc,b,c2,1,62,0
113638,0,300,0,0,8,3,5a,64,5a,64,0,64,bc
113639,0,301,0,0,3,b5,c,0
113647,1,203,0,0,8,d2,a,48,f4,12,0,0,0
113662,1,401,0,0,8,56,a0,0,0,a1,9,0,0
113682,1,400,0,0,8,1,0,6c,0,0,0,0,0
113688,0,300,0,0,8,3,5a,64,5a,64,0,64,ad
113689,0,301,0,0,3,4e,d,0
113735,1,201,0,0,6,cc,b,7c,1,62,0
113738,0,300,0,0,8,3,5a,64,5a,64,0,64,be
113739,0,301,0,0,3,1d,e,0
113743,1,402,0,0,8,64,0,0,0,e0,df,9,0
113747,1,203,0,0,8,f5,a,38,4f,10,0,0,0
113763,1,401,0,0,8,56,a0,0,0,a1,9,0,0
113783,1,400,0,0,8,1,0,6c,0,0,0,0,0
113788,0,300,0,0,8,3,5a,64,5a,64,0,64,af
113790,0,301,0,0,3,e8,f,0
113835,1,201,0,0,6,a4,6,40,1,62,0
113838,0,300,0,0,8,3,5a,64,5a,64,0,64,30
113839,0,301,0,0,3,e2,0,0
113847,1,203,0,0,8,f4,a,60,de,f,0,0,0
113859,1,204,0,0,8,0,0,0,0,0,0,0,0
113863,1,401,0,0,8,5a,a0,0,0,a1,9,0,0
113871,1,202,0,0,8,e2,14,0,0,d9,fd,1a,0
113883,1,400,0,0,8,1,0,4c,0,0,0,0,0
113888,0,300,0,0,8,3,5a,64,5a,64,0,64,21
113889,0,301,0,0,3,b3,1,0
113935,1,201,0,0,6,a4,6,ae,1,62,0
113938,0,300,0,0,8,3,5a,64,5a,64,0,64,32
113939,0,301,0,0,3,6b,2,0
113947,1,203,0,0,8,2,b,60,de,f,0,0,0
113963,1,401,0,0,8,5a,a0,0,0,57,0,0,0
113983,1,400,0,0,8,1,0,4c,0,0,0,0,0
113988,0,300,0,0,8,3,5a,64,5a,64,0,64,23
113989,0,301,0,0,3,96,3,0
114035,1,201,0,0,6,0,5,ea,1,62,0
114038,0,300,0,0,8,3,5a,64,5a,64,0,64,34
114039,0,301,0,0,3,3,4,0
114047,1,203,0,0,8,8,b,70,6b,17,0,0,0
114063,1,401,0,0,8,5a,a0,0,0,57,0,0,0
114083,1,400,0,0,8,1,0,4c,0,0,0,0,0
114088,0,300,0,0,8,3,5a,64,5a,64,0,64,25
114089,0,301,0,0,3,54,5,0
114135,1,201,0,0,6,0,5,cc,1,62,0
114138,0,300,0,0,8,3,5a,64,5a,64,0,64,36
114139,0,301,0,0,3,f5,6,0
114147,1,203,0,0,8,14,b,24,f8,16,0,0,0
114163,1,401,0,0,8,d7,9f,0,0,ae,1,0,0
114183,1,400,0,0,8,1,0,6c,0,0,0,0,0
114188,0,300,0,0,8,3,5a,64,5a,64,0,64,27
114189,0,301,0,0,3,b8,7,0
114235,1,201,0,0,6,0,5,2c,1,62,0
114238,0,300,0,0,8,3,5a,64,5a,64,0,64,b8
114239,0,301,0,0,3,80,8,0
114243,1,403,0,0,8,63,0,0,0,20,e2,9,0
114247,1,203,0,0,8,5a,b,80,f5,b,0,0,0
114263,1,401,0,0,8,d7,9f,0,0,ae,1,0,0
114283,1,400,0,0,8,1,0,6c,0,0,0,0,0
114288,0,300,0,0,8,3,5a,64,5a,64,0,64,a9
114289,0,301,0,0,3,88,9,0
114335,1,201,0,0,6,0,5,dc,0,62,0
114338,0,300,0,0,8,3,5a,64,5a,64,0,64,ba
114339,0,301,0,0,3,c6,a,0
114347,1,203,0,0,8,8a,b,a8,73,8,0,0,0
114363,1,401,0,0,8,e8,9e,0,0,ae,1,0,0
114383,1,400,0,0,8,1,0,6c,0,0,0,0,0
114388,0,300,0,0,8,3,5a,64,5a,64,0,64,ab
114389,0,301,0,0,3,43,b,0
114435,1,201,0,0,6,0,5,0,0,62,0
114438,0,300,0,0,8,3,5a,64,5a,64,0,64,bc
114439,0,301,0,0,3,b5,c,0
114447,1,203,0,0,8,ce,b,0,0,0,0,0,0
114463,1,401,0,0,8,e8,9e,0,0,7f,a,0,0
114483,1,400,0,0,8,1,0,6c,0,0,0,0,0
114488,0,300,0,0,8,3,5a,64,5a,64,0,64,ad
114489,0,301,0,0,3,4e,d,0
114535,1,201,0,0,6,0,5,0,0,62,0
114538,0,300,0,0,8,3,5a,64,5a,64,0,64,be
114539,0,301,0,0,3,1d,e,0
114547,1,203,0,0,8,ed,b,0,0,0,0,0,0
114563,1,401,0,0,8,e8,9e,0,0,7f,a,0,0
114583,1,400,0,0,8,1,0,6c,0,0,0,0,0
114588,0,300,0,0,8,3,5a,64,5a,64,0,64,af
114589,0,301,0,0,3,e8,f,0
114635,1,201,0,0,6,0,5,0,0,62,0
114638,0,300,0,0,8,3,5a,64,5a,64,0,64,30
114639,0,301,0,0,3,e2,0,0
114647,1,203,0,0,8,a,c,0,0,0,0,0,0
114664,1,401,0,0,8,f9,9f,0,0,10,b,0,0
114684,1,400,0,0,8,1,0,6c,0,0,0,0,0
114688,0,300,0,0,8,3,5a,64,5a,64,0,64,21
114689,0,301,0,0,3,b3,1,0
114735,1,201,0,0,6,0,5,0,0,62,0
114738,0,300,0,0,8,3,5a,64,5a,64,0,64,32
114739,0,301,0,0,3,6b,2,0
114744,1,402,0,0,8,64,0,0,0,bc,df,9,0
114747,1,203,0,0,8,1a,c,0,0,0,0,0,0
114764,1,401,0,0,8,f9,9f,0,0,10,b,0,0
114784,1,400,0,0,8,1,0,6c,0,0,0,0,0
114788,0,300,0,0,8,3,5a,64,5a,64,0,64,23
114789,0,301,0,0,3,96,3,0
114835,1,201,0,0,6,c0,3,0,0,62,0
114838,0,300,0,0,8,3,5a,64,5a,64,0,64,34
114839,0,301,0,0,3,3,4,0
114847,1,203,0,0,8,25,c,0,0,0,0,0,0
114859,1,204,0,0,8,0,0,0,0,0,0,0,0
114864,1,401,0,0,8,f1,9f,0,0,10,b,0,0
114871,1,202,0,0,8,e2,17,0,0,de,fd,1a,0
114884,1,400,0,0,8,1,0,6c,0,0,0,0,0
114888,0,300,0,0,8,3,5a,64,5a,64,0,64,25
114889,0,301,0,0,3,54,5,0
114935,1,201,0,0,6,c0,3,0,0,62,0
114938,0,300,0,0,8,3,5a,64,5a,64,0,64,36
114939,0,301,0,0,3,f5,6,0
114947,1,203,0,0,8,1c,c,0,0,0,0,0,0
114964,1,401,0,0,8,f1,9f,0,0,5f,4,0,0
114984,1,400,0,0,8,1,0,6c,0,0,0,0,0
114988,0,300,0,0,8,3,5a,64,5a,64,0,64,27
114989,0,301,0,0,3,b8,7,0
115035,1,201,0,0,6,c0,3,0,0,62,0
115038,0,300,0,0,8,3,5a,64,5a,64,0,64,b8
115039,0,301,0,0,3,80,8,0
115047,1,203,0,0,8,13,c,0,0,0,0,0,0
115064,1,401,0,0,8,f1,9f,0,0,5f,4,0,0
115084,1,400,0,0,8,1,0,6c,0,0,0,0,0
115088,0,300,0,0,8,3,5a,64,5a,64,0,64,a9
115089,0,301,0,0,3,88,9,0
115135,1,201,0,0,6,c0,3,0,0,62,0
115138,0,300,0,0,8,3,5a,64,5a,64,0,64,ba
115139,0,301,0,0,3,c6,a,0
115147,1,203,0,0,8,6,c,0,0,0,0,0,0
115164,1,401,0,0,8,f9,9f,0,0,dc,3,0,0
115184,1,400,0,0,8,1,0,6c,0,0,0,0,0
115188,0,300,0,0,8,3,5a,64,5a,64,0,64,ab
115189,0,301,0,0,3,43,b,0
115235,1,201,0,0,6,c0,3,0,0,62,0
115238,0,300,0,0,8,3,5a,64,5a,64,0,64,bc
115239,0,301,0,0,3,b5,c,0
115244,1,403,0,0,8,63,0,0,0,20,e2,9,0
115247,1,203,0,0,8,f8,b,0,0,0,0,0,0
115264,1,401,0,0,8,f9,9f,0,0,dc,3,0,0
115284,1,400,0,0,8,1,0,6c,0,0,0,0,0
115288,0,300,0,0,8,3,5a,64,5a,64,0,64,ad
115289,0,301,0,0,3,4e,d,0
115335,1,201,0,0,6,c0,3,0,0,62,0
115338,0,300,0,0,8,3,5a,64,5a,64,0,64,be
115339,0,301,0,0,3,1d,e,0
115347,1,203,0,0,8,e5,b,0,0,0,0,0,0
115364,1,401,0,0,8,5,a0,0,0,dc,3,0,0
115384,1,400,0,0,8,1,0,6c,0,0,0,0,0
115388,0,300,0,0,8,3,5a,64,5a,64,0,64,af
115389,0,301,0,0,3,e8,f,0
115435,1,201,0,0,6,c0,3,0,0,62,0
115438,0,300,0,0,8,3,5a,64,5a,64,0,64,30
115439,0,301,0,0,3,e2,0,0
115447,1,203,0,0,8,cd,b,0,0,0,0,0,0
115464,1,401,0,0,8,5,a0,0,0,d8,3,0,0
115484,1,400,0,0,8,1,0,6c,0,0,0,0,0
115488,0,300,0,0,8,3,5a,64,5a,64,0,64,21
115489,0,301,0,0,3,b3,1,0
115535,1,201,0,0,6,c0,3,0,0,62,0
115538,0,300,0,0,8,3,5a,64,5a,64,0,64,32
115539,0,301,0,0,3,6b,2,0
115547,1,203,0,0,8,91,a,0,0,0,0,0,0
115564,1,401,0,0,8,5,a0,0,0,d8,3,0,0
115584,1,400,0,0,8,1,0,6c,0,0,0,0,0
115588,0,300,0,0,8,3,5a,64,5a,64,0,64,23
115589,0,301,0,0,3,96,3,0
115635,1,201,0,0,6,84,3,0,0,62,0
115638,0,300,0,0,8,3,5a,64,5a,64,0,64,34
115639,0,301,0,0,3,3,4,0
115647,1,203,0,0,8,9f,a,0,0,0,0,0,0
115665,1,401,0,0,8,58,a0,0,0,94,2,0,0
115685,1,400,0,0,8,1,0,6c,0,0,0,0,0
115688,0,300,0,0,8,3,5a,64,5a,64,0,64,25
115689,0,301,0,0,3,54,5,0
115735,1,201,0,0,6,84,3,0,0,62,0
115738,0,300,0,0,8,3,5a,64,5a,64,0,64,36
115739,0,301,0,0,3,f5,6,0
115745,1,402,0,0,8,64,0,0,0,bc,df,9,0
115747,1,203,0,0,8,9a,a,0,0,0,0,0,0
115765,1,401,0,0,8,58,a0,0,0,94,2,0,0
115785,1,400,0,0,8,1,0,6c,0,0,0,0,0
115788,0,300,0,0,8,3,5a,64,5a,64,0,64,27
115789,0,301,0,0,3,b8,7,0
115835,1,201,0,0,6,84,3,0,0,62,0
115838,0,300,0,0,8,3,5a,64,5a,64,0,64,b8
115839,0,301,0,0,3,80,8,0
115847,1,203,0,0,8,8a,a,0,0,0,0,0,0
115859,1,204,0,0,8,0,0,0,0,0,0,0,0
115865,1,401,0,0,8,58,a0,0,0,94,2,0,0
115871,1,202,0,0,8,e2,15,0,0,e0,fd,1a,0
115883,1,666,0,0,8,52,8,1,5,52,57,12,44
115885,1,400,0,0,8,1,0,4c,0,0,0,0,0
115888,0,300,0,0,8,3,5a,64,5a,64,0,64,a9
115889,0,301,0,0,3,88,9,0
115895,1,665,0,0,8,0,0,0,53,4c,18,53,0
115907,1,200,0,0,8,64,0,bc,df,9,0,0,0
115935,1,201,0,0,6,aa,a,0,0,62,0
115938,0,300,0,0,8,3,5a,64,5a,64,0,64,ba
115939,0,301,0,0,3,c6,a,0
115947,1,203,0,0,8,76,a,0,0,0,0,0,0
115965,1,401,0,0,8,58,a0,0,0,5f,0,0,0
115985,1,400,0,0,8,1,0,4c,0,0,0,0,0
115988,0,300,0,0,8,3,5a,64,5a,64,0,64,ab
115989,0,301,0,0,3,43,b,0
116035,1,201,0,0,6,aa,a,9a,1,62,0
116038,0,300,0,0,8,3,5a,64,5a,64,0,64,bc
116039,0,301,0,0,3,b5,c,0
116047,1,203,0,0,8,56,a,70,49,11,0,0,0
116065,1,401,0,0,8,58,a0,0,0,5f,0,0,0
116085,1,400,0,0,8,1,0,4c,0,0,0,0,0
116088,0,300,0,0,8,3,5a,64,5a,64,0,64,ad
116089,0,301,0,0,3,4e,d,0
116135,1,201,0,0,6,aa,a,68,1,62,0
116138,0,300,0,0,8,3,5a,64,5a,64,0,64,be
116139,0,301,0,0,3,1d,e,0
116147,1,203,0,0,8,63,9,60,6a,d,0,0,0
116165,1,401,0,0,8,58,a0,0,0,56,0,0,0
116185,1,400,0,0,8,1,0,4c,0,0,0,0,0
116188,0,300,0,0,8,3,5a,64,5a,64,0,64,af
116189,0,301,0,0,3,e8,f,0
116235,1,201,0,0,6,aa,a,4a,1,62,0
116238,0,300,0,0,8,3,5a,64,5a,64,0,64,30
116239,0,301,0,0,3,e2,0,0
116245,1,403,0,0,8,63,0,0,0,20,e2,9,0
116247,1,203,0,0,8,62,9,60,6a,d,0,0,0
116265,1,401,0,0,8,58,a0,0,0,56,0,0,0
116285,1,400,0,0,8,1,0,4c,0,0,0,0,0
116288,0,300,0,0,8,3,5a,64,5a,64,0,64,21
116289,0,301,0,0,3,b3,1,0
116335,1,201,0,0,6,aa,a,0,0,62,0
116338,0,300,0,0,8,3,5a,64,5a,64,0,64,32
116339,0,301,0,0,3,6b,2,0
116347,1,203,0,0,8,54,9,80,f5,b,0,0,0
116365,1,401,0,0,8,58,a0,0,0,56,0,0,0
116385,1,400,0,0,8,1,0,4c,0,0,0,0,0
116388,0,300,0,0,8,3,5a,64,5a,64,0,64,23
116389,0,301,0,0,3,96,3,0
116435,1,201,0,0,6,40,6,0,0,62,0
116438,0,300,0,0,8,3,5a,64,5a,64,0,64,34
116439,0,301,0,0,3,3,4,0
116447,1,203,0,0,8,4a,9,0,0,0,0,0,0
116465,1,401,0,0,8,58,a0,0,0,56,0,0,0
116485,1,400,0,0,8,1,0,4c,0,0,0,0,0
116488,0,300,0,0,8,3,5a,64,5a,64,0,64,25
116489,0,301,0,0,3,54,5,0
116535,1,201,0,0,6,40,6,0,0,62,0
116538,0,300,0,0,8,3,5a,64,5a,64,0,64,36
116539,0,301,0,0,3,f5,6,0
116547,1,203,0,0,8,49,8,60,6a,d,0,0,0
116566,1,401,0,0,8,58,a0,0,0,56,0,0,0
116586,1,400,0,0,8,1,0,4c,0,0,0,0,0
116588,0,300,0,0,8,3,5a,64,5a,64,0,64,27
116589,0,301,0,0,3,b8,7,0
116635,1,201,0,0,6,6a,4,3a,2,62,0
116638,0,300,0,0,8,3,5a,64,5a,64,0,64,b8
116639,0,301,0,0,3,80,8,0
116647,1,203,0,0,8,4b,8,f8,c4,10,0,0,0
116666,1,401,0,0,8,5a,a0,0,0,56,0,0,0
116686,1,400,0,0,8,1,0,4c,0,0,0,0,0
116688,0,300,0,0,8,3,5a,64,5a,64,0,64,a9
116689,0,301,0,0,3,88,9,0
116735,1,201,0,0,6,f2,3,90,1,62,0
116738,0,300,0,0,8,3,5a,64,5a,64,0,64,ba
116739,0,301,0,0,3,c6,a,0
116746,1,402,0,0,8,64,0,0,0,bc,df,9,0
116747,1,203,0,0,8,4b,8,60,6a,d,0,0,0
116766,1,401,0,0,8,5a,a0,0,0,56,0,0,0
116786,1,400,0,0,8,1,0,4c,0,0,0,0,0
116788,0,300,0,0,8,3,5a,64,5a,64,0,64,ab
116789,0,301,0,0,3,43,b,0
116835,1,201,0,0,6,f2,3,2c,1,62,0
116838,0,300,0,0,8,3,5a,64,5a,64,0,64,bc
116839,0,301,0,0,3,b5,c,0
116847,1,203,0,0,8,58,8,a4,65,a,0,0,0
116859,1,204,0,0,8,0,0,0,0,0,0,0,0
116866,1,401,0,0,8,d5,9f,0,0,56,0,0,0
116871,1,202,0,0,8,e2,15,0,0,e4,fd,1a,0
116886,1,400,0,0,8,1,0,6c,0,0,0,0,0
116888,0,300,0,0,8,3,5a,64,5a,64,0,64,ad
116889,0,301,0,0,3,4e,d,0
116935,1,201,0,0,6,f2,3,22,1,62,0
116938,0,300,0,0,8,3,5a,64,5a,64,0,64,be
116939,0,301,0,0,3,1d,e,0
116947,1,203,0,0,8,82,8,70,50,9,0,0,0
116966,1,401,0,0,8,d5,9f,0,0,68,1,0,0
116986,1,400,0,0,8,1,0,6c,0,0,0,0,0
116988,0,300,0,0,8,3,5a,64,5a,64,0,64,af
116989,0,301,0,0,3,e8,f,0
117002,0,404,0,0,2,4a,0
117003,1,405,0,0,8,4a,0,0,0,1c,0,0,0
117032,0,404,0,0,2,2,30
117033,1,405,0,0,7,2,30,0,3,0,0,0
117035,1,201,0,0,6,f2,3,0,0,62,0
117038,0,300,0,0,8,3,5a,64,5a,64,0,64,30
117039,0,301,0,0,3,e2,0,0
117048,1,203,0,0,8,a0,8,70,50,9,0,0,0
117062,0,404,0,0,2,44,0
117063,1,405,0,0,6,44,0,0,0,48,46
117066,1,401,0,0,8,d5,9f,0,0,68,1,0,0
117086,1,400,0,0,8,1,0,6c,0,0,0,0,0
117088,0,300,0,0,8,3,5a,64,5a,64,0,64,21
117089,0,301,0,0,3,b3,1,0
117092,0,404,0,0,2,1,0
117093,1,405,0,0,8,1,0,0,0,0,4,6,4
117122,0,404,0,0,2,a3,1
117123,1,405,0,0,5,a3,1,0,0,6
117135,1,201,0,0,6,f2,3,0,0,62,0
117138,0,300,0,0,8,3,5a,64,5a,64,0,64,32
117139,0,301,0,0,3,6b,2,0
117148,1,203,0,0,8,dc,8,0,0,0,0,0,0
117152,0,404,0,0,2,20,0
117153,1,405,0,0,8,20,0,0,0,32,31,31,46
117166,1,401,0,0,8,78,9f,0,0,99,7,0,0
117182,0,404,0,0,2,21,0
117183,1,405,0,0,8,21,0,0,0,46,56,41,31
117186,1,400,0,0,8,1,0,6c,0,0,0,0,0
117187,0,300,0,0,8,3,5a,64,5a,64,0,64,23
117188,0,301,0,0,3,96,3,0
117212,0,404,0,0,2,22,0
117213,1,405,0,0,8,22,0,0,0,30,30,31,32
117235,1,201,0,0,6,f2,3,0,0,62,0
117238,0,300,0,0,8,3,5a,64,5a,64,0,64,34
117239,0,301,0,0,3,3,4,0
117242,0,404,0,0,2,23,0
117243,1,405,0,0,8,23,0,0,0,38,30,30,30
117246,1,403,0,0,8,63,0,0,0,20,e2,9,0
117248,1,203,0,0,8,eb,8,0,0,0,0,0,0
117266,1,401,0,0,8,78,9f,0,0,99,7,0,0
117272,0,404,0,0,2,24,0
117273,1,405,0,0,8,24,0,0,0,30,30,30,30
117286,1,400,0,0,8,1,0,6c,0,0,0,0,0
117288,0,300,0,0,8,3,5a,64,5a,64,0,64,25
117288,0,301,0,0,3,54,5,0
117302,0,404,0,0,2,25,0
117303,1,405,0,0,8,25,0,0,0,30,30,30,30
117332,0,404,0,0,2,26,0
117333,1,405,0,0,8,26,0,0,0,30,30,30,30
117335,1,201,0,0,6,f2,3,0,0,62,0
117338,0,300,0,0,8,3,5a,64,5a,64,0,64,36
117339,0,301,0,0,3,f5,6,0
117348,1,203,0,0,8,8,9,0,0,0,0,0,0
117362,0,404,0,0,2,27,0
117363,1,405,0,0,6,27,0,0,0,30,30
117366,1,401,0,0,8,1,a0,0,0,99,7,0,0
117387,1,400,0,0,8,1,0,6c,0,0,0,0,0
117388,0,300,0,0,8,3,5a,64,5a,64,0,64,27
117388,0,301,0,0,3,b8,7,0
117392,0,404,0,0,2,4c,0
117393,1,405,0,0,8,4c,0,0,0,10,24,0,0
117422,0,404,0,0,2,46,0
117423,1,405,0,0,5,46,0,0,0,0
117435,1,201,0,0,6,f2,3,0,0,62,0
117438,0,300,0,0,8,3,5a,64,5a,64,0,64,b8
117439,0,301,0,0,3,80,8,0
117448,1,203,0,0,8,23,9,0,0,0,0,0,0
117452,0,404,0,0,2,4d,0
117453,1,405,0,0,8,4d,0,0,0,0,0,0,0
117467,1,401,0,0,8,1,a0,0,0,19,6,0,0
117482,0,404,0,0,2,50,0
117483,1,405,0,0,8,50,0,0,0,9e,0,a0,0
117487,1,400,0,0,8,1,0,6c,0,0,0,0,0
117488,0,300,0,0,8,3,5a,64,5a,64,0,64,a9
117488,0,301,0,0,3,88,9,0
117512,0,404,0,0,2,2,0
117513,1,405,0,0,8,2,0,0,0,53,49,43,54
117535,1,201,0,0,6,f2,3,0,0,62,0
117538,0,300,0,0,8,3,5a,64,5a,64,0,64,ba
117539,0,301,0,0,3,c6,a,0
117548,1,203,0,0,8,27,9,0,0,0,0,0,0
117567,1,401,0,0,8,1,a0,0,0,19,6,0,0
117587,1,400,0,0,8,1,0,6c,0,0,0,0,0
117588,0,300,0,0,8,3,5a,64,5a,64,0,64,ab
117588,0,301,0,0,3,43,b,0
117636,1,201,0,0,6,20,3,0,0,62,0
117638,0,300,0,0,8,3,5a,64,5a,64,0,64,bc
117639,0,301,0,0,3,b5,c,0
117648,1,203,0,0,8,38,9,0,0,0,0,0,0
117667,1,401,0,0,8,fd,9f,0,0,d4,3,0,0
117687,1,400,0,0,8,1,0,6c,0,0,0,0,0
117688,0,300,0,0,8,3,5a,64,5a,64,0,64,ad
117688,0,301,0,0,3,4e,d,0
117736,1,201,0,0,6,da,2,0,0,62,0
117738,0,300,0,0,8,3,5a,64,5a,64,0,64,be
117739,0,301,0,0,3,1d,e,0
117747,1,402,0,0,8,64,0,0,0,bc,df,9,0
117748,1,203,0,0,8,3b,9,0,0,0,0,0,0
117767,1,401,0,0,8,fd,9f,0,0,d4,3,0,0
117787,1,400,0,0,8,1,0,6c,0,0,0,0,0
117788,0,300,0,0,8,3,5a,64,5a,64,0,64,af
117788,0,301,0,0,3,e8,f,0
117836,1,201,0,0,6,da,2,0,0,62,0
117838,0,300,0,0,8,3,5a,64,5a,64,0,64,30
117839,0,301,0,0,3,e2,0,0
117848,1,203,0,0,8,3e,9,0,0,0,0,0,0
117860,1,204,0,0,8,0,0,0,0,0,0,0,0
117867,1,401,0,0,8,ff,9f,0,0,d4,3,0,0
117872,1,202,0,0,8,e2,15,0,0,e6,fd,1a,0
117887,1,400,0,0,8,1,0,6c,0,0,0,0,0
117888,0,300,0,0,8,3,5a,64,5a,64,0,64,21
117889,0,301,0,0,3,b3,1,0
117936,1,201,0,0,6,da,2,0,0,62,0
117938,0,300,0,0,8,3,5a,64,5a,64,0,64,32
117939,0,301,0,0,3,6b,2,0
117948,1,203,0,0,8,3d,9,0,0,0,0,0,0
117967,1,401,0,0,8,ff,9f,0,0,d3,3,0,0
117987,1,400,0,0,8,1,0,6c,0,0,0,0,0
117988,0,300,0,0,8,3,5a,64,5a,64,0,64,23
117989,0,301,0,0,3,96,3,0
118035,1,201,0,0,6,da,2,0,0,62,0
118038,0,300,0,0,8,3,5a,64,5a,64,0,64,34
118039,0,301,0,0,3,3,4,0
118048,1,203,0,0,8,46,9,0,0,0,0,0,0
118067,1,401,0,0,8,ff,9f,0,0,d3,3,0,0
118087,1,400,0,0,8,1,0,6c,0,0,0,0,0
118088,0,300,0,0,8,3,5a,64,5a,64,0,64,25
118089,0,301,0,0,3,54,5,0
118136,1,201,0,0,6,da,2,4,1,62,0
118138,0,300,0,0,8,3,5a,64,5a,64,0,64,36
118139,0,301,0,0,3,f5,6,0
118148,1,203,0,0,8,2f,9,d4,95,b,0,0,0
118167,1,401,0,0,8,54,a0,0,0,99,3,0,0
118187,1,400,0,0,8,1,0,6c,0,0,0,0,0
118189,0,300,0,0,8,3,5a,64,5a,64,0,64,27
118189,0,301,0,0,3,b8,7,0
118236,1,201,0,0,6,da,2,54,1,62,0
118238,0,300,0,0,8,3,5a,64,5a,64,0,64,b8
118239,0,301,0,0,3,80,8,0
118247,1,403,0,0,8,63,0,0,0,20,e2,9,0
118248,1,203,0,0,8,2e,9,2c,55,c,0,0,0
118267,1,401,0,0,8,54,a0,0,0,99,3,0,0
118287,1,400,0,0,8,1,0,6c,0,0,0,0,0
118289,0,300,0,0,8,3,5a,64,5a,64,0,64,a9
118289,0,301,0,0,3,88,9,0
118336,1,201,0,0,6,da,2,0,0,62,0
118338,0,300,0,0,8,3,5a,64,5a,64,0,64,ba
118339,0,301,0,0,3,c6,a,0
118348,1,203,0,0,8,1d,9,0,0,0,0,0,0
118368,1,401,0,0,8,c7,9f,0,0,99,3,0,0
118388,1,400,0,0,8,1,0,6c,0,0,0,0,0
118389,0,300,0,0,8,3,5a,64,5a,64,0,64,ab
118389,0,301,0,0,3,43,b,0
118436,1,201,0,0,6,da,2,0,0,62,0
118438,0,300,0,0,8,3,5a,64,5a,64,0,64,bc
118439,0,301,0,0,3,b5,c,0
118448,1,203,0,0,8,1f,9,0,0,0,0,0,0
118468,1,401,0,0,8,c7,9f,0,0,e,2,0,0
118488,1,400,0,0,8,1,0,6c,0,0,0,0,0
118489,0,300,0,0,8,3,5a,64,5a,64,0,64,ad
118489,0,301,0,0,3,4e,d,0
118536,1,201,0,0,6,da,2,0,0,62,0
118538,0,300,0,0,8,3,5a,64,5a,64,0,64,be
118539,0,301,0,0,3,1d,e,0
118548,1,203,0,0,8,d,9,0,0,0,0,0,0
118568,1,401,0,0,8,c7,9f,0,0,e,2,0,0
118588,1,400,0,0,8,1,0,6c,0,0,0,0,0
118588,0,300,0,0,8,3,5a,64,5a,64,0,64,af
118589,0,301,0,0,3,e8,f,0
118636,1,201,0,0,6,da,2,0,0,62,0
118638,0,300,0,0,8,3,5a,64,5a,64,0,64,30
118639,0,301,0,0,3,e2,0,0
118648,1,203,0,0,8,e,9,0,0,0,0,0,0
118668,1,401,0,0,8,3,a0,0,0,52,5,0,0
118688,1,400,0,0,8,1,0,6c,0,0,0,0,0
118688,0,300,0,0,8,3,5a,64,5a,64,0,64,21
118689,0,301,0,0,3,b3,1,0
118736,1,201,0,0,6,da,2,0,0,62,0
118738,0,300,0,0,8,3,5a,64,5a,64,0,64,32
118739,0,301,0,0,3,6b,2,0
118748,1,203,0,0,8,5,9,0,0,0,0,0,0
118748,1,402,0,0,8,64,0,0,0,98,df,9,0
118768,1,401,0,0,8,3,a0,0,0,52,5,0,0
118788,1,400,0,0,8,1,0,6c,0,0,0,0,0
118788,0,300,0,0,8,3,5a,64,5a,64,0,64,23
118789,0,301,0,0,3,96,3,0
118836,1,201,0,0,6,bc,2,0,0,62,0
118838,0,300,0,0,8,3,5a,64,5a,64,0,64,34
118839,0,301,0,0,3,3,4,0
118848,1,203,0,0,8,3,9,0,0,0,0,0,0
118860,1,204,0,0,8,0,0,0,0,0,0,0,0
118868,1,401,0,0,8,3,a0,0,0,52,5,0,0
118872,1,202,0,0,8,e2,15,0,0,e6,fd,1a,0
118884,1,666,0,0,8,52,8,1,5,52,57,12,44
118888,1,400,0,0,8,1,0,6c,0,0,0,0,0
118888,0,300,0,0,8,3,5a,64,5a,64,0,64,25
118889,0,301,0,0,3,54,5,0
118896,1,665,0,0,8,0,0,0,53,4c,18,53,0
118908,1,200,0,0,8,64,0,98,df,9,0,1,0
118936,1,201,0,0,6,bc,2,0,0,62,0
118938,0,300,0,0,8,3,5a,64,5a,64,0,64,36
118939,0,301,0,0,3,f5,6,0
118948,1,203,0,0,8,f7,8,0,0,0,0,0,0
118968,1,401,0,0,8,3,a0,0,0,e8,3,0,0
118988,1,400,0,0,8,1,0,6c,0,0,0,0,0
118988,0,300,0,0,8,3,5a,64,5a,64,0,64,27
118989,0,301,0,0,3,b8,7,0
119036,1,201,0,0,6,bc,2,0,0,62,0
119038,0,300,0,0,8,3,5a,64,5a,64,0,64,b8
119039,0,301,0,0,3,80,8,0
119048,1,203,0,0,8,e5,8,0,0,0,0,0,0
119068,1,401,0,0,8,3,a0,0,0,e8,3,0,0
119088,1,400,0,0,8,1,0,6c,0,0,0,0,0
119089,0,300,0,0,8,3,5a,64,5a,64,0,64,a9
119089,0,301,0,0,3,88,9,0
119136,1,201,0,0,6,bc,2,0,0,62,0
119138,0,300,0,0,8,3,5a,64,5a,64,0,64,ba
119139,0,301,0,0,3,c6,a,0
119148,1,203,0,0,8,e1,8,0,0,0,0,0,0
119168,1,401,0,0,8,fd,9f,0,0,d5,3,0,0
119188,0,300,0,0,8,3,5a,64,5a,64,0,64,ab
119189,1,400,0,0,8,1,0,6c,0,0,0,0,0
119190,0,301,0,0,3,43,b,0
119236,1,201,0,0,6,6,9,0,0,62,0
119238,0,300,0,0,8,3,5a,64,5a,64,0,64,bc
119239,0,301,0,0,3,b5,c,0
119248,1,203,0,0,8,db,8,0,0,0,0,0,0
119249,1,403,0,0,8,63,0,0,0,20,e2,9,0
119269,1,401,0,0,8,fd,9f,0,0,d5,3,0,0
119288,0,300,0,0,8,3,5a,64,5a,64,0,64,ad
119289,1,400,0,0,8,1,0,6c,0,0,0,0,0
119290,0,301,0,0,3,4e,d,0
119336,1,201,0,0,6,6,9,0,0,62,0
119338,0,300,0,0,8,3,5a,64,5a,64,0,64,be
119339,0,301,0,0,3,1d,e,0
119348,1,203,0,0,8,d7,8,0,0,0,0,0,0
119369,1,401,0,0,8,f5,9f,0,0,d5,3,0,0
119388,0,300,0,0,8,3,5a,64,5a,64,0,64,af
119389,1,400,0,0,8,1,0,6c,0,0,0,0,0
119390,0,301,0,0,3,e8,f,0
119436,1,201,0,0,6,6,9,0,0,62,0
119438,0,300,0,0,8,3,5a,64,5a,64,0,64,30
119439,0,301,0,0,3,e2,0,0
119448,1,203,0,0,8,bb,8,0,0,0,0,0,0
119469,1,401,0,0,8,f5,9f,0,0,d3,3,0,0
119488,0,300,0,0,8,3,5a,64,5a,64,0,64,21
119489,1,400,0,0,8,1,0,6c,0,0,0,0,0
119489,0,301,0,0,3,b3,1,0
119536,1,201,0,0,6,6,9,0,0,62,0
119538,0,300,0,0,8,3,5a,64,5a,64,0,64,32
119539,0,301,0,0,3,6b,2,0
119548,1,203,0,0,8,ac,8,0,0,0,0,0,0
119569,1,401,0,0,8,f5,9f,0,0,d3,3,0,0
119588,0,300,0,0,8,3,5a,64,5a,64,0,64,23
119589,1,400,0,0,8,1,0,6c,0,0,0,0,0
119589,0,301,0,0,3,96,3,0
119636,1,201,0,0,6,6,9,0,0,62,0
119638,0,300,0,0,8,3,5a,64,5a,64,0,64,34
119639,0,301,0,0,3,3,4,0
119648,1,203,0,0,8,8a,8,0,0,0,0,0,0
119669,1,401,0,0,8,58,a0,0,0,f1,1,0,0
119688,0,300,0,0,8,3,5a,64,5a,64,0,64,25
119689,1,400,0,0,8,1,0,6c,0,0,0,0,0
119689,0,301,0,0,3,54,5,0
119736,1,201,0,0,6,aa,5,0,0,62,0
119738,0,300,0,0,8,3,5a,64,5a,64,0,64,36
119739,0,301,0,0,3,f5,6,0
119748,1,203,0,0,8,8d,7,0,0,0,0,0,0
119749,1,402,0,0,8,64,0,0,0,98,df,9,0
119769,1,401,0,0,8,58,a0,0,0,f1,1,0,0
119788,0,300,0,0,8,3,5a,64,5a,64,0,64,27
119789,0,301,0,0,3,b8,7,0
119790,1,400,0,0,8,1,0,6c,0,0,0,0,0
119836,1,201,0,0,6,aa,5,0,0,62,0
119838,0,300,0,0,8,3,5a,64,5a,64,0,64,b8
119839,0,301,0,0,3,80,8,0
119848,1,203,0,0,8,86,7,0,0,0,0,0,0
119860,1,204,0,0,8,0,0,0,0,0,0,0,0
119869,1,401,0,0,8,58,a0,0,0,f1,1,0,0
119872,1,202,0,0,8,e2,15,0,0,eb,fd,1a,0
119888,0,300,0,0,8,3,5a,64,5a,64,0,64,a9
119889,0,301,0,0,3,88,9,0
119890,1,400,0,0,8,1,0,4c,0,0,0,0,0
119936,1,201,0,0,6,1a,4,0,0,62,0
119938,0,300,0,0,8,3,5a,64,5a,64,0,64,ba
119939,0,301,0,0,3,c6,a,0
119948,1,203,0,0,8,73,7,0,0,0,0,0,0
119969,1,401,0,0,8,58,a0,0,0,56,0,0,0
119988,0,300,0,0,8,3,5a,64,5a,64,0,64,ab
119989,0,301,0,0,3,43,b,0
119990,1,400,0,0,8,1,0,4c,0,0,0,0,0
120036,1,201,0,0,6,1a,4,86,1,62,0
120038,0,300,0,0,8,3,5a,64,5a,64,0,64,bc
120039,0,301,0,0,3,b5,c,0
120048,1,203,0,0,8,64,7,0,0,0,0,0,0
120069,1,401,0,0,8,58,a0,0,0,56,0,0,0
120088,0,300,0,0,8,3,5a,64,5a,64,0,64,ad
120089,0,301,0,0,3,4e,d,0
120090,1,400,0,0,8,1,0,4c,0,0,0,0,0
120136,1,201,0,0,6,52,3,54,1,62,0
120138,0,300,0,0,8,3,5a,64,5a,64,0,64,be
120139,0,301,0,0,3,1d,e,0
120148,1,203,0,0,8,44,7,80,81,9,0,0,0
120170,1,401,0,0,8,58,a0,0,0,56,0,0,0
120188,0,300,0,0,8,3,5a,64,5a,64,0,64,af
120189,0,301,0,0,3,e8,f,0
120190,1,400,0,0,8,1,0,4c,0,0,0,0,0
120236,1,201,0,0,6,52,3,7c,1,62,0
120238,0,300,0,0,8,3,5a,64,5a,64,0,64,30
120239,0,301,0,0,3,e2,0,0
120248,1,203,0,0,8,6f,6,24,17,a,0,0,0
120250,1,403,0,0,8,63,0,0,0,20,e2,9,0
120270,1,401,0,0,8,58,a0,0,0,56,0,0,0
120288,0,300,0,0,8,3,5a,64,5a,64,0,64,21
120289,0,301,0,0,3,b3,1,0
120290,1,400,0,0,8,1,0,4c,0,0,0,0,0
120336,1,201,0,0,6,52,3,54,1,62,0
120338,0,300,0,0,8,3,5a,64,5a,64,0,64,32
120339,0,301,0,0,3,6b,2,0
120348,1,203,0,0,8,92,6,a0,c,8,0,0,0
120370,1,401,0,0,8,a2,9f,0,0,56,0,0,0
120388,0,300,0,0,8,3,5a,64,5a,64,0,64,23
120389,0,301,0,0,3,96,3,0
120390,1,400,0,0,8,1,0,6c,0,0,0,0,0
120436,1,201,0,0,6,52,3,0,0,62,0
120438,0,300,0,0,8,3,5a,64,5a,64,0,64,34
120439,0,301,0,0,3,3,4,0
120448,1,203,0,0,8,b4,6,0,0,0,0,0,0
120470,1,401,0,0,8,a2,9f,0,0,a0,1,0,0
120488,0,300,0,0,8,3,5a,64,5a,64,0,64,25
120489,0,301,0,0,3,54,5,0
120490,1,400,0,0,8,1,0,6c,0,0,0,0,0
120536,1,201,0,0,6,8a,7,86,1,62,0
120538,0,300,0,0,8,3,5a,64,5a,64,0,64,36
120539,0,301,0,0,3,f5,6,0
120548,1,203,0,0,8,f1,6,0,0,0,0,0,0
120570,1,401,0,0,8,a2,9f,0,0,a0,1,0,0
120588,0,300,0,0,8,3,5a,64,5a,64,0,64,27
120589,0,301,0,0,3,b8,7,0
120590,1,400,0,0,8,1,0,6c,0,0,0,0,0
120636,1,201,0,0,6,8a,7,4a,1,62,0
120638,0,300,0,0,8,3,5a,64,5a,64,0,64,b8
120639,0,301,0,0,3,80,8,0
120648,1,203,0,0,8,3c,7,38,56,8,0,0,0
120670,1,401,0,0,8,3,a0,0,0,c,7,0,0
120688,0,300,0,0,8,3,5a,64,5a,64,0,64,a9
120689,0,301,0,0,3,88,9,0
120690,1,400,0,0,8,1,0,6c,0,0,0,0,0
120736,1,201,0,0,6,8a,7,fa,0,62,0
120738,0,300,0,0,8,3,5a,64,5a,64,0,64,ba
120739,0,301,0,0,3,c6,a,0
120748,1,203,0,0,8,6b,7,14,d5,6,0,0,0
120750,1,402,0,0,8,64,0,0,0,98,df,9,0
120770,1,401,0,0,8,3,a0,0,0,c,7,0,0
120788,0,300,0,0,8,3,5a,64,5a,64,0,64,ab
120789,0,301,0,0,3,43,b,0
120790,1,400,0,0,8,1,0,6c,0,0,0,0,0
120836,1,201,0,0,6,8a,7,0,0,62,0
120838,0,300,0,0,8,3,5a,64,5a,64,0,64,bc
120839,0,301,0,0,3,b5,c,0
120848,1,203,0,0,8,ca,7,0,0,0,0,0,0
120860,1,204,0,0,8,0,0,0,0,0,0,0,0
120870,1,401,0,0,8,62,9f,0,0,c,7,0,0
120872,1,202,0,0,8,e2,16,0,0,ef,fd,1a,0
120888,0,300,0,0,8,3,5a,64,5a,64,0,64,ad
120889,0,301,0,0,3,4e,d,0
120890,1,400,0,0,8,1,0,6c,0,0,0,0,0
120936,1,201,0,0,6,8a,7,22,1,62,0
120938,0,300,0,0,8,3,5a,64,5a,64,0,64,be
120939,0,301,0,0,3,1d,e,0
120948,1,203,0,0,8,f7,7,68,c0,a,0,0,0
120970,1,401,0,0,8,62,9f,0,0,88,7,0,0
120988,0,300,0,0,8,3,5a,64,5a,64,0,64,af
120989,0,301,0,0,3,e8,f,0
120990,1,400,0,0,8,1,0,6c,0,0,0,0,0
121036,1,201,0,0,6,8a,7,54,1,62,0
121038,0,300,0,0,8,3,5a,64,5a,64,0,64,30
121039,0,301,0,0,3,e2,0,0
121048,1,203,0,0,8,6a,8,5c,11,b,0,0,0
121070,1,401,0,0,8,62,9f,0,0,88,7,0,0
121088,0,300,0,0,8,3,5a,64,5a,64,0,64,21
121089,0,301,0,0,3,b3,1,0
121091,1,400,0,0,8,1,0,6c,0,0,0,0,0
121136,1,201,0,0,6,a,5,4a,1,62,0
121138,0,300,0,0,8,3,5a,64,5a,64,0,64,32
121139,0,301,0,0,3,6b,2,0
121148,1,203,0,0,8,a5,8,50,62,b,0,0,0
121171,1,401,0,0,8,4b,9f,0,0,f2,8,0,0
121188,0,300,0,0,8,3,5a,64,5a,64,0,64,23
121190,0,301,0,0,3,96,3,0
121191,1,400,0,0,8,1,0,6c,0,0,0,0,0
121236,1,201,0,0,6,2e,4,0,0,62,0
121238,0,300,0,0,8,3,5a,64,5a,64,0,64,34
121239,0,301,0,0,3,3,4,0
121248,1,203,0,0,8,27,9,0,0,0,0,0,0
121251,1,403,0,0,8,63,0,0,0,20,e2,9,0
121271,1,401,0,0,8,4b,9f,0,0,f2,8,0,0
121288,0,300,0,0,8,3,5a,64,5a,64,0,64,25
121289,0,301,0,0,3,54,5,0
121291,1,400,0,0,8,1,0,6c,0,0,0,0,0
121336,1,201,0,0,6,2e,4,26,2,62,0
121338,0,300,0,0,8,3,5a,64,5a,64,0,64,36
121339,0,301,0,0,3,f5,6,0
121348,1,203,0,0,8,93,9,c0,b2,14,0,0,0
121371,1,401,0,0,8,5,a0,0,0,f2,8,0,0
121388,0,300,0,0,8,3,5a,64,5a,64,0,64,27
121389,0,301,0,0,3,b8,7,0
121391,1,400,0,0,8,1,0,6c,0,0,0,0,0
121436,1,201,0,0,6,2e,4,72,1,62,0
121438,0,300,0,0,8,3,5a,64,5a,64,0,64,b8
121440,0,301,0,0,3,80,8,0
121448,1,203,0,0,8,dc,9,30,4b,f,0,0,0
121471,1,401,0,0,8,5,a0,0,0,42,a,0,0
121488,0,300,0,0,8,3,5a,64,5a,64,0,64,a9
121489,0,301,0,0,3,88,9,0
121491,1,400,0,0,8,1,0,6c,0,0,0,0,0
121536,1,201,0,0,6,2e,4,82,0,62,0
121538,0,300,0,0,8,3,5a,64,5a,64,0,64,ba
121539,0,301,0,0,3,c6,a,0
121548,1,203,0,0,8,60,a,30,7b,5,0,0,0
121571,1,401,0,0,8,5,a0,0,0,42,a,0,0
121588,0,300,0,0,8,3,5a,64,5a,64,0,64,ab
121589,0,301,0,0,3,43,b,0
121591,1,400,0,0,8,1,0,6c,0,0,0,0,0
121636,1,201,0,0,6,2e,4,2c,1,62,0
121638,0,300,0,0,8,3,5a,64,5a,64,0,64,bc
121639,0,301,0,0,3,b5,c,0
121648,1,203,0,0,8,9f,a,34,e,9,0,0,0
121671,1,401,0,0,8,ff,9e,0,0,87,9,0,0
121688,0,300,0,0,8,3,5a,64,5a,64,0,64,ad
121689,0,301,0,0,3,4e,d,0
121691,1,400,0,0,8,1,0,6c,0,0,0,0,0
121736,1,201,0,0,6,2e,4,d6,1,62,0
121738,0,300,0,0,8,3,5a,64,5a,64,0,64,be
121739,0,301,0,0,3,1d,e,0
121748,1,203,0,0,8,7,b,40,9e,15,0,0,0
121751,1,402,0,0,8,64,0,0,0,74,df,9,0
121771,1,401,0,0,8,ff,9e,0,0,87,9,0,0
121788,0,300,0,0,8,3,5a,64,5a,64,0,64,af
121789,0,301,0,0,3,e8,f,0
121791,1,400,0,0,8,1,0,6c,0,0,0,0,0
121836,1,201,0,0,6,2e,4,fe,1,62,0
121838,0,300,0,0,8,3,5a,64,5a,64,0,64,30
121839,0,301,0,0,3,e2,0,0
121848,1,203,0,0,8,4c,b,c0,60,18,0,0,0
121860,1,204,0,0,8,0,0,0,0,0,0,0,0
121871,1,401,0,0,8,d6,9e,0,0,87,9,0,0
121872,1,202,0,0,8,e2,15,0,0,f1,fd,1a,0
121884,1,666,0,0,8,52,8,1,5,52,57,12,44
121888,0,300,0,0,8,3,5a,64,5a,64,0,64,21
121889,0,301,0,0,3,b3,1,0
121891,1,400,0,0,8,1,0,6c,0,0,0,0,0
121896,1,665,0,0,8,0,0,0,53,4c,18,53,0
121908,1,200,0,0,8,64,0,74,df,9,0,2,0
121936,1,201,0,0,6,2e,4,c2,1,62,0
121938,0,300,0,0,8,3,5a,64,5a,64,0,64,32
121939,0,301,0,0,3,6b,2,0
121948,1,203,0,0,8,fc,b,24,f8,16,0,0,0
121971,1,401,0,0,8,d6,9e,0,0,d4,b,0,0
121988,0,300,0,0,8,3,5a,64,5a,64,0,64,23
121989,0,301,0,0,3,96,3,0
121991,1,400,0,0,8,1,0,6c,0,0,0,0,0
122036,1,201,0,0,6,f2,3,da,2,62,0
122038,0,300,0,0,8,3,5a,64,5a,64,0,64,34
122039,0,301,0,0,3,3,4,0
122048,1,203,0,0,8,5b,c,20,ea,18,0,0,0
122072,1,401,0,0,8,d6,9e,0,0,d4,b,0,0
122088,0,300,0,0,8,3,5a,64,5a,64,0,64,25
122089,0,301,0,0,3,54,5,0
122092,1,400,0,0,8,1,0,6c,0,0,0,0,0
122136,1,201,0,0,6,f2,3,54,1,62,0
122138,0,300,0,0,8,3,5a,64,5a,64,0,64,36
122139,0,301,0,0,3,f5,6,0
122148,1,203,0,0,8,41,d,0,77,15,0,0,0
122172,1,401,0,0,8,5b,9e,0,0,bd,10,0,0
122188,0,300,0,0,8,3,5a,64,5a,64,0,64,27
122189,0,301,0,0,3,b8,7,0
122192,1,400,0,0,8,1,0,6c,0,0,0,0,0
122236,1,201,0,0,6,f2,3,90,1,62,0
122238,0,300,0,0,8,3,5a,64,5a,64,0,64,b8
122239,0,301,0,0,3,80,8,0
122248,1,203,0,0,8,f,e,d8,be,17,0,0,0
122252,1,403,0,0,8,63,0,0,0,20,e2,9,0
122272,1,401,0,0,8,5b,9e,0,0,bd,10,0,0
122288,0,300,0,0,8,3,5a,64,5a,64,0,64,a9
122289,0,301,0,0,3,88,9,0
122292,1,400,0,0,8,1,0,6c,0,0,0,0,0
122336,1,201,0,0,6,f2,3,3a,2,62,0
122338,0,300,0,0,8,3,5a,64,5a,64,0,64,ba
122339,0,301,0,0,3,c6,a,0
122348,1,203,0,0,8,5a,e,c0,e,1c,0,0,0
122372,1,401,0,0,8,ca,9e,0,0,bd,10,0,0
122388,0,300,0,0,8,3,5a,64,5a,64,0,64,ab
122389,0,301,0,0,3,43,b,0
122392,1,400,0,0,8,1,0,6c,0,0,0,0,0
122436,1,201,0,0,6,f2,3,f4,1,62,0
122438,0,300,0,0,8,3,5a,64,5a,64,0,64,bc
122439,0,301,0,0,3,b5,c,0
122448,1,203,0,0,8,b,f,0,aa,1e,0,0,0
122472,1,401,0,0,8,ca,9e,0,0,cc,13,0,0
122488,0,300,0,0,8,3,5a,64,5a,64,0,64,ad
122489,0,301,0,0,3,4e,d,0
122492,1,400,0,0,8,1,0,6c,0,0,0,0,0
122536,1,201,0,0,6,5a,5,86,1,62,0
122538,0,300,0,0,8,3,5a,64,5a,64,0,64,be
122539,0,301,0,0,3,1d,e,0
122548,1,203,0,0,8,73,f,64,7,1c,0,0,0
122572,1,401,0,0,8,ca,9e,0,0,cc,13,0,0
122588,0,300,0,0,8,3,5a,64,5a,64,0,64,af
122589,0,301,0,0,3,e8,f,0
122592,1,400,0,0,8,1,0,6c,0,0,0,0,0
122636,1,201,0,0,6,5a,5,54,1,62,0
122638,0,300,0,0,8,3,5a,64,5a,64,0,64,30
122639,0,301,0,0,3,e2,0,0
122648,1,203,0,0,8,26,10,b0,69,19,0,0,0
122672,1,401,0,0,8,7b,9e,0,0,1,12,0,0
122688,0,300,0,0,8,3,5a,64,5a,64,0,64,21
122689,0,301,0,0,3,b3,1,0
122692,1,400,0,0,8,1,0,6c,0,0,0,0,0
122736,1,201,0,0,6,5a,5,3c,0,62,0
122738,0,300,0,0,8,3,5a,64,5a,64,0,64,32
122739,0,301,0,0,3,6b,2,0
122748,1,203,0,0,8,73,10,50,6,4,0,0,0
122752,1,402,0,0,8,64,0,0,0,50,df,9,0
122772,1,401,0,0,8,7b,9e,0,0,1,12,0,0
122788,0,300,0,0,8,3,5a,64,5a,64,0,64,23
122789,0,301,0,0,3,96,3,0
122792,1,400,0,0,8,1,0,6c,0,0,0,0,0
122836,1,201,0,0,6,5a,5,40,1,62,0
122838,0,300,0,0,8,3,5a,64,5a,64,0,64,34
122839,0,301,0,0,3,3,4,0
122848,1,203,0,0,8,2,11,0,14,16,0,0,0
122860,1,204,0,0,8,0,0,0,0,0,0,0,0
122872,1,202,0,0,8,e2,15,0,0,f5,fd,1a,0
122873,1,401,0,0,8,66,9f,0,0,1,12,0,0
122888,0,300,0,0,8,3,5a,64,5a,64,0,64,25
122889,0,301,0,0,3,54,5,0
122892,1,400,0,0,8,1,0,6c,0,0,0,0,0
122936,1,201,0,0,6,5a,5,0,0,62,0
122938,0,300,0,0,8,3,5a,64,5a,64,0,64,36
122939,0,301,0,0,3,f5,6,0
122948,1,203,0,0,8,68,11,0,0,0,0,0,0
122972,1,401,0,0,8,66,9f,0,0,94,11,0,0
122988,0,300,0,0,8,3,5a,64,5a,64,0,64,27
122989,0,301,0,0,3,b8,7,0
122993,1,400,0,0,8,1,0,6c,0,0,0,0,0
123036,1,201,0,0,6,5a,5,0,0,62,0
123038,0,300,0,0,8,3,5a,64,5a,64,0,64,b8
123039,0,301,0,0,3,80,8,0
123048,1,203,0,0,8,81,11,0,0,0,0,0,0
123073,1,401,0,0,8,66,9f,0,0,94,11,0,0
123088,0,300,0,0,8,3,5a,64,5a,64,0,64,a9
123089,0,301,0,0,3,88,9,0
123093,1,400,0,0,8,1,0,6c,0,0,0,0,0
123136,1,201,0,0,6,d2,5,8c,0,62,0
123138,0,300,0,0,8,3,5a,64,5a,64,0,64,ba
123139,0,301,0,0,3,c6,a,0
123148,1,203,0,0,8,ad,11,c8,f,a,0,0,0
123173,1,401,0,0,8,e1,9f,0,0,b7,9,0,0
123188,0,300,0,0,8,3,5a,64,5a,64,0,64,ab
123189,0,301,0,0,3,43,b,0
123193,1,400,0,0,8,1,0,6c,0,0,0,0,0
123236,1,201,0,0,6,d2,5,28,0,62,0
123238,0,300,0,0,8,3,5a,64,5a,64,0,64,bc
123239,0,301,0,0,3,b5,c,0
123248,1,203,0,0,8,bf,11,ec,97,3,0,0,0
123253,1,403,0,0,8,63,0,0,0,20,e2,9,0
123273,1,401,0,0,8,e1,9f,0,0,b7,9,0,0
123288,0,300,0,0,8,3,5a,64,5a,64,0,64,ad
123289,0,301,0,0,3,4e,d,0
123293,1,400,0,0,8,1,0,6c,0,0,0,0,0
123336,1,201,0,0,6,d2,5,68,1,62,0
123338,0,300,0,0,8,3,5a,64,5a,64,0,64,be
123339,0,301,0,0,3,1d,e,0
123348,1,203,0,0,8,c5,11,78,6f,18,0,0,0
123373,1,401,0,0,8,c5,9f,0,0,b7,9,0,0
123388,0,300,0,0,8,3,5a,64,5a,64,0,64,af
123389,0,301,0,0,3,e8,f,0
123393,1,400,0,0,8,1,0,6c,0,0,0,0,0
123436,1,201,0,0,6,d2,5,86,1,62,0
123438,0,300,0,0,8,3,5a,64,5a,64,0,64,30
123439,0,301,0,0,3,e2,0,0
123448,1,203,0,0,8,ce,11,0,0,0,0,0,0
123473,1,401,0,0,8,c5,9f,0,0,cc,5,0,0
123488,0,300,0,0,8,3,5a,64,5a,64,0,64,21
123489,0,301,0,0,3,b3,1,0
123493,1,400,0,0,8,1,0,6c,0,0,0,0,0
123536,1,201,0,0,6,d2,5,a4,1,62,0
123538,0,300,0,0,8,3,5a,64,5a,64,0,64,32
123539,0,301,0,0,3,6b,2,0
123548,1,203,0,0,8,e5,11,a0,ac,1b,0,0,0
123573,1,401,0,0,8,c5,9f,0,0,cc,5,0,0
123588,0,300,0,0,8,3,5a,64,5a,64,0,64,23
123589,0,301,0,0,3,96,3,0
123593,1,400,0,0,8,1,0,6c,0,0,0,0,0
123636,1,201,0,0,6,96,5,be,0,62,0
123638,0,300,0,0,8,3,5a,64,5a,64,0,64,34
123639,0,301,0,0,3,3,4,0
123648,1,203,0,0,8,f2,11,b0,c5,20,0,0,0
123673,1,401,0,0,8,3b,9f,0,0,7a,7,0,0
123688,0,300,0,0,8,3,5a,64,5a,64,0,64,25
123689,0,301,0,0,3,54,5,0
123693,1,400,0,0,8,1,0,6c,0,0,0,0,0
123736,1,201,0,0,6,96,5,82,0,62,0
123738,0,300,0,0,8,3,5a,64,5a,64,0,64,36
123739,0,301,0,0,3,f5,6,0
123748,1,203,0,0,8,18,12,74,b0,3,0,0,0
123753,1,402,0,0,8,64,0,0,0,2c,df,9,0
123773,1,401,0,0,8,3b,9f,0,0,7a,7,0,0
123788,0,300,0,0,8,3,5a,64,5a,64,0,64,27
123789,0,301,0,0,3,b8,7,0
123793,1,400,0,0,8,1,0,6c,0,0,0,0,0
123836,1,201,0,0,6,96,5,68,1,62,0
123838,0,300,0,0,8,3,5a,64,5a,64,0,64,b8
123839,0,301,0,0,3,80,8,0
123848,1,203,0,0,8,23,12,2c,d3,19,0,0,0
123860,1,204,0,0,8,0,0,0,0,0,0,0,0
123872,1,202,0,0,8,e2,17,0,0,fa,fd,1a,0
123873,1,401,0,0,8,8c,9f,0,0,7a,7,0,0
123888,0,300,0,0,8,3,5a,64,5a,64,0,64,a9
123889,0,301,0,0,3,88,9,0
123894,1,400,0,0,8,1,0,6c,0,0,0,0,0
123936,1,201,0,0,6,96,5,e0,1,62,0
123938,0,300,0,0,8,3,5a,64,5a,64,0,64,ba
123939,0,301,0,0,3,c6,a,0
123948,1,203,0,0,8,2c,12,0,0,0,0,0,0
123974,1,401,0,0,8,8c,9f,0,0,86,b,0,0
123988,0,300,0,0,8,3,5a,64,5a,64,0,64,ab
123989,0,301,0,0,3,43,b,0
123994,1,400,0,0,8,1,0,6c,0,0,0,0,0
124036,1,201,0,0,6,96,5,f0,0,62,0
124038,0,300,0,0,8,3,5a,64,5a,64,0,64,bc
124039,0,301,0,0,3,b5,c,0
124048,1,203,0,0,8,38,12,60,b5,11,0,0,0
124074,1,401,0,0,8,8c,9f,0,0,86,b,0,0
124088,0,300,0,0,8,3,5a,64,5a,64,0,64,ad
124089,0,301,0,0,3,4e,d,0
124094,1,400,0,0,8,1,0,6c,0,0,0,0,0
124136,1,201,0,0,6,aa,5,f0,0,62,0
124138,0,300,0,0,8,3,5a,64,5a,64,0,64,be
124139,0,301,0,0,3,1d,e,0
124148,1,203,0,0,8,4f,12,58,aa,18,0,0,0
124174,1,401,0,0,8,6c,9f,0,0,c9,8,0,0
124188,0,300,0,0,8,3,5a,64,5a,64,0,64,af
124189,0,301,0,0,3,e8,f,0
124194,1,400,0,0,8,1,0,6c,0,0,0,0,0
124236,1,201,0,0,6,aa,5,3c,0,62,0
124239,0,300,0,0,8,3,5a,64,5a,64,0,64,30
124239,0,301,0,0,3,e2,0,0
124248,1,203,0,0,8,49,12,b8,bc,3,0,0,0
124254,1,403,0,0,8,63,0,0,0,20,e2,9,0
124274,1,401,0,0,8,6c,9f,0,0,c9,8,0,0
124289,0,300,0,0,8,3,5a,64,5a,64,0,64,21
124289,0,301,0,0,3,b3,1,0
124294,1,400,0,0,8,1,0,6c,0,0,0,0,0
124336,1,201,0,0,6,aa,5,fa,0,62,0
124338,0,300,0,0,8,3,5a,64,5a,64,0,64,32
124339,0,301,0,0,3,6b,2,0
124348,1,203,0,0,8,57,12,c0,e5,1d,0,0,0
124374,1,401,0,0,8,ba,9f,0,0,c9,8,0,0
124388,0,300,0,0,8,3,5a,64,5a,64,0,64,23
124389,0,301,0,0,3,96,3,0
124394,1,400,0,0,8,1,0,6c,0,0,0,0,0
124436,1,201,0,0,6,aa,5,4a,1,62,0
124438,0,300,0,0,8,3,5a,64,5a,64,0,64,34
124439,0,301,0,0,3,3,4,0
124448,1,203,0,0,8,4c,12,48,2e,14,0,0,0
124474,1,401,0,0,8,ba,9f,0,0,c,9,0,0
124488,0,300,0,0,8,3,5a,64,5a,64,0,64,25
124489,0,301,0,0,3,54,5,0
124494,1,400,0,0,8,1,0,6c,0,0,0,0,0
124536,1,201,0,0,6,aa,5,50,0,62,0
124539,0,300,0,0,8,3,5a,64,5a,64,0,64,36
124539,0,301,0,0,3,f5,6,0
124548,1,203,0,0,8,5a,12,c0,fa,5,0,0,0
124574,1,401,0,0,8,ba,9f,0,0,c,9,0,0
124589,0,300,0,0,8,3,5a,64,5a,64,0,64,27
124589,0,301,0,0,3,b8,7,0
124594,1,400,0,0,8,1,0,6c,0,0,0,0,0
124636,1,201,0,0,6,aa,5,0,0,62,0
124639,0,300,0,0,8,3,5a,64,5a,64,0,64,b8
124639,0,301,0,0,3,80,8,0
124649,1,203,0,0,8,56,12,0,0,0,0,0,0
124674,1,401,0,0,8,3d,9f,0,0,d7,8,0,0
124689,0,300,0,0,8,3,5a,64,5a,64,0,64,a9
124689,0,301,0,0,3,88,9,0
124694,1,400,0,0,8,1,0,6c,0,0,0,0,0
124736,1,201,0,0,6,96,5,0,0,62,0
124738,0,300,0,0,8,3,5a,64,5a,64,0,64,ba
124739,0,301,0,0,3,c6,a,0
124749,1,203,0,0,8,f3,e,0,0,0,0,0,0
124754,1,402,0,0,8,64,0,0,0,2c,df,9,0
124774,1,401,0,0,8,3d,9f,0,0,d7,8,0,0
124789,0,300,0,0,8,3,5a,64,5a,64,0,64,ab
124789,0,301,0,0,3,43,b,0
124795,1,400,0,0,8,1,0,6c,0,0,0,0,0
124836,1,201,0,0,6,96,5,0,0,62,0
124839,0,300,0,0,8,3,5a,64,5a,64,0,64,bc
124839,0,301,0,0,3,b5,c,0
124849,1,203,0,0,8,e7,e,0,0,0,0,0,0
124861,1,204,0,0,8,0,0,0,0,0,0,0,0
124873,1,202,0,0,8,e2,15,0,0,fe,fd,1a,0
124875,1,401,0,0,8,e3,9f,0,0,d7,8,0,0
124884,1,666,0,0,8,52,8,1,5,52,57,12,44
124889,0,300,0,0,8,3,5a,64,5a,64,0,64,ad
124889,0,301,0,0,3,4e,d,0
124895,1,400,0,0,8,1,0,6c,0,0,0,0,0
124897,1,665,0,0,8,0,0,0,53,4c,18,53,0
124909,1,200,0,0,8,64,0,2c,df,9,0,0,0
124936,1,201,0,0,6,96,5,0,0,62,0
124938,0,300,0,0,8,3,5a,64,5a,64,0,64,be
124938,0,301,0,0,3,1d,e,0
124949,1,203,0,0,8,32,f,0,0,0,0,0,0
124975,1,401,0,0,8,e3,9f,0,0,61,7,0,0
124989,0,300,0,0,8,3,5a,64,5a,64,0,64,af
124989,0,301,0,0,3,e8,f,0
124995,1,400,0,0,8,1,0,6c,0,0,0,0,0
125036,1,201,0,0,6,96,5,0,0,62,0
125038,0,300,0,0,8,3,5a,64,5a,64,0,64,30
125038,0,301,0,0,3,e2,0,0
125049,1,203,0,0,8,44,f,0,0,0,0,0,0
125075,1,401,0,0,8,e3,9f,0,0,61,7,0,0
125089,0,300,0,0,8,3,5a,64,5a,64,0,64,21
125089,0,301,0,0,3,b3,1,0
125095,1,400,0,0,8,1,0,6c,0,0,0,0,0
125136,1,201,0,0,6,96,5,0,0,62,0
125138,0,300,0,0,8,3,5a,64,5a,64,0,64,32
125138,0,301,0,0,3,6b,2,0
125149,1,203,0,0,8,21,f,0,0,0,0,0,0
125175,1,401,0,0,8,eb,9f,0,0,f1,3,0,0
125189,0,300,0,0,8,3,5a,64,5a,64,0,64,23
125189,0,301,0,0,3,96,3,0
125195,1,400,0,0,8,1,0,6c,0,0,0,0,0
125237,1,201,0,0,6,96,5,0,0,62,0
125238,0,300,0,0,8,3,5a,64,5a,64,0,64,34
125238,0,301,0,0,3,3,4,0
125249,1,203,0,0,8,1c,f,0,0,0,0,0,0
125255,1,403,0,0,8,63,0,0,0,20,e2,9,0
125275,1,401,0,0,8,eb,9f,0,0,f1,3,0,0
125289,0,300,0,0,8,3,5a,64,5a,64,0,64,25
125289,0,301,0,0,3,54,5,0
125295,1,400,0,0,8,1,0,6c,0,0,0,0,0
125337,1,201,0,0,6,14,5,0,0,62,0
125338,0,300,0,0,8,3,5a,64,5a,64,0,64,36
125338,0,301,0,0,3,f5,6,0
125349,1,203,0,0,8,f6,e,0,0,0,0,0,0
125375,1,401,0,0,8,e5,9f,0,0,f1,3,0,0
125389,0,300,0,0,8,3,5a,64,5a,64,0,64,27
125389,0,301,0,0,3,b8,7,0
125395,1,400,0,0,8,1,0,6c,0,0,0,0,0
125437,1,201,0,0,6,14,5,0,0,62,0
125438,0,300,0,0,8,3,5a,64,5a,64,0,64,b8
125438,0,301,0,0,3,80,8,0
125449,1,203,0,0,8,e5,c,0,0,0,0,0,0
125475,1,401,0,0,8,e5,9f,0,0,e1,3,0,0
125489,0,300,0,0,8,3,5a,64,5a,64,0,64,a9
125489,0,301,0,0,3,88,9,0
125495,1,400,0,0,8,1,0,6c,0,0,0,0,0
125537,1,201,0,0,6,14,5,0,0,62,0
125538,0,300,0,0,8,3,5a,64,5a,64,0,64,ba
125538,0,301,0,0,3,c6,a,0
125549,1,203,0,0,8,1f,d,0,0,0,0,0,0
125575,1,401,0,0,8,e5,9f,0,0,e1,3,0,0
125589,0,300,0,0,8,3,5a,64,5a,64,0,64,ab
125589,0,301,0,0,3,43,b,0
125595,1,400,0,0,8,1,0,6c,0,0,0,0,0
125636,1,201,0,0,6,14,5,0,0,62,0
125638,0,300,0,0,8,3,5a,64,5a,64,0,64,bc
125638,0,301,0,0,3,b5,c,0
125649,1,203,0,0,8,35,d,0,0,0,0,0,0
125675,1,401,0,0,8,e5,9f,0,0,d9,3,0,0
125689,0,300,0,0,8,3,5a,64,5a,64,0,64,ad
125689,0,301,0,0,3,4e,d,0
125696,1,400,0,0,8,1,0,6c,0,0,0,0,0
125737,1,201,0,0,6,14,5,0,0,62,0
125738,0,300,0,0,8,3,5a,64,5a,64,0,64,be
125738,0,301,0,0,3,1d,e,0
125749,1,203,0,0,8,50,b,0,0,0,0,0,0
125756,1,402,0,0,8,64,0,0,0,8,df,9,0
125776,1,401,0,0,8,e5,9f,0,0,d9,3,0,0
125789,0,300,0,0,8,3,5a,64,5a,64,0,64,af
125789,0,301,0,0,3,e8,f,0
125796,1,400,0,0,8,1,0,6c,0,0,0,0,0
125837,1,201,0,0,6,14,5,0,0,62,0
125838,0,300,0,0,8,3,5a,64,5a,64,0,64,30
125838,0,301,0,0,3,e2,0,0
125849,1,203,0,0,8,34,b,0,0,0,0,0,0
125861,1,204,0,0,8,0,0,0,0,0,0,0,0
125873,1,202,0,0,8,e2,15,0,0,0,fe,1a,0
125876,1,401,0,0,8,42,a0,0,0,d9,3,0,0
125889,0,300,0,0,8,3,5a,64,5a,64,0,64,21
125889,0,301,0,0,3,b3,1,0
125896,1,400,0,0,8,1,0,6c,0,0,0,0,0
125937,1,201,0,0,6,14,5,0,0,62,0
125938,0,300,0,0,8,3,5a,64,5a,64,0,64,32
125938,0,301,0,0,3,6b,2,0
125949,1,203,0,0,8,b8,9,0,0,0,0,0,0
125976,1,401,0,0,8,42,a0,0,0,d2,1,0,0
125989,0,300,0,0,8,3,5a,64,5a,64,0,64,23
125989,0,301,0,0,3,96,3,0
125996,1,400,0,0,8,1,0,6c,0,0,0,0,0
126037,1,201,0,0,6,4c,4,0,0,62,0
126038,0,300,0,0,8,3,5a,64,5a,64,0,64,34
126038,0,301,0,0,3,3,4,0
126049,1,203,0,0,8,98,9,0,0,0,0,0,0
126076,1,401,0,0,8,42,a0,0,0,d2,1,0,0
126089,0,300,0,0,8,3,5a,64,5a,64,0,64,25
126089,0,301,0,0,3,54,5,0
126096,1,400,0,0,8,1,0,6c,0,0,0,0,0
126137,1,201,0,0,6,4c,4,0,0,62,0
126138,0,300,0,0,8,3,5a,64,5a,64,0,64,36
126138,0,301,0,0,3,f5,6,0
126149,1,203,0,0,8,93,9,0,0,0,0,0,0
126176,1,401,0,0,8,44,a0,0,0,56,0,0,0
126189,0,300,0,0,8,3,5a,64,5a,64,0,64,27
126189,0,301,0,0,3,b8,7,0
126196,1,400,0,0,8,1,0,4c,0,0,0,0,0
126237,1,201,0,0,6,4c,4,0,0,62,0
126238,0,300,0,0,8,3,5a,64,5a,64,0,64,b8
126238,0,301,0,0,3,80,8,0
126249,1,203,0,0,8,4e,8,0,0,0,0,0,0
126256,1,403,0,0,8,63,0,0,0,20,e2,9,0
126276,1,401,0,0,8,44,a0,0,0,56,0,0,0
126289,0,300,0,0,8,3,5a,64,5a,64,0,64,a9
126289,0,301,0,0,3,88,9,0
126296,1,400,0,0,8,1,0,4c,0,0,0,0,0
126337,1,201,0,0,6,4c,4,0,0,62,0
126338,0,300,0,0,8,3,5a,64,5a,64,0,64,ba
126338,0,301,0,0,3,c6,a,0
126349,1,203,0,0,8,3e,8,0,0,0,0,0,0
126376,1,401,0,0,8,46,a0,0,0,56,0,0,0
126389,0,300,0,0,8,3,5a,64,5a,64,0,64,ab
126389,0,301,0,0,3,43,b,0
126396,1,400,0,0,8,1,0,4c,0,0,0,0,0
126437,1,201,0,0,6,4c,4,0,0,62,0
126438,0,300,0,0,8,3,5a,64,5a,64,0,64,bc
126438,0,301,0,0,3,b5,c,0
126449,1,203,0,0,8,30,8,0,0,0,0,0,0
126476,1,401,0,0,8,46,a0,0,0,56,0,0,0
126489,0,300,0,0,8,3,5a,64,5a,64,0,64,ad
126489,0,301,0,0,3,4e,d,0
126496,1,400,0,0,8,1,0,4c,0,0,0,0,0
126537,1,201,0,0,6,4c,4,0,0,62,0
126538,0,300,0,0,8,3,5a,64,5a,64,0,64,be
126538,0,301,0,0,3,1d,e,0
126549,1,203,0,0,8,d6,6,0,0,0,0,0,0
126576,1,401,0,0,8,46,a0,0,0,56,0,0,0
126589,0,300,0,0,8,3,5a,64,5a,64,0,64,af
126589,0,301,0,0,3,e8,f,0
126597,1,400,0,0,8,1,0,4c,0,0,0,0,0
126637,1,201,0,0,6,4c,4,0,0,62,0
126638,0,300,0,0,8,3,5a,64,5a,64,0,64,30
126638,0,301,0,0,3,e2,0,0
126649,1,203,0,0,8,ca,6,0,0,0,0,0,0
126677,1,401,0,0,8,48,a0,0,0,56,0,0,0
126689,0,300,0,0,8,3,5a,64,5a,64,0,64,21
126689,0,301,0,0,3,b3,1,0
126697,1,400,0,0,8,1,0,4c,0,0,0,0,0
126737,1,201,0,0,6,4c,4,0,0,62,0
126738,0,300,0,0,8,3,5a,64,5a,64,0,64,32
126738,0,301,0,0,3,6b,2,0
126749,1,203,0,0,8,77,5,0,0,0,0,0,0
126757,1,402,0,0,8,64,0,0,0,8,df,9,0
126777,1,401,0,0,8,48,a0,0,0,56,0,0,0
126789,0,300,0,0,8,3,5a,64,5a,64,0,64,23
126789,0,301,0,0,3,96,3,0
126797,1,400,0,0,8,1,0,4c,0,0,0,0,0
126837,1,201,0,0,6,4c,4,0,0,62,0
126838,0,300,0,0,8,3,5a,64,5a,64,0,64,34
126838,0,301,0,0,3,3,4,0
126849,1,203,0,0,8,ee,4,0,0,0,0,0,0
126861,1,204,0,0,8,0,0,0,0,0,0,0,0
126873,1,202,0,0,8,e2,15,0,0,2,fe,1a,0
126877,1,401,0,0,8,46,a0,0,0,56,0,0,0
126889,0,300,0,0,8,3,5a,64,5a,64,0,64,25
126889,0,301,0,0,3,54,5,0
126897,1,400,0,0,8,1,0,4c,0,0,0,0,0
126937,1,201,0,0,6,66,3,0,0,62,0
126938,0,300,0,0,8,3,5a,64,5a,64,0,64,36
126938,0,301,0,0,3,f5,6,0
126949,1,203,0,0,8,be,3,0,0,0,0,0,0
126977,1,401,0,0,8,46,a0,0,0,56,0,0,0
126989,0,300,0,0,8,3,5a,64,5a,64,0,64,27
126989,0,301,0,0,3,b8,7,0
126992,0,404,0,0,2,4a,0
126993,1,405,0,0,8,4a,0,0,0,1c,0,0,0
126997,1,400,0,0,8,1,0,4c,0,0,0,0,0
127022,0,404,0,0,2,2,30
127023,1,405,0,0,7,2,30,0,3,0,0,0
127037,1,201,0,0,6,66,3,0,0,62,0
127038,0,300,0,0,8,3,5a,64,5a,64,0,64,b8
127038,0,301,0,0,3,80,8,0
127049,1,203,0,0,8,c4,2,0,0,0,0,0,0
127052,0,404,0,0,2,44,0
127053,1,405,0,0,6,44,0,0,0,48,46
127077,1,401,0,0,8,46,a0,0,0,56,0,0,0
127082,0,404,0,0,2,1,0
127083,1,405,0,0,8,1,0,0,0,0,4,6,4
127089,0,300,0,0,8,3,5a,64,5a,64,0,64,a9
127089,0,301,0,0,3,88,9,0
127097,1,400,0,0,8,1,0,4c,0,0,0,0,0
127113,0,404,0,0,2,a3,1
127113,1,405,0,0,5,a3,1,0,0,6
127137,1,201,0,0,6,66,3,0,0,62,0
127138,0,300,0,0,8,3,5a,64,5a,64,0,64,ba
127138,0,301,0,0,3,c6,a,0
127142,0,404,0,0,2,20,0
127143,1,405,0,0,8,20,0,0,0,32,31,31,46
127149,1,203,0,0,8,c6,2,0,0,0,0,0,0
127172,0,404,0,0,2,21,0
127173,1,405,0,0,8,21,0,0,0,46,56,41,31
127177,1,401,0,0,8,48,a0,0,0,56,0,0,0
127189,0,300,0,0,8,3,5a,64,5a,64,0,64,ab
127189,0,301,0,0,3,43,b,0
127197,1,400,0,0,8,1,0,4c,0,0,0,0,0
127202,0,404,0,0,2,22,0
127203,1,405,0,0,8,22,0,0,0,30,30,31,32
127232,0,404,0,0,2,23,0
127233,1,405,0,0,8,23,0,0,0,38,30,30,30
127237,1,201,0,0,6,74,9,0,0,62,0
127238,0,300,0,0,8,3,5a,64,5a,64,0,64,bc
127238,0,301,0,0,3,b5,c,0
127249,1,203,0,0,8,c9,2,0,0,0,0,0,0
127257,1,403,0,0,8,63,0,0,0,20,e2,9,0
127262,0,404,0,0,2,24,0
127263,1,405,0,0,8,24,0,0,0,30,30,30,30
127277,1,401,0,0,8,48,a0,0,0,56,0,0,0
127289,0,300,0,0,8,3,5a,64,5a,64,0,64,ad
127289,0,301,0,0,3,4e,d,0
127292,0,404,0,0,2,25,0
127293,1,405,0,0,8,25,0,0,0,30,30,30,30
127297,1,400,0,0,8,1,0,4c,0,0,0,0,0
127322,0,404,0,0,2,26,0
127323,1,405,0,0,8,26,0,0,0,30,30,30,30
127337,1,201,0,0,6,74,9,0,0,62,0
127338,0,300,0,0,8,3,5a,64,5a,64,0,64,be
127338,0,301,0,0,3,1d,e,0
127349,1,203,0,0,8,cb,2,0,0,0,0,0,0
127352,0,404,0,0,2,27,0
127353,1,405,0,0,6,27,0,0,0,30,30
127377,1,401,0,0,8,4a,a0,0,0,56,0,0,0
127382,0,404,0,0,2,4c,0
127383,1,405,0,0,8,4c,0,0,0,11,24,0,0
127389,0,300,0,0,8,3,5a,64,5a,64,0,64,af
127389,0,301,0,0,3,e8,f,0
127397,1,400,0,0,8,1,0,4c,0,0,0,0,0
127412,0,404,0,0,2,46,0
127413,1,405,0,0,5,46,0,0,0,0
127437,1,201,0,0,6,74,9,0,0,62,0
127438,0,300,0,0,8,3,5a,64,5a,64,0,64,30
127438,0,301,0,0,3,e2,0,0
127442,0,404,0,0,2,4d,0
127443,1,405,0,0,8,4d,0,0,0,0,0,0,0
127449,1,203,0,0,8,0,0,0,0,0,0,0,0
127472,0,404,0,0,2,50,0
127473,1,405,0,0,8,50,0,0,0,9e,0,a0,0
127477,1,401,0,0,8,4a,a0,0,0,56,0,0,0
127489,0,300,0,0,8,3,5a,64,5a,64,0,64,21
127489,0,301,0,0,3,b3,1,0
127497,1,400,0,0,8,1,0,4c,0,0,0,0,0
127502,0,404,0,0,2,2,0
127503,1,405,0,0,8,2,0,0,0,53,49,43,54
127537,1,201,0,0,6,74,9,0,0,62,0
127538,0,300,0,0,8,3,5a,64,5a,64,0,64,32
127538,0,301,0,0,3,6b,2,0
127549,1,203,0,0,8,0,0,0,0,0,0,0,0
127578,1,401,0,0,8,4a,a0,0,0,56,0,0,0
127589,0,300,0,0,8,3,5a,64,5a,64,0,64,23
127589,0,301,0,0,3,96,3,0
127598,1,400,0,0,8,1,0,4c,0,0,0,0,0
127637,1,201,0,0,6,74,9,0,0,62,0
127638,0,300,0,0,8,3,5a,64,5a,64,0,64,34
127638,0,301,0,0,3,3,4,0
127649,1,203,0,0,8,0,0,0,0,0,0,0,0
127678,1,401,0,0,8,4a,a0,0,0,56,0,0,0
127689,0,300,0,0,8,3,5a,64,5a,64,0,64,25
127689,0,301,0,0,3,54,5,0
127698,1,400,0,0,8,1,0,4c,0,0,0,0,0
127737,1,201,0,0,6,d2,5,0,0,62,0
127738,0,300,0,0,8,3,5a,64,5a,64,0,64,36
127738,0,301,0,0,3,f5,6,0
127749,1,203,0,0,8,0,0,0,0,0,0,0,0
127758,1,402,0,0,8,64,0,0,0,8,df,9,0
127778,1,401,0,0,8,4a,a0,0,0,56,0,0,0
127789,0,300,0,0,8,3,5a,64,5a,64,0,64,27
127789,0,301,0,0,3,b8,7,0
127798,1,400,0,0,8,1,0,4c,0,0,0,0,0
127837,1,201,0,0,6,d2,5,0,0,62,0
127838,0,300,0,0,8,3,5a,64,5a,64,0,64,b8
127838,0,301,0,0,3,80,8,0
127849,1,203,0,0,8,0,0,0,0,0,0,0,0
127861,1,204,0,0,8,0,0,0,0,0,0,0,0
127873,1,202,0,0,8,e2,16,0,0,7,fe,1a,0
127878,1,401,0,0,8,4c,a0,0,0,56,0,0,0
127885,1,666,0,0,8,52,8,1,5,52,57,12,44
127889,0,300,0,0,8,3,5a,64,5a,64,0,64,a9
127889,0,301,0,0,3,88,9,0
127897,1,665,0,0,8,0,0,0,53,4c,18,53,0
127898,1,400,0,0,8,1,0,4c,0,0,0,0,0
127909,1,200,0,0,8,64,0,8,df,9,0,1,0
127937,1,201,0,0,6,2e,4,0,0,62,0
127938,0,300,0,0,8,3,5a,64,5a,64,0,64,ba
127938,0,301,0,0,3,c6,a,0
127949,1,203,0,0,8,0,0,0,0,0,0,0,0
127978,1,401,0,0,8,4c,a0,0,0,55,0,0,0
127989,0,300,0,0,8,3,5a,64,5a,64,0,64,ab
127989,0,301,0,0,3,43,b,0
127998,1,400,0,0,8,1,0,4c,0,0,0,0,0
128037,1,201,0,0,6,2e,4,0,0,62,0
128038,0,300,0,0,8,3,5a,64,5a,64,0,64,bc
128038,0,301,0,0,3,b5,c,0
128049,1,203,0,0,8,0,0,0,0,0,0,0,0
128078,1,401,0,0,8,4c,a0,0,0,55,0,0,0
128089,0,300,0,0,8,3,5a,64,5a,64,0,64,ad
128089,0,301,0,0,3,4e,d,0
128098,1,400,0,0,8,1,0,4c,0,0,0,0,0
128137,1,201,0,0,6,48,3,0,0,62,0
128138,0,300,0,0,8,3,5a,64,5a,64,0,64,be
128138,0,301,0,0,3,1d,e,0
128149,1,203,0,0,8,0,0,0,0,0,0,0,0
128178,1,401,0,0,8,4c,a0,0,0,56,0,0,0
128189,0,300,0,0,8,3,5a,64,5a,64,0,64,af
128189,0,301,0,0,3,e8,f,0
128198,1,400,0,0,8,1,0,4c,0,0,0,0,0
128237,1,201,0,0,6,e4,2,0,0,62,0
128238,0,300,0,0,8,3,5a,64,5a,64,0,64,30
128238,0,301,0,0,3,e2,0,0
128249,1,203,0,0,8,0,0,0,0,0,0,0,0
128258,1,403,0,0,8,63,0,0,0,20,e2,9,0
128278,1,401,0,0,8,4c,a0,0,0,56,0,0,0
128289,0,300,0,0,8,3,5a,64,5a,64,0,64,21
128289,0,301,0,0,3,b3,1,0
128298,1,400,0,0,8,1,0,4c,0,0,0,0,0
128337,1,201,0,0,6,e4,2,0,0,62,0
128338,0,300,0,0,8,3,5a,64,5a,64,0,64,32
128338,0,301,0,0,3,6b,2,0
128349,1,203,0,0,8,0,0,0,0,0,0,0,0
128379,1,401,0,0,8,4e,a0,0,0,56,0,0,0
128389,0,300,0,0,8,3,5a,64,5a,64,0,64,23
128389,0,301,0,0,3,96,3,0
128399,1,400,0,0,8,1,0,4c,0,0,0,0,0
128437,1,201,0,0,6,e4,2,0,0,62,0
128438,0,300,0,0,8,3,5a,64,5a,64,0,64,34
128438,0,301,0,0,3,3,4,0
128449,1,203,0,0,8,0,0,0,0,0,0,0,0
128479,1,401,0,0,8,4e,a0,0,0,56,0,0,0
128489,0,300,0,0,8,3,5a,64,5a,64,0,64,25
128489,0,301,0,0,3,54,5,0
128499,1,400,0,0,8,1,0,4c,0,0,0,0,0
128537,1,201,0,0,6,e4,2,0,0,62,0
128538,0,300,0,0,8,3,5a,64,5a,64,0,64,36
128538,0,301,0,0,3,f5,6,0
128549,1,203,0,0,8,0,0,0,0,0,0,0,0
128579,1,401,0,0,8,4e,a0,0,0,56,0,0,0
128589,0,300,0,0,8,3,5a,64,5a,64,0,64,27
128589,0,301,0,0,3,b8,7,0
128599,1,400,0,0,8,1,0,4c,0,0,0,0,0
128637,1,201,0,0,6,e4,2,0,0,62,0
128638,0,300,0,0,8,3,5a,64,5a,64,0,64,b8
128638,0,301,0,0,3,80,8,0
128649,1,203,0,0,8,0,0,0,0,0,0,0,0
128679,1,401,0,0,8,4a,a0,0,0,56,0,0,0
128689,0,300,0,0,8,3,5a,64,5a,64,0,64,a9
128689,0,301,0,0,3,88,9,0
128699,1,400,0,0,8,1,0,4c,0,0,0,0,0
128737,1,201,0,0,6,e4,2,0,0,62,0
128738,0,300,0,0,8,3,5a,64,5a,64,0,64,ba
128738,0,301,0,0,3,c6,a,0
128749,1,203,0,0,8,0,0,0,0,0,0,0,0
128759,1,402,0,0,8,64,0,0,0,8,df,9,0
128779,1,401,0,0,8,4a,a0,0,0,56,0,0,0
128789,0,300,0,0,8,3,5a,64,5a,64,0,64,ab
128789,0,301,0,0,3,43,b,0
128799,1,400,0,0,8,1,0,4c,0,0,0,0,0
128837,1,201,0,0,6,e4,2,0,0,62,0
128838,0,300,0,0,8,3,5a,64,5a,64,0,64,bc
128838,0,301,0,0,3,b5,c,0
128849,1,203,0,0,8,0,0,0,0,0,0,0,0
128861,1,204,0,0,8,0,0,0,0,0,0,0,0
128873,1,202,0,0,8,e2,15,0,0,9,fe,1a,0
128879,1,401,0,0,8,4c,a0,0,0,56,0,0,0
128889,0,300,0,0,8,3,5a,64,5a,64,0,64,ad
128889,0,301,0,0,3,4e,d,0
128899,1,400,0,0,8,1,0,4c,0,0,0,0,0
128937,1,201,0,0,6,e4,2,0,0,62,0
128938,0,300,0,0,8,3,5a,64,5a,64,0,64,be
128938,0,301,0,0,3,1d,e,0
128949,1,203,0,0,8,0,0,0,0,0,0,0,0
128979,1,401,0,0,8,4c,a0,0,0,56,0,0,0
128989,0,300,0,0,8,3,5a,64,5a,64,0,64,af
128989,0,301,0,0,3,e8,f,0
128999,1,400,0,0,8,1,0,4c,0,0,0,0,0
129037,1,201,0,0,6,e4,2,0,0,62,0
129038,0,300,0,0,8,3,5a,64,5a,64,0,64,30
129038,0,301,0,0,3,e2,0,0
129049,1,203,0,0,8,0,0,0,0,0,0,0,0
129079,1,401,0,0,8,4c,a0,0,0,56,0,0,0
129089,0,300,0,0,8,3,5a,64,5a,64,0,64,21
129089,0,301,0,0,3,b3,1,0
129099,1,400,0,0,8,1,0,4c,0,0,0,0,0
129137,1,201,0,0,6,e4,2,0,0,62,0
129138,0,300,0,0,8,3,5a,64,5a,64,0,64,32
129138,0,301,0,0,3,6b,2,0
129149,1,203,0,0,8,0,0,0,0,0,0,0,0
129179,1,401,0,0,8,4c,a0,0,0,56,0,0,0
129189,0,300,0,0,8,3,5a,64,5a,64,0,64,23
129189,0,301,0,0,3,96,3,0
129199,1,400,0,0,8,1,0,4c,0,0,0,0,0
129237,1,201,0,0,6,e4,2,0,0,62,0
129238,0,300,0,0,8,3,5a,64,5a,64,0,64,34
129238,0,301,0,0,3,3,4,0
129249,1,203,0,0,8,0,0,0,0,0,0,0,0
129259,1,403,0,0,8,63,0,0,0,20,e2,9,0
129279,1,401,0,0,8,4c,a0,0,0,56,0,0,0
129289,0,300,0,0,8,3,5a,64,5a,64,0,64,25
129289,0,301,0,0,3,54,5,0
129300,1,400,0,0,8,1,0,4c,0,0,0,0,0
129337,1,201,0,0,6,e4,2,0,0,62,0
129338,0,300,0,0,8,3,5a,64,5a,64,0,64,36
129338,0,301,0,0,3,f5,6,0
129349,1,203,0,0,8,0,0,0,0,0,0,0,0
129380,1,401,0,0,8,4e,a0,0,0,56,0,0,0
129389,0,300,0,0,8,3,5a,64,5a,64,0,64,27
129389,0,301,0,0,3,b8,7,0
129400,1,400,0,0,8,1,0,4c,0,0,0,0,0
129437,1,201,0,0,6,e4,2,0,0,62,0
129438,0,300,0,0,8,3,5a,64,5a,64,0,64,b8
129438,0,301,0,0,3,80,8,0
129449,1,203,0,0,8,0,0,0,0,0,0,0,0
129480,1,401,0,0,8,4e,a0,0,0,56,0,0,0
129489,0,300,0,0,8,3,5a,64,5a,64,0,64,a9
129489,0,301,0,0,3,88,9,0
129500,1,400,0,0,8,1,0,4c,0,0,0,0,0
129537,1,201,0,0,6,6c,2,0,0,62,0
129538,0,300,0,0,8,3,5a,64,5a,64,0,64,ba
129538,0,301,0,0,3,c6,a,0
129549,1,203,0,0,8,0,0,0,0,0,0,0,0
129580,1,401,0,0,8,4e,a0,0,0,56,0,0,0
129589,0,300,0,0,8,3,5a,64,5a,64,0,64,ab
129589,0,301,0,0,3,43,b,0
129600,1,400,0,0,8,1,0,4c,0,0,0,0,0
129637,1,201,0,0,6,6c,2,0,0,62,0
129638,0,300,0,0,8,3,5a,64,5a,64,0,64,bc
129638,0,301,0,0,3,b5,c,0
129649,1,203,0,0,8,0,0,0,0,0,0,0,0
129680,1,401,0,0,8,50,a0,0,0,56,0,0,0
129689,0,300,0,0,8,3,5a,64,5a,64,0,64,ad
129689,0,301,0,0,3,4e,d,0
129700,1,400,0,0,8,1,0,4c,0,0,0,0,0
129737,1,201,0,0,6,1c,2,0,0,62,0
129738,0,300,0,0,8,3,5a,64,5a,64,0,64,be
129738,0,301,0,0,3,1d,e,0
129749,1,203,0,0,8,0,0,0,0,0,0,0,0
129760,1,402,0,0,8,64,0,0,0,8,df,9,0
129780,1,401,0,0,8,50,a0,0,0,56,0,0,0
129789,0,300,0,0,8,3,5a,64,5a,64,0,64,af
129789,0,301,0,0,3,e8,f,0
129800,1,400,0,0,8,1,0,4c,0,0,0,0,0
129837,1,201,0,0,6,1c,2,0,0,62,0
129838,0,300,0,0,8,3,5a,64,5a,64,0,64,30
129838,0,301,0,0,3,e2,0,0
129849,1,203,0,0,8,0,0,0,0,0,0,0,0
129861,1,204,0,0,8,0,0,0,0,0,0,0,0
129873,1,202,0,0,8,e2,14,0,0,9,fe,1a,0
129880,1,401,0,0,8,50,a0,0,0,56,0,0,0
129889,0,300,0,0,8,3,5a,64,5a,64,0,64,21
129889,0,301,0,0,3,b3,1,0
129900,1,400,0,0,8,1,0,4c,0,0,0,0,0
129937,1,201,0,0,6,d6,1,0,0,62,0
129938,0,300,0,0,8,3,5a,64,5a,64,0,64,32
129938,0,301,0,0,3,6b,2,0
129949,1,203,0,0,8,0,0,0,0,0,0,0,0
129980,1,401,0,0,8,50,a0,0,0,56,0,0,0
129989,0,300,0,0,8,3,5a,64,5a,64,0,64,23
129989,0,301,0,0,3,96,3,0
130000,1,400,0,0,8,1,0,4c,0,0,0,0,0
130037,1,201,0,0,6,d6,1,0,0,62,0
130038,0,300,0,0,8,3,5a,64,5a,64,0,64,34
130038,0,301,0,0,3,3,4,0
130049,1,203,0,0,8,0,0,0,0,0,0,0,0
130080,1,401,0,0,8,50,a0,0,0,56,0,0,0
130089,0,300,0,0,8,3,5a,64,5a,64,0,64,25
130089,0,301,0,0,3,54,5,0
130100,1,400,0,0,8,1,0,4c,0,0,0,0,0
130137,1,201,0,0,6,a4,1,0,0,62,0
130138,0,300,0,0,8,3,5a,64,5a,64,0,64,36
130138,0,301,0,0,3,f5,6,0
130149,1,203,0,0,8,0,0,0,0,0,0,0,0
130180,1,401,0,0,8,4e,a0,0,0,55,0,0,0
130189,0,300,0,0,8,3,5a,64,5a,64,0,64,27
130189,0,301,0,0,3,b8,7,0
130200,1,400,0,0,8,1,0,4c,0,0,0,0,0
130237,1,201,0,0,6,a4,1,0,0,62,0
130238,0,300,0,0,8,3,5a,64,5a,64,0,64,b8
130238,0,301,0,0,3,80,8,0
130249,1,203,0,0,8,0,0,0,0,0,0,0,0
130261,1,403,0,0,8,63,0,0,0,20,e2,9,0
130281,1,401,0,0,8,4e,a0,0,0,55,0,0,0
130289,0,300,0,0,8,3,5a,64,5a,64,0,64,a9
130289,0,301,0,0,3,88,9,0
130301,1,400,0,0,8,1,0,4c,0,0,0,0,0
130337,1,201,0,0,6,7c,1,0,0,62,0
130338,0,300,0,0,8,3,5a,64,5a,64,0,64,ba
130339,0,301,0,0,3,c6,a,0
130349,1,203,0,0,8,0,0,0,0,0,0,0,0
130381,1,401,0,0,8,50,a0,0,0,55,0,0,0
130389,0,300,0,0,8,3,5a,64,5a,64,0,64,ab
130389,0,301,0,0,3,43,b,0
130401,1,400,0,0,8,1,0,4c,0,0,0,0,0
130437,1,201,0,0,6,7c,1,0,0,62,0
130438,0,300,0,0,8,3,5a,64,5a,64,0,64,bc
130439,0,301,0,0,3,b5,c,0
130449,1,203,0,0,8,0,0,0,0,0,0,0,0
130481,1,401,0,0,8,50,a0,0,0,56,0,0,0
130489,0,300,0,0,8,3,5a,64,5a,64,0,64,ad
130489,0,301,0,0,3,4e,d,0
130501,1,400,0,0,8,1,0,4c,0,0,0,0,0
130537,1,201,0,0,6,54,1,0,0,62,0
130538,0,300,0,0,8,3,5a,64,5a,64,0,64,be
130539,0,301,0,0,3,1d,e,0
130549,1,203,0,0,8,0,0,0,0,0,0,0,0
130581,1,401,0,0,8,50,a0,0,0,56,0,0,0
130589,0,300,0,0,8,3,5a,64,5a,64,0,64,af
130589,0,301,0,0,3,e8,f,0
