15:41:05.256,1,300,0,0,8,0,5a,64,5a,0,0,0,37
15:41:05.320,1,203,0,0,8,0,0,0,0,0,0,0,0
15:41:05.385,1,401,0,0,8,25,a0,0,0,44,0,0,0
15:41:05.448,1,300,0,0,8,0,5a,64,5a,0,0,0,fb
15:41:05.512,1,400,0,0,8,1,0,c,0,0,0,0,0
15:41:05.577,1,401,0,0,8,25,a0,0,0,45,0,0,0
15:41:05.640,1,206,0,0,8,0,0,0,0,0,0,0,0
15:41:05.705,1,201,0,0,5,0,0,0,0,2,,,
15:41:05.769,1,300,0,0,8,0,5a,64,5a,0,0,0,51
15:41:05.833,1,206,0,0,8,0,0,0,0,0,0,0,0
15:41:05.896,1,201,0,0,5,0,0,0,0,2,,,
15:41:05.960,1,300,0,0,8,0,5a,64,5a,0,0,0,15
15:41:06.024,1,300,0,0,8,0,5a,64,5a,0,0,0,26
15:41:06.088,1,401,0,0,8,25,a0,0,0,45,0,0,0
15:41:06.152,1,300,0,0,8,0,5a,64,5a,0,0,0,d9
15:41:06.217,1,203,0,0,8,0,0,0,0,0,0,0,0
15:41:06.281,1,401,0,0,8,25,a0,0,0,45,0,0,0
15:41:06.344,1,206,0,0,8,0,0,0,0,0,0,0,0
15:41:06.408,1,201,0,0,5,0,0,0,0,2,,,
15:41:06.475,1,300,0,0,8,0,5a,64,5a,0,0,0,bf
15:41:06.537,1,206,0,0,8,0,0,0,0,0,0,0,0
15:41:06.601,1,201,0,0,5,0,0,0,0,2,,,
15:41:06.665,1,300,0,0,8,0,5a,64,5a,0,0,0,73
15:41:06.728,1,206,0,0,8,0,0,0,0,0,0,0,0
15:41:06.792,1,401,0,0,8,25,a0,0,0,45,0,0,0
15:41:06.857,1,300,0,0,8,0,5a,64,5a,0,0,0,37
15:41:06.920,1,203,0,0,8,0,0,0,0,0,0,0,0
15:41:06.984,1,401,0,0,8,25,a0,0,0,45,0,0,0
15:41:07.052,1,300,0,0,8,0,5a,64,5a,0,0,0,fb
15:41:07.112,1,400,0,0,8,1,0,c,0,0,0,0,0
15:41:07.177,1,401,0,0,8,28,a0,0,0,45,0,0,0
15:41:07.240,1,206,0,0,8,0,0,0,0,0,0,0,0
15:41:07.305,1,201,0,0,5,0,0,0,0,2,,,
15:41:07.368,1,300,0,0,8,0,5a,64,5a,0,0,0,51
15:41:07.432,1,206,0,0,8,0,0,0,0,0,0,0,0
15:41:07.496,1,401,0,0,8,25,a0,0,0,45,0,0,0
15:41:07.561,1,300,0,0,8,0,5a,64,5a,0,0,0,15
15:41:07.625,1,300,0,0,8,0,5a,64,5a,0,0,0,26
15:41:07.691,1,401,0,0,8,25,a0,0,0,45,0,0,0
15:41:07.753,1,300,0,0,8,0,a5,64,5a,0,0,0,99
15:41:07.816,1,400,0,0,8,1,0,c,0,0,0,0,0
15:41:07.881,1,401,0,0,8,28,a0,0,0,44,0,0,0
15:41:07.944,1,206,0,0,8,0,0,0,0,0,0,0,0
15:41:08.008,1,201,0,0,5,0,0,0,0,2,,,
15:41:08.073,1,300,0,0,8,0,a5,64,5a,0,0,0,ff
15:41:08.136,1,206,0,0,8,0,0,0,0,0,0,0,0
15:41:08.200,1,401,0,0,8,25,a0,0,0,45,0,0,0
15:41:08.264,1,300,0,0,8,0,a5,64,5a,0,0,0,33
15:41:08.328,1,206,0,0,8,0,0,0,0,0,0,0,0
15:41:08.392,1,401,0,0,8,25,a0,0,0,44,0,0,0
15:41:08.456,1,300,0,0,8,0,a5,64,5a,0,0,0,77
15:41:08.520,1,400,0,0,8,1,0,c,0,0,0,0,0
15:41:08.584,1,404,0,0,2,27,0,,,,,,
15:41:08.649,1,206,0,0,8,0,0,0,0,0,0,0,0
15:41:08.712,1,400,0,0,8,1,0,c,0,0,0,0,0
15:41:08.779,1,404,0,0,2,a,0,,,,,,
15:41:08.840,1,206,0,0,8,0,0,0,0,0,0,0,0
15:41:08.904,1,201,0,0,5,0,0,0,0,2,,,
15:41:08.968,1,300,0,0,8,0,5a,64,5a,0,0,0,51
15:41:09.032,1,206,0,0,8,0,0,0,0,0,0,0,0
15:41:09.096,1,401,0,0,8,25,a0,0,0,45,0,0,0
15:41:09.160,1,300,0,0,8,3,5a,64,5a,a,0,a,25
15:41:09.224,1,203,0,0,8,0,0,0,0,0,0,0,0
15:41:09.288,1,401,0,0,8,28,a0,0,0,45,0,0,0
15:41:09.352,1,300,0,0,8,3,5a,64,5a,14,0,14,b9
15:41:09.416,1,400,0,0,8,1,0,c,0,0,0,0,0
15:41:09.481,1,401,0,0,8,25,a0,0,0,45,0,0,0
15:41:09.544,1,206,0,0,8,0,0,0,0,0,0,0,0
15:41:09.608,1,201,0,0,5,0,0,0,0,62,,,
15:41:09.673,1,300,0,0,8,3,5a,64,5a,28,0,28,af
15:41:09.736,1,206,0,0,8,0,0,0,0,0,0,0,0
15:41:09.800,1,401,0,0,8,25,a0,0,0,45,0,0,0
15:41:09.864,1,300,0,0,8,3,5a,64,5a,32,0,32,73
15:41:09.929,1,204,0,0,8,0,0,0,0,0,0,0,0
15:41:09.992,1,401,0,0,8,25,a0,0,0,45,0,0,0
15:41:10.056,1,300,0,0,8,3,5a,64,5a,3c,0,3c,77
15:41:10.120,1,203,0,0,8,0,0,0,0,0,0,0,0
15:41:10.184,1,401,0,0,8,28,a0,0,0,45,0,0,0
15:41:10.249,1,206,0,0,8,0,0,0,0,0,0,0,0
15:41:10.312,1,201,0,0,5,0,0,0,0,62,,,
15:41:10.376,1,301,0,0,3,4e,d,0,,,,,
15:41:10.441,1,206,0,0,8,0,0,0,0,0,0,0,0
15:41:10.504,1,401,0,0,8,25,a0,0,0,45,0,0,0
15:41:10.568,1,300,0,0,8,3,5a,64,5a,5a,0,5a,71
15:41:10.632,1,206,0,0,8,0,0,0,0,0,0,0,0
15:41:10.696,1,401,0,0,8,28,a0,0,0,45,0,0,0
15:41:10.762,1,300,0,0,8,3,5a,64,5a,64,0,64,25
15:41:10.824,1,203,0,0,8,0,0,0,0,0,0,0,0
15:41:10.893,1,401,0,0,8,28,a0,0,0,45,0,0,0
15:41:10.953,1,300,0,0,8,3,5a,64,5a,64,0,64,a9
15:41:11.017,1,203,0,0,8,0,0,0,0,0,0,0,0
15:41:11.080,1,401,0,0,8,28,a0,0,0,45,0,0,0
15:41:11.144,1,206,0,0,8,0,0,0,0,0,0,0,0
15:41:11.208,1,201,0,0,5,0,0,0,0,62,,,
15:41:11.272,1,300,0,0,8,3,5a,64,5a,64,0,64,af
15:41:11.337,1,206,0,0,8,0,0,0,0,0,0,0,0
15:41:11.401,1,401,0,0,8,28,a0,0,0,44,0,0,0
15:41:11.464,1,300,0,0,8,3,5a,64,5a,64,0,64,23
15:41:11.529,1,400,0,0,8,1,0,c,0,0,0,0,0
15:41:11.593,1,401,0,0,8,28,a0,0,0,44,0,0,0
15:41:11.656,1,300,0,0,8,3,5a,64,5a,64,0,64,27
15:41:11.720,1,203,0,0,8,0,0,0,0,0,0,0,0
15:41:11.784,1,401,0,0,8,25,a0,0,0,45,0,0,0
15:41:11.848,1,206,0,0,8,0,0,0,0,0,0,0,0
15:41:11.912,1,201,0,0,5,0,0,0,0,62,,,
15:41:11.976,1,300,0,0,8,3,5a,64,5a,64,0,64,ad
15:41:12.040,1,206,0,0,8,0,0,0,0,0,0,0,0
15:41:12.106,1,401,0,0,8,28,a0,0,0,45,0,0,0
15:41:12.169,1,300,0,0,8,3,5a,64,5a,64,0,64,21
15:41:12.233,1,206,0,0,8,0,0,0,0,0,0,0,0
15:41:12.299,1,401,0,0,8,28,a0,0,0,45,0,0,0
15:41:12.363,1,300,0,0,8,3,a5,64,5a,64,0,64,65
15:41:12.428,1,400,0,0,8,1,0,c,0,0,0,0,0
15:41:12.491,1,401,0,0,8,21,a0,0,0,45,0,0,0
15:41:12.555,1,300,0,0,8,3,a5,64,5a,64,0,64,e9
15:41:12.620,1,203,0,0,8,0,0,0,0,0,0,0,0
15:41:12.683,1,401,0,0,8,f7,9f,0,0,76,0,0,0
15:41:12.747,1,206,0,0,8,0,0,0,0,0,0,0,0
15:41:12.811,1,201,0,0,5,32,0,0,0,63,,,
15:41:12.875,1,300,0,0,8,3,a5,64,5a,64,0,64,ef
15:41:12.939,1,206,0,0,8,0,0,0,0,0,0,0,0
15:41:13.003,1,401,0,0,8,7,a0,0,0,86,1,0,0
15:41:13.068,1,300,0,0,8,3,a5,64,5a,64,0,64,63
15:41:13.131,1,400,0,0,8,1,0,2c,0,0,0,0,0
15:41:13.195,1,401,0,0,8,1d,a0,0,0,bc,1,0,0
15:41:13.260,1,300,0,0,8,3,a5,64,5a,64,0,64,67
15:41:13.324,1,203,0,0,8,76,0,0,0,0,0,0,0
15:41:13.387,1,402,0,0,8,5e,0,0,0,e0,46,9,0
15:41:13.451,1,300,0,0,8,3,a5,64,5a,64,0,64,eb
15:41:13.515,1,203,0,0,8,8e,0,0,0,0,0,0,0
15:41:13.579,1,401,0,0,8,21,a0,0,0,86,0,0,0
15:41:13.643,1,206,0,0,8,0,0,0,0,0,0,0,0
15:41:13.711,1,401,0,0,8,21,a0,0,0,86,0,0,0
15:41:13.775,1,300,0,0,8,3,a5,64,5a,64,0,64,61
15:41:13.838,1,206,0,0,8,0,0,0,0,0,0,0,0
15:41:13.902,1,401,0,0,8,1f,a0,0,0,8b,0,0,0
15:41:13.967,1,300,0,0,8,3,a5,64,5a,64,0,64,65
15:41:14.033,1,400,0,0,8,1,0,c,0,0,0,0,0
15:41:14.095,1,201,0,0,5,32,0,0,0,63,,,
15:41:14.158,1,300,0,0,8,3,a5,64,5a,64,0,64,e9
15:41:14.222,1,203,0,0,8,0,0,0,0,0,0,0,0
15:41:14.286,1,201,0,0,5,32,0,0,0,63,,,
15:41:14.351,1,300,0,0,8,3,a5,64,5a,64,0,64,ed
15:41:14.414,1,401,0,0,8,19,a0,0,0,e6,0,0,0
15:41:14.479,1,201,0,0,5,32,0,0,0,63,,,
15:41:14.542,1,206,0,0,8,0,0,0,0,0,0,0,0
15:41:14.606,1,201,0,0,5,32,0,0,0,63,,,
15:41:14.670,1,300,0,0,8,3,a5,64,5a,64,0,64,63
15:41:14.735,1,400,0,0,8,1,0,c,0,0,0,0,0
15:41:14.798,1,201,0,0,5,32,0,0,0,63,,,
15:41:14.862,1,300,0,0,8,3,a5,64,5a,64,0,64,67
15:41:14.926,1,203,0,0,8,c5,0,0,0,0,0,0,0
15:41:14.991,1,201,0,0,5,32,0,0,0,63,,,
15:41:15.054,1,300,0,0,8,3,a5,64,5a,64,0,64,eb
15:41:15.118,1,203,0,0,8,df,0,0,0,0,0,0,0
15:41:15.183,1,201,0,0,5,32,0,0,0,63,,,
15:41:15.246,1,206,0,0,8,0,0,0,0,0,0,0,0
15:41:15.311,1,201,0,0,5,32,0,0,0,63,,,
15:41:15.374,1,300,0,0,8,3,a5,64,5a,64,0,64,61
15:41:15.438,1,206,0,0,8,0,0,0,0,0,0,0,0
15:41:15.502,1,201,0,0,5,32,0,0,0,63,,,
15:41:15.567,1,300,0,0,8,3,a5,64,5a,64,0,64,65
15:41:15.631,1,400,0,0,8,1,0,2c,0,0,0,0,0
15:41:15.695,1,201,0,0,5,32,0,0,0,63,,,
15:41:15.758,1,300,0,0,8,3,a5,64,5a,64,0,64,e9
15:41:15.822,1,203,0,0,8,88,1,0,0,0,0,0,0
15:41:15.886,1,403,0,0,8,64,0,0,0,40,e3,9,0
15:41:15.950,1,206,0,0,8,0,0,0,0,0,0,0,0
15:41:16.015,1,201,0,0,5,32,0,0,0,63,,,
15:41:16.078,1,301,0,0,3,e8,f,0,,,,,
15:41:16.142,1,206,0,0,8,0,0,0,0,0,0,0,0
15:41:16.206,1,201,0,0,5,32,0,0,0,63,,,
15:41:16.272,1,300,0,0,8,3,a5,64,5a,64,0,64,63
15:41:16.334,1,400,0,0,8,1,0,2c,0,0,0,0,0
15:41:16.398,1,402,0,0,8,5e,0,0,0,e0,46,9,0
15:41:16.463,1,404,0,0,2,22,0,,,,,,
15:41:16.526,1,203,0,0,8,4a,2,0,0,0,0,0,0
15:41:16.590,1,201,0,0,5,32,0,0,0,63,,,
15:41:16.654,1,404,0,0,2,27,0,,,,,,
15:41:16.718,1,401,0,0,8,ba,9f,0,0,fe,2,0,0
15:41:16.782,1,404,0,0,2,50,0,,,,,,
15:41:16.849,1,206,0,0,8,0,0,0,0,0,0,0,0
15:41:16.911,1,404,0,0,2,4,0,,,,,,
15:41:16.976,1,300,0,0,8,3,a5,64,5a,64,0,64,61
15:41:17.040,1,400,0,0,8,1,0,2c,0,0,0,0,0
15:41:17.104,1,201,0,0,5,be,0,0,0,63,,,
15:41:17.168,1,300,0,0,8,3,a5,64,5a,64,0,64,65
15:41:17.232,1,400,0,0,8,1,0,2c,0,0,0,0,0
15:41:17.296,1,201,0,0,5,be,0,0,0,63,,,
15:41:17.360,1,300,0,0,8,3,a5,64,5a,64,0,64,e9
15:41:17.424,1,203,0,0,8,77,3,0,0,0,0,0,0
15:41:17.488,1,201,0,0,5,be,0,0,0,63,,,
15:41:17.552,1,300,0,0,8,3,a5,64,5a,64,0,64,ed
15:41:17.616,1,401,0,0,8,ae,9f,0,0,e9,4,0,0
15:41:17.680,1,201,0,0,5,be,0,0,0,63,,,
15:41:17.744,1,206,0,0,8,0,0,0,0,0,0,0,0
15:41:17.808,1,201,0,0,5,be,0,0,0,63,,,
15:41:17.872,1,300,0,0,8,3,a5,64,5a,64,0,64,63
15:41:17.936,1,204,0,0,8,0,0,0,0,0,0,0,0
15:41:18.002,1,201,0,0,5,be,0,0,0,63,,,
15:41:18.064,1,300,0,0,8,3,a5,64,5a,64,0,64,67
15:41:18.128,1,301,0,0,3,80,8,0,,,,,
15:41:18.192,1,201,0,0,5,be,0,0,0,63,,,
15:41:18.256,1,300,0,0,8,3,a5,64,5a,64,0,64,eb
15:41:18.320,1,401,0,0,8,ff,9f,0,0,d6,1,0,0
15:41:18.384,1,402,0,0,8,5e,0,0,0,bc,46,9,0
15:41:18.448,1,206,0,0,8,0,0,0,0,0,0,0,0
15:41:18.512,1,201,0,0,5,d6,1,0,0,63,,,
15:41:18.576,1,300,0,0,8,3,a5,64,5a,64,0,64,61
15:41:18.640,1,400,0,0,8,1,0,2c,0,0,0,0,0
15:41:18.704,1,201,0,0,5,d6,1,0,0,63,,,
15:41:18.768,1,300,0,0,8,3,a5,64,5a,64,0,64,65
15:41:18.832,1,400,0,0,8,1,0,c,0,0,0,0,0
15:41:18.897,1,403,0,0,8,64,0,0,0,40,e3,9,0
15:41:18.960,1,666,0,0,8,52,8,5,0,52,95,36,2
15:41:19.025,1,401,0,0,8,5,a0,0,0,2c,1,0,0
15:41:19.088,1,201,0,0,5,d6,1,0,0,63,,,
15:41:19.153,1,300,0,0,8,3,a5,64,5a,64,0,64,ed
15:41:19.216,1,401,0,0,8,5,a0,0,0,3d,1,0,0
15:41:19.283,1,201,0,0,5,d6,1,0,0,63,,,
15:41:19.344,1,400,0,0,8,1,0,2c,0,0,0,0,0
15:41:19.409,1,201,0,0,5,d6,1,0,0,63,,,
15:41:19.472,1,300,0,0,8,3,a5,64,5a,64,0,64,63
15:41:19.537,1,400,0,0,8,1,0,2c,0,0,0,0,0
15:41:19.601,1,201,0,0,5,d6,1,0,0,63,,,
15:41:19.664,1,300,0,0,8,3,a5,64,5a,64,0,64,67
15:41:19.728,1,300,0,0,8,3,a5,64,5a,64,0,64,f8
15:41:19.792,1,201,0,0,5,d6,1,0,0,63,,,
15:41:19.856,1,300,0,0,8,3,a5,64,5a,64,0,64,eb
15:41:19.923,1,401,0,0,8,ed,9f,0,0,ec,1,0,0
15:41:19.984,1,201,0,0,5,d6,1,0,0,63,,,
15:41:20.048,1,206,0,0,8,0,0,0,0,0,0,0,0
15:41:20.113,1,201,0,0,5,d6,1,0,0,63,,,
15:41:20.176,1,300,0,0,8,3,a5,64,5a,64,0,64,61
15:41:20.240,1,400,0,0,8,1,0,2c,0,0,0,0,0
15:41:20.305,1,201,0,0,5,b8,1,0,0,63,,,
15:41:20.368,1,300,0,0,8,3,a5,64,5a,64,0,64,65
15:41:20.432,1,400,0,0,8,1,0,2c,0,0,0,0,0
15:41:20.496,1,201,0,0,5,b8,1,0,0,63,,,
15:41:20.560,1,300,0,0,8,3,a5,64,5a,64,0,64,e9
15:41:20.624,1,203,0,0,8,93,3,0,0,0,0,0,80
15:41:20.688,1,201,0,0,5,b8,1,0,0,63,,,
15:41:20.760,1,300,0,0,8,3,a5,64,5a,64,0,64,ed
15:41:20.816,1,203,0,0,8,d,3,0,0,0,0,0,80
15:41:20.880,1,301,0,0,3,e8,f,0,,,,,
15:41:20.944,1,400,0,0,8,1,0,2c,0,0,0,0,0
15:41:21.008,1,201,0,0,5,b8,1,0,0,63,,,
15:41:21.073,1,300,0,0,8,3,a5,64,5a,64,0,64,63
15:41:21.136,1,400,0,0,8,1,0,2c,0,0,0,0,0
15:41:21.200,1,201,0,0,5,b8,1,0,0,63,,,
15:41:21.264,1,300,0,0,8,3,a5,64,5a,64,0,64,67
15:41:21.328,1,401,0,0,8,41,9f,0,0,97,8,0,0
15:41:21.396,1,402,0,0,8,5e,0,0,0,bc,46,9,0
15:41:21.461,1,300,0,0,8,3,a5,64,5a,64,0,64,eb
15:41:21.525,1,203,0,0,8,52,2,0,0,0,0,0,80
15:41:21.588,1,201,0,0,5,b8,1,0,0,63,,,
15:41:21.652,1,300,0,0,8,3,a5,64,5a,64,0,64,ef
15:41:21.716,1,203,0,0,8,53,2,0,0,0,0,0,80
15:41:21.781,1,300,0,0,8,3,a5,64,5a,64,0,64,61
15:41:21.845,1,400,0,0,8,1,0,2c,0,0,0,0,0
15:41:21.908,1,403,0,0,8,64,0,0,0,40,e3,9,0
15:41:21.972,1,665,0,0,8,0,0,0,53,4c,18,53,0
15:41:22.036,1,400,0,0,8,1,0,2c,0,0,0,0,0
15:41:22.103,1,201,0,0,5,b8,1,0,0,63,,,
15:41:22.164,1,300,0,0,8,3,a5,64,5a,64,0,64,e9
15:41:22.228,1,203,0,0,8,7b,2,0,0,0,0,0,80
15:41:22.292,1,201,0,0,5,86,1,0,0,63,,,
15:41:22.357,1,300,0,0,8,3,a5,64,5a,64,0,64,ed
15:41:22.420,1,203,0,0,8,81,2,0,0,0,0,0,80
15:41:22.484,1,201,0,0,5,5e,1,0,0,63,,,
15:41:22.549,1,206,0,0,8,0,0,0,0,0,0,0,0
15:41:22.613,1,201,0,0,5,40,1,0,0,63,,,
15:41:22.676,1,300,0,0,8,3,a5,64,5a,64,0,64,63
15:41:22.740,1,206,0,0,8,0,0,0,0,0,0,0,0
15:41:22.809,1,201,0,0,5,40,1,0,0,63,,,
15:41:22.871,1,300,0,0,8,3,a5,64,5a,64,0,64,67
15:41:22.938,1,204,0,0,8,0,0,0,0,0,0,0,0
15:41:23.000,1,201,0,0,5,40,1,0,0,63,,,
15:41:23.063,1,300,0,0,8,3,a5,64,5a,64,0,64,eb
15:41:23.127,1,203,0,0,8,34,2,0,0,0,0,0,80
15:41:23.191,1,201,0,0,5,40,1,0,0,63,,,
15:41:23.255,1,300,0,0,8,3,a5,64,5a,64,0,64,ef
15:41:23.319,1,203,0,0,8,2f,2,0,0,0,0,0,80
15:41:23.383,1,402,0,0,8,5e,0,0,0,98,46,9,0
15:41:23.448,1,206,0,0,8,0,0,0,0,0,0,0,0
15:41:23.511,1,201,0,0,5,40,1,0,0,63,,,
15:41:23.575,1,300,0,0,8,3,a5,64,5a,64,0,64,65
15:41:23.640,1,206,0,0,8,0,0,0,0,0,0,0,0
15:41:23.767,1,300,0,0,8,3,a5,64,5a,64,0,64,e9
15:41:23.832,1,300,0,0,8,3,a5,64,5a,64,0,64,fa
15:41:23.895,1,403,0,0,8,64,0,0,0,40,e3,9,0
15:41:23.959,1,300,0,0,8,3,a5,64,5a,64,0,64,ed
15:41:24.024,1,203,0,0,8,51,2,0,0,0,0,0,80
15:41:24.087,1,201,0,0,5,40,1,0,0,63,,,
15:41:24.151,1,206,0,0,8,0,0,0,0,0,0,0,0
15:41:24.215,1,201,0,0,5,40,1,0,0,63,,,
15:41:24.280,1,300,0,0,8,3,a5,64,5a,64,0,64,63
15:41:24.349,1,404,0,0,2,a3,1,,,,,,
15:41:24.410,1,404,0,0,2,21,0,,,,,,
15:41:24.471,1,404,0,0,2,23,0,,,,,,
15:41:24.535,1,401,0,0,8,35,9f,0,0,bc,8,0,0
15:41:24.599,1,404,0,0,2,27,0,,,,,,
15:41:24.666,1,300,0,0,8,3,a5,64,5a,64,0,64,eb
15:41:24.727,1,203,0,0,8,79,2,0,0,0,0,0,80
15:41:24.792,1,201,0,0,5,40,1,0,0,63,,,
15:41:24.856,1,400,0,0,8,1,0,2c,0,0,0,0,0
15:41:24.919,1,203,0,0,8,7a,2,0,0,0,0,0,80
15:41:24.983,1,200,0,0,8,5e,0,d1,46,9,0,1,0
15:41:25.047,1,206,0,0,8,0,0,0,0,0,0,0,0
15:41:25.111,1,201,0,0,5,40,1,0,0,63,,,
15:41:25.178,1,300,0,0,8,3,a5,64,5a,64,0,64,65
15:41:25.244,1,206,0,0,8,0,0,0,0,0,0,0,0
15:41:25.305,1,201,0,0,5,18,1,0,0,63,,,
15:41:25.372,1,300,0,0,8,3,a5,64,5a,64,0,64,e9
15:41:25.433,1,401,0,0,8,2f,9f,0,0,be,8,0,0
15:41:25.498,1,201,0,0,5,18,1,0,0,63,,,
15:41:25.561,1,300,0,0,8,3,a5,64,5a,64,0,64,ed
15:41:25.625,1,203,0,0,8,6b,2,0,0,0,0,0,80
15:41:25.694,1,201,0,0,5,18,1,0,0,63,,,
15:41:25.756,1,206,0,0,8,0,0,0,0,0,0,0,0
15:41:25.820,1,203,0,0,8,66,2,0,0,0,0,0,80
15:41:25.884,1,201,0,0,5,18,1,0,0,63,,,
15:41:25.948,1,206,0,0,8,0,0,0,0,0,0,0,0
15:41:26.013,1,201,0,0,5,18,1,0,0,63,,,
15:41:26.076,1,300,0,0,8,3,a5,64,5a,64,0,64,67
15:41:26.140,1,401,0,0,8,2d,9f,0,0,c0,8,0,0
15:41:26.204,1,201,0,0,5,18,1,0,0,63,,,
15:41:26.268,1,300,0,0,8,3,a5,64,5a,64,0,64,eb
15:41:26.333,1,301,0,0,3,b5,c,0,,,,,
15:41:26.396,1,201,0,0,5,18,1,0,0,63,,,
15:41:26.460,1,400,0,0,8,1,0,2c,0,0,0,0,0
15:41:26.524,1,203,0,0,8,40,2,0,0,0,0,0,80
15:41:26.589,1,201,0,0,5,18,1,0,0,63,,,
15:41:26.652,1,206,0,0,8,0,0,0,0,0,0,0,0
15:41:26.716,1,201,0,0,5,18,1,0,0,63,,,
15:41:26.780,1,300,0,0,8,3,a5,64,5a,64,0,64,65
15:41:26.844,1,206,0,0,8,0,0,0,0,0,0,0,0
15:41:26.909,1,201,0,0,5,18,1,0,0,63,,,
15:41:26.973,1,300,0,0,8,3,a5,64,5a,64,0,64,e9
15:41:27.037,1,401,0,0,8,2b,9f,0,0,bc,8,0,0
15:41:27.100,1,201,0,0,5,18,1,0,0,63,,,
15:41:27.164,1,300,0,0,8,3,a5,64,5a,64,0,64,ed
15:41:27.228,1,203,0,0,8,73,2,0,0,0,0,0,80
15:41:27.292,1,201,0,0,5,18,1,0,0,63,,,
15:41:27.356,1,400,0,0,8,1,0,2c,0,0,0,0,0
15:41:27.420,1,402,0,0,8,5e,0,0,0,2c,46,9,0
15:41:27.484,1,201,0,0,5,18,1,0,0,63,,,
15:41:27.548,1,206,0,0,8,0,0,0,0,0,0,0,0
15:41:27.612,1,201,0,0,5,18,1,0,0,63,,,
15:41:27.676,1,300,0,0,8,3,a5,64,5a,64,0,64,67
15:41:27.741,1,401,0,0,8,29,9f,0,0,bd,8,0,0
15:41:27.805,1,201,0,0,5,18,1,0,0,63,,,
15:41:27.868,1,300,0,0,8,3,a5,64,5a,64,0,64,eb
15:41:27.932,1,301,0,0,3,b5,c,0,,,,,
15:41:27.996,1,201,0,0,5,18,1,0,0,63,,,
15:41:28.060,1,400,0,0,8,1,0,2c,0,0,0,0,0
15:41:28.124,1,203,0,0,8,49,2,0,0,0,0,0,80
15:41:28.188,1,201,0,0,5,18,1,0,0,63,,,
15:41:28.254,1,206,0,0,8,0,0,0,0,0,0,0,0
15:41:28.317,1,201,0,0,5,18,1,0,0,63,,,
15:41:28.380,1,300,0,0,8,3,a5,64,5a,64,0,64,65
15:41:28.444,1,401,0,0,8,27,9f,0,0,c0,8,0,0
15:41:28.508,1,201,0,0,5,18,1,0,0,63,,,
15:41:28.572,1,300,0,0,8,3,a5,64,5a,64,0,64,e9
15:41:28.637,1,401,0,0,8,27,9f,0,0,c0,8,0,0
15:41:28.700,1,201,0,0,5,18,1,0,0,63,,,
15:41:28.766,1,400,0,0,8,1,0,2c,0,0,0,0,0
15:41:28.829,1,203,0,0,8,34,2,0,0,0,0,0,80
15:41:28.893,1,201,0,0,5,18,1,0,0,63,,,
15:41:28.960,1,400,0,0,8,1,0,2c,0,0,0,0,0
15:41:29.021,1,203,0,0,8,36,2,0,0,0,0,0,80
15:41:29.085,1,201,0,0,5,18,1,0,0,63,,,
15:41:29.149,1,206,0,0,8,0,0,0,0,0,0,0,0
15:41:29.213,1,201,0,0,5,18,1,0,0,63,,,
15:41:29.277,1,300,0,0,8,3,a5,64,5a,64,0,64,67
15:41:29.342,1,401,0,0,8,27,9f,0,0,bc,8,0,0
15:41:29.405,1,201,0,0,5,18,1,0,0,63,,,
15:41:29.469,1,300,0,0,8,3,a5,64,5a,64,0,64,eb
15:41:29.533,1,301,0,0,3,b5,c,0,,,,,
15:41:29.597,1,201,0,0,5,18,1,0,0,63,,,
15:41:29.663,1,400,0,0,8,1,0,2c,0,0,0,0,0
15:41:29.725,1,203,0,0,8,68,2,0,0,0,0,0,80
15:41:29.789,1,201,0,0,5,18,1,0,0,63,,,
15:41:29.853,1,206,0,0,8,0,0,0,0,0,0,0,0
15:41:29.917,1,201,0,0,5,18,1,0,0,63,,,
15:41:29.981,1,300,0,0,8,3,a5,64,5a,64,0,64,65
15:41:30.046,1,401,0,0,8,21,9f,0,0,bf,8,0,0
15:41:30.110,1,201,0,0,5,18,1,0,0,63,,,
15:41:30.173,1,300,0,0,8,3,a5,64,5a,64,0,64,e9
15:41:30.237,1,401,0,0,8,21,9f,0,0,bf,8,0,0
15:41:30.301,1,201,0,0,5,18,1,0,0,63,,,
15:41:30.365,1,400,0,0,8,1,0,2c,0,0,0,0,0
15:41:30.432,1,402,0,0,8,5e,0,0,0,e4,45,9,0
15:41:30.494,1,201,0,0,5,18,1,0,0,63,,,
15:41:30.558,1,400,0,0,8,1,0,2c,0,0,0,0,0
15:41:30.621,1,203,0,0,8,78,2,0,0,0,0,0,80
15:41:30.685,1,201,0,0,5,18,1,0,0,63,,,
15:41:30.749,1,401,0,0,8,23,9f,0,0,bd,8,0,0
15:41:30.814,1,201,0,0,5,18,1,0,0,63,,,
15:41:30.878,1,300,0,0,8,3,a5,64,5a,64,0,64,67
15:41:30.941,1,204,0,0,8,0,0,0,0,0,0,0,0
15:41:31.006,1,201,0,0,5,18,1,0,0,63,,,
15:41:31.069,1,400,0,0,8,1,0,2c,0,0,0,0,0
15:41:31.133,1,301,0,0,3,b5,c,0,,,,,
15:41:31.198,1,201,0,0,5,18,1,0,0,63,,,
15:41:31.264,1,400,0,0,8,1,0,2c,0,0,0,0,0
15:41:31.325,1,203,0,0,8,5f,2,0,0,0,0,0,80
15:41:31.390,1,201,0,0,5,18,1,0,0,63,,,
15:41:31.455,1,206,0,0,8,0,0,0,0,0,0,0,0
15:41:31.518,1,201,0,0,5,18,1,0,0,63,,,
15:41:31.582,1,300,0,0,8,3,a5,64,5a,64,0,64,65
15:41:31.646,1,401,0,0,8,21,9f,0,0,c0,8,0,0
15:41:31.710,1,201,0,0,5,18,1,0,0,63,,,
15:41:31.774,1,300,0,0,8,3,a5,64,5a,64,0,64,e9
15:41:31.839,1,401,0,0,8,21,9f,0,0,be,8,0,0
15:41:31.902,1,201,0,0,5,18,1,0,0,63,,,
15:41:31.966,1,400,0,0,8,1,0,2c,0,0,0,0,0
15:41:32.030,1,203,0,0,8,67,2,0,0,0,0,0,80
15:41:32.094,1,201,0,0,5,18,1,0,0,63,,,
15:41:32.158,1,400,0,0,8,1,0,2c,0,0,0,0,0
15:41:32.222,1,404,0,0,2,4a,0,,,,,,
15:41:32.286,1,404,0,0,2,44,0,,,,,,
15:41:32.351,1,401,0,0,8,21,9f,0,0,bf,8,0,0
15:41:32.414,1,201,0,0,5,18,1,0,0,63,,,
15:41:32.479,1,404,0,0,2,23,0,,,,,,
15:41:32.542,1,401,0,0,8,1f,9f,0,0,be,8,0,0
15:41:32.606,1,201,0,0,5,18,1,0,0,63,,,
15:41:32.671,1,400,0,0,8,1,0,2c,0,0,0,0,0
15:41:32.735,1,301,0,0,3,b5,c,0,,,,,
15:41:32.799,1,404,0,0,2,4,0,,,,,,
15:41:32.862,1,400,0,0,8,1,0,2c,0,0,0,0,0
15:41:32.926,1,203,0,0,8,88,2,0,0,0,0,0,80
15:41:32.991,1,201,0,0,5,18,1,0,0,63,,,
15:41:33.054,1,206,0,0,8,0,0,0,0,0,0,0,0
15:41:33.119,1,201,0,0,5,18,1,0,0,63,,,
15:41:33.182,1,300,0,0,8,3,a5,64,5a,64,0,64,65
15:41:33.246,1,206,0,0,8,0,0,0,0,0,0,0,0
15:41:33.310,1,201,0,0,5,18,1,0,0,63,,,
15:41:33.375,1,400,0,0,8,1,0,2c,0,0,0,0,0
15:41:33.438,1,206,0,0,8,0,0,0,0,0,0,0,0
15:41:33.503,1,201,0,0,5,22,1,0,0,63,,,
15:41:33.566,1,400,0,0,8,1,0,2c,0,0,0,0,0
15:41:33.630,1,203,0,0,8,70,2,0,0,0,0,0,80
15:41:33.694,1,201,0,0,5,22,1,0,0,63,,,
15:41:33.758,1,400,0,0,8,1,0,2c,0,0,0,0,0
15:41:33.822,1,203,0,0,8,62,2,0,0,0,0,0,80
15:41:33.887,1,201,0,0,5,22,1,0,0,63,,,
15:41:33.950,1,206,0,0,8,0,0,0,0,0,0,0,0
15:41:34.014,1,201,0,0,5,22,1,0,0,63,,,
15:41:34.078,1,400,0,0,8,1,0,2c,0,0,0,0,0
15:41:34.142,1,206,0,0,8,0,0,0,0,0,0,0,0
15:41:34.206,1,201,0,0,5,22,1,0,0,63,,,
15:41:34.271,1,400,0,0,8,1,0,2c,0,0,0,0,0
15:41:34.334,1,301,0,0,3,b5,c,0,,,,,
15:41:34.398,1,201,0,0,5,22,1,0,0,63,,,
15:41:34.462,1,400,0,0,8,1,0,2c,0,0,0,0,0
15:41:34.527,1,203,0,0,8,5c,2,0,0,0,0,0,80
15:41:34.590,1,201,0,0,5,22,1,0,0,63,,,
15:41:34.655,1,206,0,0,8,0,0,0,0,0,0,0,0
15:41:34.722,1,201,0,0,5,22,1,0,0,63,,,
15:41:34.783,1,300,0,0,8,3,a5,64,5a,64,0,64,65
15:41:34.852,1,206,0,0,8,0,0,0,0,0,0,0,0
15:41:34.911,1,201,0,0,5,22,1,0,0,63,,,
15:41:34.974,1,400,0,0,8,1,0,2c,0,0,0,0,0
15:41:35.038,1,206,0,0,8,0,0,0,0,0,0,0,0
15:41:35.102,1,201,0,0,5,22,1,0,0,63,,,
15:41:35.167,1,400,0,0,8,1,0,2c,0,0,0,0,0
15:41:35.231,1,203,0,0,8,8e,2,0,0,0,0,0,80
15:41:35.295,1,201,0,0,5,22,1,0,0,63,,,
15:41:35.358,1,401,0,0,8,1d,9f,0,0,bf,8,0,0
15:41:35.423,1,203,0,0,8,93,2,0,0,0,0,0,80
15:41:35.487,1,201,0,0,5,22,1,0,0,63,,,
15:41:35.553,1,206,0,0,8,0,0,0,0,0,0,0,0
15:41:35.615,1,201,0,0,5,22,1,0,0,63,,,
15:41:35.679,1,400,0,0,8,1,0,2c,0,0,0,0,0
15:41:35.743,1,206,0,0,8,0,0,0,0,0,0,0,0
15:41:35.807,1,201,0,0,5,22,1,0,0,63,,,
15:41:35.871,1,400,0,0,8,1,0,2c,0,0,0,0,0
15:41:35.935,1,300,0,0,8,3,a5,64,5a,64,0,64,fc
15:41:35.999,1,201,0,0,5,22,1,0,0,63,,,
15:41:36.067,1,401,0,0,8,17,9f,0,0,bf,8,0,0
15:41:36.127,1,203,0,0,8,9a,2,0,0,0,0,0,80
15:41:36.191,1,201,0,0,5,22,1,0,0,63,,,
15:41:36.255,1,206,0,0,8,0,0,0,0,0,0,0,0
15:41:36.319,1,201,0,0,5,22,1,0,0,63,,,
15:41:36.383,1,400,0,0,8,1,0,2c,0,0,0,0,0
15:41:36.448,1,206,0,0,8,0,0,0,0,0,0,0,0
15:41:36.511,1,201,0,0,5,22,1,0,0,63,,,
15:41:36.575,1,400,0,0,8,1,0,2c,0,0,0,0,0
15:41:36.639,1,206,0,0,8,0,0,0,0,0,0,0,0
15:41:36.703,1,201,0,0,5,22,1,0,0,63,,,
15:41:36.768,1,400,0,0,8,1,0,2c,0,0,0,0,0
15:41:36.831,1,203,0,0,8,89,2,0,0,0,0,0,80
15:41:36.895,1,201,0,0,5,22,1,0,0,63,,,
15:41:36.958,1,401,0,0,8,17,9f,0,0,bf,8,0,0
15:41:37.023,1,203,0,0,8,89,2,0,0,0,0,0,80
15:41:37.087,1,301,0,0,3,96,3,0,,,,,
15:41:37.151,1,206,0,0,8,0,0,0,0,0,0,0,0
15:41:37.215,1,201,0,0,5,22,1,0,0,63,,,
15:41:37.283,1,400,0,0,8,1,0,2c,0,0,0,0,0
15:41:37.343,1,206,0,0,8,0,0,0,0,0,0,0,0
15:41:37.407,1,201,0,0,5,22,1,0,0,63,,,
15:41:37.471,1,400,0,0,8,1,0,2c,0,0,0,0,0
15:41:37.536,1,300,0,0,8,3,a5,64,5a,64,0,64,fc
15:41:37.599,1,201,0,0,5,22,1,0,0,63,,,
15:41:37.663,1,401,0,0,8,17,9f,0,0,c0,8,0,0
15:41:37.727,1,203,0,0,8,7e,2,0,0,0,0,0,80
15:41:37.791,1,201,0,0,5,22,1,0,0,63,,,
15:41:37.860,1,206,0,0,8,0,0,0,0,0,0,0,0
15:41:37.919,1,201,0,0,5,22,1,0,0,63,,,
15:41:37.983,1,300,0,0,8,3,a5,64,5a,64,0,64,65
15:41:38.048,1,206,0,0,8,0,0,0,0,0,0,0,0
15:41:38.111,1,201,0,0,5,22,1,0,0,63,,,
15:41:38.175,1,300,0,0,8,3,a5,64,5a,64,0,64,e9
15:41:38.239,1,206,0,0,8,0,0,0,0,0,0,0,0
15:41:38.303,1,201,0,0,5,22,1,0,0,63,,,
15:41:38.369,1,401,0,0,8,17,9f,0,0,bf,8,0,0
15:41:38.431,1,203,0,0,8,67,2,0,0,0,0,0,80
15:41:38.498,1,201,0,0,5,22,1,0,0,63,,,
15:41:38.559,1,401,0,0,8,15,9f,0,0,c0,8,0,0
15:41:38.623,1,203,0,0,8,28,2,0,0,0,0,0,80
15:41:38.687,1,301,0,0,3,96,3,0,,,,,
15:41:38.751,1,206,0,0,8,0,0,0,0,0,0,0,0
15:41:38.815,1,201,0,0,5,18,1,0,0,63,,,
15:41:38.879,1,300,0,0,8,3,a5,64,5a,64,0,64,67
15:41:38.943,1,204,0,0,8,0,0,0,0,0,0,0,0
15:41:39.007,1,201,0,0,5,18,1,0,0,63,,,
15:41:39.071,1,300,0,0,8,3,a5,64,5a,64,0,64,eb
15:41:39.135,1,300,0,0,8,3,a5,64,5a,64,0,64,fc
15:41:39.199,1,201,0,0,5,18,1,0,0,63,,,
15:41:39.263,1,401,0,0,8,11,9f,0,0,c0,8,0,0
15:41:39.327,1,203,0,0,8,2e,2,0,0,0,0,0,80
15:41:39.391,1,400,0,0,8,1,0,2c,0,0,0,0,0
15:41:39.455,1,206,0,0,8,0,0,0,0,0,0,0,0
15:41:39.519,1,201,0,0,5,18,1,0,0,63,,,
15:41:39.583,1,300,0,0,8,3,a5,64,5a,64,0,64,65
15:41:39.647,1,206,0,0,8,0,0,0,0,0,0,0,0
15:41:39.711,1,201,0,0,5,18,1,0,0,63,,,
15:41:39.775,1,300,0,0,8,3,a5,64,5a,64,0,64,e9
15:41:39.839,1,206,0,0,8,0,0,0,0,0,0,0,0
15:41:39.903,1,201,0,0,5,18,1,0,0,63,,,
15:41:39.967,1,666,0,0,8,52,8,5,0,52,95,36,2
15:41:40.031,1,203,0,0,8,68,2,0,0,0,0,0,80
15:41:40.095,1,201,0,0,5,18,1,0,0,63,,,
15:41:40.159,1,401,0,0,8,13,9f,0,0,be,8,0,0
15:41:40.223,1,404,0,0,2,4a,0,,,,,,
15:41:40.289,1,301,0,0,3,96,3,0,,,,,
15:41:40.351,1,206,0,0,8,0,0,0,0,0,0,0,0
15:41:40.415,1,201,0,0,5,18,1,0,0,63,,,
15:41:40.479,1,404,0,0,2,23,0,,,,,,
15:41:40.543,1,206,0,0,8,0,0,0,0,0,0,0,0
15:41:40.607,1,201,0,0,5,18,1,0,0,63,,,
15:41:40.671,1,401,0,0,8,15,9f,0,0,c0,8,0,0
15:41:40.735,1,300,0,0,8,3,a5,64,5a,64,0,64,fc
15:41:40.799,1,404,0,0,2,4,0,,,,,,
15:41:40.863,1,401,0,0,8,f,9f,0,0,bf,8,0,0
15:41:40.927,1,203,0,0,8,90,2,0,0,0,0,0,80
15:41:40.991,1,400,0,0,8,1,0,2c,0,0,0,0,0
15:41:41.055,1,206,0,0,8,0,0,0,0,0,0,0,0
15:41:41.119,1,201,0,0,5,18,1,0,0,63,,,
15:41:41.183,1,300,0,0,8,3,a5,64,5a,64,0,64,65
15:41:41.247,1,206,0,0,8,0,0,0,0,0,0,0,0
15:41:41.314,1,201,0,0,5,18,1,0,0,63,,,
15:41:41.375,1,401,0,0,8,13,9f,0,0,c0,8,0,0
15:41:41.439,1,402,0,0,8,5e,0,0,0,e8,44,9,0
15:41:41.503,1,201,0,0,5,18,1,0,0,63,,,
15:41:41.567,1,401,0,0,8,f,9f,0,0,c1,8,0,0
15:41:41.631,1,203,0,0,8,35,2,0,0,0,0,0,80
15:41:41.695,1,400,0,0,8,1,0,2c,0,0,0,0,0
15:41:41.759,1,206,0,0,8,0,0,0,0,0,0,0,0
15:41:41.823,1,203,0,0,8,29,2,0,0,0,0,0,80
15:41:41.887,1,300,0,0,8,3,a5,64,5a,64,0,64,63
15:41:41.951,1,403,0,0,8,64,0,0,0,40,e3,9,0
15:41:42.019,1,201,0,0,5,18,1,0,0,63,,,
15:41:42.079,1,300,0,0,8,3,a5,64,5a,64,0,64,67
15:41:42.143,1,206,0,0,8,0,0,0,0,0,0,0,0
15:41:42.207,1,201,0,0,5,18,1,0,0,63,,,
15:41:42.271,1,401,0,0,8,f,9f,0,0,c2,8,0,0
15:41:42.335,1,203,0,0,8,19,2,0,0,0,0,0,80
15:41:42.399,1,201,0,0,5,18,1,0,0,63,,,
15:41:42.463,1,401,0,0,8,11,9f,0,0,c2,8,0,0
15:41:42.527,1,203,0,0,8,16,2,0,0,0,0,0,80
15:41:42.591,1,400,0,0,8,1,0,2c,0,0,0,0,0
15:41:42.655,1,206,0,0,8,0,0,0,0,0,0,0,0
15:41:42.719,1,201,0,0,5,18,1,0,0,63,,,
15:41:42.783,1,300,0,0,8,3,a5,64,5a,64,0,64,65
15:41:42.847,1,206,0,0,8,0,0,0,0,0,0,0,0
15:41:42.911,1,201,0,0,5,18,1,0,0,63,,,
15:41:42.975,1,401,0,0,8,d,9f,0,0,c1,8,0,0
15:41:43.039,1,206,0,0,8,0,0,0,0,0,0,0,0
15:41:43.103,1,201,0,0,5,18,1,0,0,63,,,
15:41:43.160,1,401,0,0,8,d,9f,0,0,bf,8,0,0
15:41:43.231,1,203,0,0,8,2c,2,0,0,0,0,0,80
15:41:43.295,1,400,0,0,8,1,0,2c,0,0,0,0,0
15:41:43.359,1,206,0,0,8,0,0,0,0,0,0,0,0
15:41:43.423,1,201,0,0,5,18,1,0,0,63,,,
15:41:43.487,1,300,0,0,8,3,a5,64,5a,64,0,64,63
15:41:43.551,1,206,0,0,8,0,0,0,0,0,0,0,0
15:41:43.615,1,201,0,0,5,18,1,0,0,63,,,
15:41:43.679,1,401,0,0,8,b,9f,0,0,be,8,0,0
15:41:43.743,1,206,0,0,8,0,0,0,0,0,0,0,0
15:41:43.807,1,201,0,0,5,18,1,0,0,63,,,
15:41:43.871,1,401,0,0,8,b,9f,0,0,c0,8,0,0
15:41:43.935,1,203,0,0,8,4c,2,0,0,0,0,0,80
15:41:43.999,1,400,0,0,8,1,0,2c,0,0,0,0,0
15:41:44.063,1,401,0,0,8,b,9f,0,0,c0,8,0,0
15:41:44.127,1,203,0,0,8,4f,2,0,0,0,0,0,80
15:41:44.191,1,400,0,0,8,1,0,2c,0,0,0,0,0
15:41:44.255,1,206,0,0,8,0,0,0,0,0,0,0,0
15:41:44.319,1,201,0,0,5,4,1,0,0,63,,,
15:41:44.383,1,300,0,0,8,3,a5,64,5a,64,0,64,65
15:41:44.452,1,206,0,0,8,0,0,0,0,0,0,0,0
15:41:44.511,1,201,0,0,5,4,1,0,0,63,,,
15:41:44.575,1,401,0,0,8,b,9f,0,0,c0,8,0,0
15:41:44.639,1,206,0,0,8,0,0,0,0,0,0,0,0
15:41:44.703,1,400,0,0,8,1,0,2c,0,0,0,0,0
15:41:44.767,1,401,0,0,8,f,9f,0,0,c0,8,0,0
15:41:44.831,1,203,0,0,8,51,2,0,0,0,0,0,80
15:41:44.895,1,400,0,0,8,1,0,2c,0,0,0,0,0
15:41:44.959,1,206,0,0,8,0,0,0,0,0,0,0,0
15:41:45.023,1,201,0,0,5,4,1,0,0,63,,,
15:41:45.087,1,300,0,0,8,3,a5,64,5a,64,0,64,63
15:41:45.151,1,206,0,0,8,0,0,0,0,0,0,0,0
15:41:45.215,1,201,0,0,5,4,1,0,0,63,,,
15:41:45.279,1,401,0,0,8,b,9f,0,0,c0,8,0,0
15:41:45.343,1,206,0,0,8,0,0,0,0,0,0,0,0
15:41:45.407,1,201,0,0,5,4,1,0,0,63,,,
15:41:45.471,1,401,0,0,8,d,9f,0,0,c0,8,0,0
15:41:45.535,1,203,0,0,8,54,2,0,0,0,0,0,80
15:41:45.599,1,400,0,0,8,1,0,2c,0,0,0,0,0
15:41:45.663,1,401,0,0,8,d,9f,0,0,c0,8,0,0
15:41:45.728,1,203,0,0,8,69,2,0,0,0,0,0,80
15:41:45.791,1,400,0,0,8,1,0,2c,0,0,0,0,0
15:41:45.855,1,206,0,0,8,0,0,0,0,0,0,0,0
15:41:45.919,1,201,0,0,5,4,1,0,0,63,,,
15:41:45.983,1,665,0,0,8,0,0,0,53,4c,18,53,0
15:41:46.047,1,206,0,0,8,0,0,0,0,0,0,0,0
15:41:46.111,1,201,0,0,5,4,1,0,0,63,,,
15:41:46.176,1,401,0,0,8,b,9f,0,0,c0,8,0,0
15:41:46.239,1,300,0,0,8,3,a5,64,5a,64,0,64,fa
15:41:46.303,1,400,0,0,8,1,0,2c,0,0,0,0,0
15:41:46.367,1,401,0,0,8,b,9f,0,0,c1,8,0,0
15:41:46.431,1,203,0,0,8,9d,2,0,0,0,0,0,80
15:41:46.500,1,400,0,0,8,1,0,2c,0,0,0,0,0
15:41:46.559,1,206,0,0,8,0,0,0,0,0,0,0,0
15:41:46.623,1,201,0,0,5,4,1,0,0,63,,,
15:41:46.687,1,401,0,0,8,5,9f,0,0,c2,8,0,0
15:41:46.751,1,206,0,0,8,0,0,0,0,0,0,0,0
15:41:46.815,1,201,0,0,5,4,1,0,0,63,,,
15:41:46.879,1,401,0,0,8,b,9f,0,0,c0,8,0,0
15:41:46.943,1,204,0,0,8,0,0,0,0,0,0,0,0
15:41:47.007,1,400,0,0,8,1,0,2c,0,0,0,0,0
15:41:47.071,1,401,0,0,8,b,9f,0,0,c0,8,0,0
15:41:47.135,1,203,0,0,8,75,2,0,0,0,0,0,80
15:41:47.199,1,400,0,0,8,1,0,2c,0,0,0,0,0
15:41:47.263,1,401,0,0,8,9,9f,0,0,c0,8,0,0
15:41:47.327,1,203,0,0,8,3a,2,0,0,0,0,0,80
15:41:47.392,1,301,0,0,3,b3,1,0,,,,,
15:41:47.455,1,206,0,0,8,0,0,0,0,0,0,0,0
15:41:47.519,1,201,0,0,5,22,1,0,0,63,,,
15:41:47.583,1,401,0,0,8,b,9f,0,0,c1,8,0,0
15:41:47.647,1,206,0,0,8,0,0,0,0,0,0,0,0
15:41:47.711,1,201,0,0,5,22,1,0,0,63,,,
15:41:47.776,1,401,0,0,8,b,9f,0,0,c1,8,0,0
15:41:47.839,1,300,0,0,8,3,a5,64,5a,64,0,64,fa
15:41:47.903,1,400,0,0,8,1,0,2c,0,0,0,0,0
15:41:47.967,1,403,0,0,8,64,0,0,0,40,e3,9,0
15:41:48.031,1,203,0,0,8,73,2,0,0,0,0,0,80
15:41:48.095,1,400,0,0,8,1,0,2c,0,0,0,0,0
15:41:48.159,1,206,0,0,8,0,0,0,0,0,0,0,0
15:41:48.223,1,201,0,0,5,22,1,0,0,63,,,
15:41:48.287,1,300,0,0,8,3,a5,64,5a,64,0,64,63
15:41:48.351,1,206,0,0,8,0,0,0,0,0,0,0,0
15:41:48.415,1,201,0,0,5,22,1,0,0,63,,,
15:41:48.479,1,300,0,0,8,3,a5,64,5a,64,0,64,67
15:41:48.543,1,206,0,0,8,0,0,0,0,0,0,0,0
15:41:48.607,1,400,0,0,8,1,0,2c,0,0,0,0,0
15:41:48.671,1,300,0,0,8,3,a5,64,5a,64,0,64,eb
15:41:48.735,1,203,0,0,8,c6,2,0,0,0,0,0,80
15:41:48.799,1,400,0,0,8,1,0,2c,0,0,0,0,0
15:41:48.864,1,404,0,0,2,b1,1,,,,,,
15:41:48.927,1,203,0,0,8,c3,2,0,0,0,0,0,80
15:41:48.991,1,300,0,0,8,3,a5,64,5a,64,0,64,61
15:41:49.055,1,206,0,0,8,0,0,0,0,0,0,0,0
15:41:49.119,1,201,0,0,5,22,1,0,0,63,,,
15:41:49.183,1,300,0,0,8,3,a5,64,5a,64,0,64,65
15:41:49.247,1,206,0,0,8,0,0,0,0,0,0,0,0
15:41:49.312,1,400,0,0,8,1,0,2c,0,0,0,0,0
15:41:49.375,1,300,0,0,8,3,a5,64,5a,64,0,64,e9
15:41:49.439,1,300,0,0,8,3,a5,64,5a,64,0,64,fa
15:41:49.503,1,400,0,0,8,1,0,2c,0,0,0,0,0
15:41:49.567,1,300,0,0,8,3,a5,64,5a,64,0,64,ed
15:41:49.632,1,203,0,0,8,a6,2,0,0,0,0,0,80
15:41:49.696,1,400,0,0,8,1,0,2c,0,0,0,0,0
15:41:49.759,1,206,0,0,8,0,0,0,0,0,0,0,0
15:41:49.823,1,201,0,0,5,36,1,0,0,63,,,
15:41:49.887,1,300,0,0,8,3,a5,64,5a,64,0,64,63
15:41:49.957,1,206,0,0,8,0,0,0,0,0,0,0,0
15:41:50.015,1,400,0,0,8,1,0,2c,0,0,0,0,0
15:41:50.080,1,300,0,0,8,3,a5,64,5a,64,0,64,67
15:41:50.143,1,206,0,0,8,0,0,0,0,0,0,0,0
15:41:50.207,1,400,0,0,8,1,0,2c,0,0,0,0,0
15:41:50.271,1,300,0,0,8,3,a5,64,5a,64,0,64,eb
15:41:50.338,1,203,0,0,8,65,2,0,0,0,0,0,80
15:41:50.402,1,400,0,0,8,1,0,2c,0,0,0,0,0
15:41:50.466,1,402,0,0,8,5e,0,0,0,34,44,9,0
15:41:50.531,1,203,0,0,8,78,2,0,0,0,0,0,80
15:41:50.594,1,401,0,0,8,7,9f,0,0,bf,8,0,0
15:41:50.659,1,206,0,0,8,0,0,0,0,0,0,0,0
15:41:50.722,1,201,0,0,5,36,1,0,0,63,,,
15:41:50.772,1,300,0,0,8,3,a5,64,5a,64,0,64,65
15:41:50.850,1,206,0,0,8,0,0,0,0,0,0,0,0
15:41:50.914,1,400,0,0,8,1,0,2c,0,0,0,0,0
15:41:50.979,1,300,0,0,8,3,a5,64,5a,64,0,64,e9
15:41:51.043,1,300,0,0,8,3,a5,64,5a,64,0,64,fa
15:41:51.106,1,400,0,0,8,1,0,2c,0,0,0,0,0
15:41:51.163,1,300,0,0,8,3,a5,64,5a,64,0,64,ed
15:41:51.237,1,203,0,0,8,ba,2,0,0,0,0,0,80
15:41:51.301,1,401,0,0,8,5,9f,0,0,c2,8,0,0
15:41:51.366,1,300,0,0,8,3,a5,64,5a,64,0,64,61
15:41:51.430,1,203,0,0,8,b3,2,0,0,0,0,0,80
15:41:51.493,1,401,0,0,8,5,9f,0,0,c3,8,0,0
15:41:51.557,1,206,0,0,8,0,0,0,0,0,0,0,0
15:41:51.621,1,201,0,0,5,36,1,0,0,63,,,
15:41:51.685,1,300,0,0,8,3,a5,64,5a,64,0,64,67
15:41:51.750,1,206,0,0,8,0,0,0,0,0,0,0,0
15:41:51.813,1,400,0,0,8,1,0,2c,0,0,0,0,0
15:41:51.877,1,300,0,0,8,3,a5,64,5a,64,0,64,eb
15:41:51.942,1,300,0,0,8,3,a5,64,5a,64,0,64,fc
15:41:52.005,1,400,0,0,8,1,0,2c,0,0,0,0,0
15:41:52.069,1,300,0,0,8,3,a5,64,5a,64,0,64,ef
15:41:52.134,1,203,0,0,8,4e,2,0,0,0,0,0,80
15:41:52.197,1,401,0,0,8,5,9f,0,0,c1,8,0,0
15:41:52.262,1,206,0,0,8,0,0,0,0,0,0,0,0
15:41:52.325,1,201,0,0,5,2c,1,0,0,63,,,
15:41:52.390,1,300,0,0,8,3,a5,64,5a,64,0,64,65
15:41:52.453,1,206,0,0,8,0,0,0,0,0,0,0,0
15:41:52.517,1,400,0,0,8,1,0,2c,0,0,0,0,0
15:41:52.581,1,300,0,0,8,3,a5,64,5a,64,0,64,e9
15:41:52.645,1,206,0,0,8,0,0,0,0,0,0,0,0
15:41:52.709,1,400,0,0,8,1,0,2c,0,0,0,0,0
15:41:52.773,1,300,0,0,8,3,a5,64,5a,64,0,64,ed
15:41:52.837,1,203,0,0,8,4f,2,0,0,0,0,0,80
15:41:52.901,1,401,0,0,8,3,9f,0,0,c0,8,0,0
15:41:52.966,1,403,0,0,8,64,0,0,0,40,e3,9,0
15:41:53.029,1,203,0,0,8,58,2,0,0,0,0,0,80
15:41:53.094,1,401,0,0,8,5,9f,0,0,be,8,0,0
15:41:53.158,1,206,0,0,8,0,0,0,0,0,0,0,0
15:41:53.221,1,400,0,0,8,1,0,2c,0,0,0,0,0
15:41:53.285,1,300,0,0,8,3,a5,64,5a,64,0,64,67
15:41:53.350,1,206,0,0,8,0,0,0,0,0,0,0,0
15:41:53.413,1,400,0,0,8,1,0,2c,0,0,0,0,0
15:41:53.477,1,402,0,0,8,5e,0,0,0,ec,43,9,0
15:41:53.542,1,300,0,0,8,3,a5,64,5a,64,0,64,fc
15:41:53.605,1,400,0,0,8,1,0,2c,0,0,0,0,0
15:41:53.669,1,300,0,0,8,3,a5,64,5a,64,0,64,ef
15:41:53.739,1,203,0,0,8,8b,2,0,0,0,0,0,80
15:41:53.802,1,401,0,0,8,1,9f,0,0,c0,8,0,0
15:41:53.866,1,300,0,0,8,3,a5,64,5a,64,0,64,63
15:41:53.930,1,203,0,0,8,9a,2,0,0,0,0,0,80
15:41:53.996,1,401,0,0,8,1,9f,0,0,c0,8,0,0
15:41:54.058,1,206,0,0,8,0,0,0,0,0,0,0,0
15:41:54.122,1,400,0,0,8,1,0,2c,0,0,0,0,0
15:41:54.186,1,300,0,0,8,3,a5,64,5a,64,0,64,e9
15:41:54.250,1,206,0,0,8,0,0,0,0,0,0,0,0
15:41:54.314,1,400,0,0,8,1,0,2c,0,0,0,0,0
15:41:54.378,1,300,0,0,8,3,a5,64,5a,64,0,64,ed
15:41:54.442,1,300,0,0,8,3,a5,64,5a,64,0,64,fe
15:41:54.507,1,401,0,0,8,1,9f,0,0,c2,8,0,0
15:41:54.570,1,300,0,0,8,3,a5,64,5a,64,0,64,61
15:41:54.635,1,203,0,0,8,91,2,0,0,0,0,0,80
15:41:54.703,1,401,0,0,8,1,9f,0,0,c0,8,0,0
15:41:54.763,1,206,0,0,8,0,0,0,0,0,0,0,0
15:41:54.826,1,400,0,0,8,1,0,2c,0,0,0,0,0
15:41:54.891,1,300,0,0,8,3,a5,64,5a,64,0,64,67
15:41:54.954,1,206,0,0,8,0,0,0,0,0,0,0,0
15:41:55.019,1,201,0,0,5,22,1,0,0,63,,,
15:41:55.082,1,300,0,0,8,3,a5,64,5a,64,0,64,eb
15:41:55.147,1,206,0,0,8,0,0,0,0,0,0,0,0
15:41:55.211,1,201,0,0,5,22,1,0,0,63,,,
15:41:55.274,1,300,0,0,8,3,a5,64,5a,64,0,64,ef
15:41:55.338,1,203,0,0,8,4b,2,0,0,0,0,0,80
15:41:55.402,1,401,0,0,8,ff,9e,0,0,c2,8,0,0
15:41:55.466,1,402,0,0,8,5e,0,0,0,c8,43,9,0
15:41:55.530,1,203,0,0,8,57,2,0,0,0,0,0,80
15:41:55.594,1,401,0,0,8,1,9f,0,0,c0,8,0,0
15:41:55.658,1,206,0,0,8,0,0,0,0,0,0,0,0
15:41:55.724,1,201,0,0,5,22,1,0,0,63,,,
15:41:55.787,1,300,0,0,8,3,a5,64,5a,64,0,64,e9
15:41:55.851,1,206,0,0,8,0,0,0,0,0,0,0,0
15:41:55.914,1,201,0,0,5,22,1,0,0,63,,,
15:41:55.978,1,403,0,0,8,64,0,0,0,40,e3,9,0
15:41:56.042,1,300,0,0,8,3,a5,64,5a,64,0,64,fe
15:41:56.107,1,401,0,0,8,ff,9e,0,0,c0,8,0,0
15:41:56.170,1,300,0,0,8,3,a5,64,5a,64,0,64,61
15:41:56.237,1,203,0,0,8,97,2,0,0,0,0,0,80
15:41:56.298,1,401,0,0,8,1,9f,0,0,c1,8,0,0
15:41:56.362,1,206,0,0,8,0,0,0,0,0,0,0,0
15:41:56.432,1,201,0,0,5,22,1,0,0,63,,,
15:41:56.490,1,402,0,0,8,5e,0,0,0,a4,43,9,0
15:41:56.555,1,206,0,0,8,0,0,0,0,0,0,0,0
15:41:56.619,1,201,0,0,5,22,1,0,0,63,,,
15:41:56.682,1,404,0,0,2,4d,0,,,,,,
15:41:56.746,1,404,0,0,2,2,0,,,,,,
15:41:56.810,1,401,0,0,8,ff,9e,0,0,c2,8,0,0
15:41:56.874,1,404,0,0,2,b1,1,,,,,,
15:41:56.938,1,203,0,0,8,5d,2,0,0,0,0,0,80
15:41:57.002,1,401,0,0,8,fd,9e,0,0,c2,8,0,0
15:41:57.066,1,300,0,0,8,3,a5,64,5a,64,0,64,63
15:41:57.130,1,400,0,0,8,1,0,2c,0,0,0,0,0
15:41:57.194,1,401,0,0,8,fd,9e,0,0,c0,8,0,0
15:41:57.258,1,206,0,0,8,0,0,0,0,0,0,0,0
15:41:57.322,1,201,0,0,5,2c,1,0,0,63,,,
15:41:57.386,1,300,0,0,8,3,a5,64,5a,64,0,64,e9
15:41:57.450,1,206,0,0,8,0,0,0,0,0,0,0,0
15:41:57.514,1,201,0,0,5,2c,1,0,0,63,,,
15:41:57.578,1,300,0,0,8,3,a5,64,5a,64,0,64,ed
15:41:57.642,1,300,0,0,8,3,a5,64,5a,64,0,64,fe
15:41:57.706,1,401,0,0,8,fd,9e,0,0,c2,8,0,0
15:41:57.770,1,300,0,0,8,3,a5,64,5a,64,0,64,61
15:41:57.834,1,203,0,0,8,52,2,0,0,0,0,0,80
15:41:57.898,1,401,0,0,8,fd,9e,0,0,c1,8,0,0
15:41:57.963,1,206,0,0,8,0,0,0,0,0,0,0,0
15:41:58.026,1,201,0,0,5,2c,1,0,0,63,,,
15:41:58.090,1,300,0,0,8,3,a5,64,5a,64,0,64,67
15:41:58.154,1,206,0,0,8,0,0,0,0,0,0,0,0
15:41:58.218,1,201,0,0,5,2c,1,0,0,63,,,
15:41:58.282,1,300,0,0,8,3,a5,64,5a,64,0,64,eb
15:41:58.346,1,206,0,0,8,0,0,0,0,0,0,0,0
15:41:58.410,1,401,0,0,8,fa,9e,0,0,c1,8,0,0
15:41:58.474,1,300,0,0,8,3,a5,64,5a,64,0,64,ef
15:41:58.538,1,203,0,0,8,7c,2,0,0,0,0,0,80
15:41:58.602,1,401,0,0,8,fd,9e,0,0,c2,8,0,0
15:41:58.666,1,300,0,0,8,3,a5,64,5a,64,0,64,63
15:41:58.731,1,400,0,0,8,1,0,2c,0,0,0,0,0
15:41:58.794,1,401,0,0,8,fd,9e,0,0,c1,8,0,0
15:41:58.858,1,206,0,0,8,0,0,0,0,0,0,0,0
15:41:58.922,1,201,0,0,5,2c,1,0,0,63,,,
15:41:58.986,1,300,0,0,8,3,a5,64,5a,64,0,64,e9
15:41:59.050,1,206,0,0,8,0,0,0,0,0,0,0,0
15:41:59.114,1,401,0,0,8,fd,9e,0,0,c2,8,0,0
15:41:59.178,1,300,0,0,8,3,a5,64,5a,64,0,64,ed
15:41:59.242,1,300,0,0,8,3,a5,64,5a,64,0,64,fe
15:41:59.306,1,401,0,0,8,fa,9e,0,0,c2,8,0,0
15:41:59.370,1,300,0,0,8,3,a5,64,5a,64,0,64,61
15:41:59.435,1,400,0,0,8,1,0,2c,0,0,0,0,0
15:41:59.498,1,401,0,0,8,fa,9e,0,0,c2,8,0,0
15:41:59.562,1,206,0,0,8,0,0,0,0,0,0,0,0
15:41:59.626,1,201,0,0,5,2c,1,0,0,63,,,
15:41:59.692,1,300,0,0,8,3,a5,64,5a,64,0,64,67
15:41:59.754,1,206,0,0,8,0,0,0,0,0,0,0,0
15:41:59.819,1,401,0,0,8,f8,9e,0,0,c1,8,0,0
15:41:59.882,1,300,0,0,8,3,a5,64,5a,64,0,64,eb
15:41:59.946,1,204,0,0,8,0,0,0,0,0,0,0,0
15:42:00.011,1,401,0,0,8,f6,9e,0,0,c1,8,0,0
15:42:00.074,1,300,0,0,8,3,a5,64,5a,64,0,64,ef
15:42:00.140,1,400,0,0,8,1,0,2c,0,0,0,0,0
15:42:00.202,1,401,0,0,8,f6,9e,0,0,c2,8,0,0
15:42:00.267,1,300,0,0,8,3,a5,64,5a,64,0,64,63
15:42:00.330,1,400,0,0,8,1,0,2c,0,0,0,0,0
15:42:00.394,1,401,0,0,8,fa,9e,0,0,c3,8,0,0
15:42:00.459,1,206,0,0,8,0,0,0,0,0,0,0,0
15:42:00.527,1,201,0,0,5,22,1,0,0,63,,,
15:42:00.591,1,300,0,0,8,3,a5,64,5a,64,0,64,e9
15:42:00.655,1,206,0,0,8,0,0,0,0,0,0,0,0
15:42:00.719,1,401,0,0,8,fa,9e,0,0,c3,8,0,0
15:42:00.783,1,300,0,0,8,3,a5,64,5a,64,0,64,ed
15:42:00.847,1,206,0,0,8,0,0,0,0,0,0,0,0
15:42:00.911,1,401,0,0,8,fa,9e,0,0,c0,8,0,0
15:42:00.975,1,666,0,0,8,52,8,5,0,52,95,36,2
15:42:01.039,1,203,0,0,8,98,2,0,0,0,0,0,80
15:42:01.103,1,401,0,0,8,fa,9e,0,0,c0,8,0,0
15:42:01.168,1,300,0,0,8,3,a5,64,5a,64,0,64,65
15:42:01.231,1,203,0,0,8,a8,2,0,0,0,0,0,80
15:42:01.295,1,401,0,0,8,f6,9e,0,0,c3,8,0,0
15:42:01.359,1,206,0,0,8,0,0,0,0,0,0,0,0
15:42:01.424,1,201,0,0,5,22,1,0,0,63,,,
15:42:01.487,1,300,0,0,8,3,a5,64,5a,64,0,64,eb
15:42:01.551,1,206,0,0,8,0,0,0,0,0,0,0,0
15:42:01.616,1,401,0,0,8,f8,9e,0,0,c3,8,0,0
15:42:01.679,1,300,0,0,8,3,a5,64,5a,64,0,64,ef
15:42:01.743,1,300,0,0,8,3,a5,64,5a,64,0,64,70
15:42:01.809,1,401,0,0,8,f8,9e,0,0,c3,8,0,0
15:42:01.873,1,300,0,0,8,3,a5,64,5a,64,0,64,63
15:42:01.936,1,203,0,0,8,bb,2,0,0,0,0,0,80
15:42:02.000,1,403,0,0,8,64,0,0,0,40,e3,9,0
15:42:02.065,1,206,0,0,8,0,0,0,0,0,0,0,0
15:42:02.129,1,201,0,0,5,22,1,0,0,63,,,
15:42:02.192,1,300,0,0,8,3,a5,64,5a,64,0,64,e9
15:42:02.256,1,206,0,0,8,0,0,0,0,0,0,0,0
15:42:02.320,1,401,0,0,8,f8,9e,0,0,c0,8,0,0
15:42:02.384,1,300,0,0,8,3,a5,64,5a,64,0,64,ed
15:42:02.448,1,206,0,0,8,0,0,0,0,0,0,0,0
15:42:02.512,1,401,0,0,8,fa,9e,0,0,c0,8,0,0
15:42:02.577,1,300,0,0,8,3,a5,64,5a,64,0,64,61
15:42:02.640,1,203,0,0,8,7a,2,0,0,0,0,0,80
15:42:02.704,1,401,0,0,8,fa,9e,0,0,c1,8,0,0
15:42:02.768,1,300,0,0,8,3,a5,64,5a,64,0,64,65
15:42:02.832,1,203,0,0,8,81,2,0,0,0,0,0,80
15:42:02.901,1,401,0,0,8,f8,9e,0,0,c1,8,0,0
15:42:02.964,1,206,0,0,8,0,0,0,0,0,0,0,0
15:42:03.024,1,401,0,0,8,f8,9e,0,0,c1,8,0,0
15:42:03.091,1,300,0,0,8,3,a5,64,5a,64,0,64,eb
15:42:03.152,1,206,0,0,8,0,0,0,0,0,0,0,0
15:42:03.216,1,401,0,0,8,f8,9e,0,0,c2,8,0,0
15:42:03.280,1,300,0,0,8,3,a5,64,5a,64,0,64,ef
15:42:03.347,1,300,0,0,8,3,a5,64,5a,64,0,64,70
15:42:03.408,1,401,0,0,8,f8,9e,0,0,c2,8,0,0
15:42:03.473,1,300,0,0,8,3,a5,64,5a,64,0,64,63
15:42:03.530,1,203,0,0,8,ac,2,0,0,0,0,0,80
15:42:03.600,1,401,0,0,8,f4,9e,0,0,c3,8,0,0
15:42:03.664,1,206,0,0,8,0,0,0,0,0,0,0,0
15:42:03.729,1,201,0,0,5,36,1,0,0,63,,,
15:42:03.792,1,300,0,0,8,3,a5,64,5a,64,0,64,e9
15:42:03.856,1,206,0,0,8,0,0,0,0,0,0,0,0
15:42:03.920,1,401,0,0,8,f8,9e,0,0,c3,8,0,0
15:42:03.979,1,665,0,0,8,0,0,0,53,4c,18,53,0
15:42:04.048,1,400,0,0,8,1,0,2c,0,0,0,0,0
15:42:04.113,1,401,0,0,8,fa,9e,0,0,c3,8,0,0
15:42:04.177,1,300,0,0,8,3,a5,64,5a,64,0,64,61
15:42:04.240,1,203,0,0,8,dc,2,0,0,0,0,0,80
15:42:04.305,1,404,0,0,2,1,0,,,,,,
15:42:04.368,1,404,0,0,2,20,0,,,,,,
15:42:04.432,1,203,0,0,8,d6,2,0,0,0,0,0,80
15:42:04.496,1,402,0,0,8,5e,0,0,0,f0,42,9,0
15:42:04.561,1,206,0,0,8,0,0,0,0,0,0,0,0
15:42:04.624,1,201,0,0,5,40,1,0,0,63,,,
15:42:04.689,1,404,0,0,2,4d,0,,,,,,
15:42:04.752,1,404,0,0,2,2,0,,,,,,
15:42:04.816,1,404,0,0,2,4,0,,,,,,
15:42:04.880,1,405,0,0,6,b1,1,0,0,0,0,,
15:42:04.945,1,300,0,0,8,3,a5,64,5a,64,0,64,70
15:42:05.008,1,403,0,0,8,64,0,0,0,40,e3,9,0
15:42:05.073,1,300,0,0,8,3,a5,64,5a,64,0,64,63
15:42:05.136,1,203,0,0,8,b2,2,0,0,0,0,0,80
15:42:05.201,1,201,0,0,5,40,1,0,0,63,,,
15:42:05.264,1,206,0,0,8,0,0,0,0,0,0,0,0
15:42:05.328,1,201,0,0,5,40,1,0,0,63,,,
15:42:05.393,1,300,0,0,8,3,a5,64,5a,64,0,64,e9
15:42:05.456,1,206,0,0,8,0,0,0,0,0,0,0,0
15:42:05.520,1,201,0,0,5,40,1,0,0,63,,,
15:42:05.586,1,300,0,0,8,3,a5,64,5a,64,0,64,ed
15:42:05.649,1,400,0,0,8,1,0,2c,0,0,0,0,0
15:42:05.712,1,201,0,0,5,40,1,0,0,63,,,
15:42:05.776,1,300,0,0,8,3,a5,64,5a,64,0,64,61
15:42:05.840,1,203,0,0,8,ba,2,0,0,0,0,0,80
15:42:05.904,1,201,0,0,5,40,1,0,0,63,,,
15:42:05.969,1,300,0,0,8,3,a5,64,5a,64,0,64,65
15:42:06.033,1,401,0,0,8,f4,9e,0,0,c2,8,0,0
15:42:06.097,1,201,0,0,5,40,1,0,0,63,,,
15:42:06.160,1,206,0,0,8,0,0,0,0,0,0,0,0
15:42:06.225,1,201,0,0,5,40,1,0,0,63,,,
15:42:06.288,1,300,0,0,8,3,a5,64,5a,64,0,64,eb
15:42:06.353,1,400,0,0,8,1,0,2c,0,0,0,0,0
15:42:06.416,1,201,0,0,5,40,1,0,0,63,,,
15:42:06.480,1,300,0,0,8,3,a5,64,5a,64,0,64,ef
15:42:06.548,1,300,0,0,8,3,a5,64,5a,64,0,64,70
15:42:06.609,1,201,0,0,5,40,1,0,0,63,,,
15:42:06.672,1,300,0,0,8,3,a5,64,5a,64,0,64,63
15:42:06.737,1,203,0,0,8,d0,2,0,0,0,0,0,80
15:42:06.801,1,201,0,0,5,40,1,0,0,63,,,
15:42:06.864,1,206,0,0,8,0,0,0,0,0,0,0,0
15:42:06.928,1,201,0,0,5,40,1,0,0,63,,,
15:42:06.992,1,300,0,0,8,3,a5,64,5a,64,0,64,e9
15:42:07.056,1,206,0,0,8,0,0,0,0,0,0,0,0
15:42:07.120,1,201,0,0,5,40,1,0,0,63,,,
15:42:07.184,1,300,0,0,8,3,a5,64,5a,64,0,64,ed
15:42:07.248,1,400,0,0,8,1,0,2c,0,0,0,0,0
15:42:07.312,1,201,0,0,5,40,1,0,0,63,,,
15:42:07.376,1,300,0,0,8,3,a5,64,5a,64,0,64,61
15:42:07.440,1,203,0,0,8,b5,2,0,0,0,0,0,80
15:42:07.505,1,402,0,0,8,5e,0,0,0,a8,42,9,0
15:42:07.568,1,300,0,0,8,3,a5,64,5a,64,0,64,65
15:42:07.632,1,401,0,0,8,f4,9e,0,0,c5,8,0,0
15:42:07.702,1,300,0,0,8,3,a5,64,5a,64,0,64,67
15:42:07.765,1,206,0,0,8,0,0,0,0,0,0,0,0
15:42:07.829,1,201,0,0,5,40,1,0,0,63,,,
15:42:07.893,1,300,0,0,8,3,a5,64,5a,64,0,64,eb
15:42:07.957,1,400,0,0,8,1,0,2c,0,0,0,0,0
15:42:08.021,1,201,0,0,5,40,1,0,0,63,,,
15:42:08.086,1,300,0,0,8,3,a5,64,5a,64,0,64,ef
15:42:08.150,1,400,0,0,8,1,0,2c,0,0,0,0,0
15:42:08.213,1,201,0,0,5,40,1,0,0,63,,,
15:42:08.277,1,300,0,0,8,3,a5,64,5a,64,0,64,63
15:42:08.344,1,203,0,0,8,c1,2,0,0,0,0,0,80
15:42:08.405,1,201,0,0,5,40,1,0,0,63,,,
15:42:08.470,1,300,0,0,8,3,a5,64,5a,64,0,64,67
15:42:08.533,1,401,0,0,8,f0,9e,0,0,c3,8,0,0
15:42:08.598,1,201,0,0,5,40,1,0,0,63,,,
15:42:08.661,1,206,0,0,8,0,0,0,0,0,0,0,0
15:42:08.725,1,201,0,0,5,40,1,0,0,63,,,
15:42:08.790,1,300,0,0,8,3,a5,64,5a,64,0,64,ed
15:42:08.854,1,400,0,0,8,1,0,2c,0,0,0,0,0
15:42:08.917,1,201,0,0,5,40,1,0,0,63,,,
15:42:08.986,1,300,0,0,8,3,a5,64,5a,64,0,64,61
15:42:09.045,1,300,0,0,8,3,a5,64,5a,64,0,64,72
15:42:09.109,1,201,0,0,5,40,1,0,0,63,,,
15:42:09.174,1,300,0,0,8,3,a5,64,5a,64,0,64,65
15:42:09.237,1,401,0,0,8,f2,9e,0,0,c1,8,0,0
15:42:09.301,1,201,0,0,5,40,1,0,0,63,,,
15:42:09.365,1,206,0,0,8,0,0,0,0,0,0,0,0
15:42:09.430,1,201,0,0,5,40,1,0,0,63,,,
15:42:09.494,1,300,0,0,8,3,5a,64,5a,64,0,64,ab
15:42:09.557,1,400,0,0,8,1,0,2c,0,0,0,0,0
15:42:09.624,1,201,0,0,5,36,1,0,0,62,,,
15:42:09.689,1,300,0,0,8,3,5a,64,5a,64,0,64,af
15:42:09.751,1,400,0,0,8,1,0,2c,0,0,0,0,0
15:42:09.815,1,201,0,0,5,36,1,0,0,62,,,
15:42:09.880,1,300,0,0,8,3,5a,64,5a,64,0,64,23
15:42:09.943,1,203,0,0,8,0,0,0,0,0,0,0,80
15:42:10.007,1,403,0,0,8,64,0,0,0,40,e3,9,0
15:42:10.072,1,300,0,0,8,3,5a,64,5a,64,0,64,27
15:42:10.136,1,401,0,0,8,d3,9f,0,0,45,0,0,0
15:42:10.199,1,201,0,0,5,36,1,0,0,62,,,
15:42:10.263,1,400,0,0,8,1,0,c,0,0,0,0,0
15:42:10.328,1,201,0,0,5,36,1,0,0,62,,,
15:42:10.391,1,300,0,0,8,3,5a,64,5a,64,0,64,ad
15:42:10.455,1,400,0,0,8,1,0,c,0,0,0,0,0
15:42:10.519,1,402,0,0,8,5e,0,0,0,84,42,9,0
15:42:10.586,1,300,0,0,8,3,5a,64,5a,64,0,64,21
15:42:10.647,1,400,0,0,8,1,0,c,0,0,0,0,0
15:42:10.711,1,201,0,0,5,36,1,0,0,62,,,
15:42:10.775,1,300,0,0,8,3,5a,64,5a,64,0,64,25
15:42:10.840,1,203,0,0,8,0,0,0,0,0,0,0,80
15:42:10.903,1,201,0,0,5,36,1,0,0,62,,,
15:42:10.968,1,206,0,0,8,0,0,0,0,0,0,0,0
15:42:11.031,1,201,0,0,5,36,1,0,0,62,,,
15:42:11.095,1,300,0,0,8,3,5a,64,5a,64,0,64,ab
15:42:11.162,1,400,0,0,8,1,0,c,0,0,0,0,0
15:42:11.224,1,201,0,0,5,36,1,0,0,62,,,
15:42:11.294,1,300,0,0,8,3,5a,64,5a,64,0,64,af
15:42:11.351,1,400,0,0,8,1,0,c,0,0,0,0,0
15:42:11.415,1,201,0,0,5,36,1,0,0,62,,,
15:42:11.479,1,300,0,0,8,3,5a,64,5a,64,0,64,23
15:42:11.545,1,203,0,0,8,0,0,0,0,0,0,0,80
15:42:11.608,1,201,0,0,5,36,1,0,0,62,,,
15:42:11.672,1,300,0,0,8,3,5a,64,5a,64,0,64,27
15:42:11.735,1,203,0,0,8,0,0,0,0,0,0,0,80
15:42:11.799,1,201,0,0,5,36,1,0,0,62,,,
15:42:11.864,1,400,0,0,8,1,0,c,0,0,0,0,0
15:42:11.927,1,201,0,0,5,36,1,0,0,62,,,
15:42:11.991,1,300,0,0,8,3,5a,64,5a,64,0,64,ad
15:42:12.055,1,400,0,0,8,1,0,c,0,0,0,0,0
15:42:12.119,1,201,0,0,5,36,1,0,0,62,,,
15:42:12.183,1,300,0,0,8,3,5a,64,5a,64,0,64,21
15:42:12.247,1,301,0,0,3,6b,2,0,,,,,
15:42:12.317,1,404,0,0,2,1,0,,,,,,
15:42:12.381,1,404,0,0,2,20,0,,,,,,
15:42:12.444,1,203,0,0,8,0,0,0,0,0,0,0,80
