15:44:55.127,1,401,0,0,8,f5,9f,0,0,46,0,0,0
15:44:55.191,1,203,0,0,8,0,0,0,0,0,0,0,0
15:44:55.254,1,400,0,0,8,1,0,c,0,0,0,0,0
15:44:55.317,1,300,0,0,8,3,5a,64,5a,64,0,64,af
15:44:55.380,1,201,0,0,5,0,0,0,0,62,,,
15:44:55.443,1,400,0,0,8,1,0,c,0,0,0,0,0
15:44:55.506,1,206,0,0,8,0,0,0,0,0,0,0,0
15:44:55.569,1,201,0,0,5,0,0,0,0,62,,,
15:44:55.632,1,401,0,0,8,f7,9f,0,0,45,0,0,0
15:44:55.695,1,206,0,0,8,0,0,0,0,0,0,0,0
15:44:55.758,1,400,0,0,8,1,0,c,0,0,0,0,0
15:44:55.821,1,401,0,0,8,f7,9f,0,0,45,0,0,0
15:44:55.885,1,203,0,0,8,0,0,0,0,0,0,0,0
15:44:55.949,1,400,0,0,8,1,0,c,0,0,0,0,0
15:44:56.012,1,206,0,0,8,0,0,0,0,0,0,0,0
15:44:56.075,1,201,0,0,5,0,0,0,0,62,,,
15:44:56.138,1,401,0,0,8,f7,9f,0,0,45,0,0,0
15:44:56.201,1,206,0,0,8,0,0,0,0,0,0,0,0
15:44:56.264,1,400,0,0,8,1,0,c,0,0,0,0,0
15:44:56.327,1,401,0,0,8,f7,9f,0,0,46,0,0,0
15:44:56.391,1,203,0,0,8,0,0,0,0,0,0,0,0
15:44:56.454,1,400,0,0,8,1,0,c,0,0,0,0,0
15:44:56.518,1,300,0,0,8,3,5a,64,5a,64,0,64,27
15:44:56.581,1,201,0,0,5,0,0,0,0,62,,,
15:44:56.643,1,401,0,0,8,f5,9f,0,0,45,0,0,0
15:44:56.706,1,206,0,0,8,0,0,0,0,0,0,0,0
15:44:56.769,1,201,0,0,5,0,0,0,0,62,,,
15:44:56.833,1,401,0,0,8,f7,9f,0,0,45,0,0,0
15:44:56.896,1,206,0,0,8,0,0,0,0,0,0,0,0
15:44:56.959,1,400,0,0,8,1,0,c,0,0,0,0,0
15:44:57.022,1,401,0,0,8,f7,9f,0,0,45,0,0,0
15:44:57.085,1,203,0,0,8,0,0,0,0,0,0,0,0
15:44:57.148,1,400,0,0,8,1,0,c,0,0,0,0,0
15:44:57.211,1,206,0,0,8,0,0,0,0,0,0,0,0
15:44:57.274,1,201,0,0,5,0,0,0,0,62,,,
15:44:57.338,1,401,0,0,8,f5,9f,0,0,46,0,0,0
15:44:57.401,1,206,0,0,8,0,0,0,0,0,0,0,0
15:44:57.466,1,400,0,0,8,1,0,c,0,0,0,0,0
15:44:57.527,1,401,0,0,8,f7,9f,0,0,46,0,0,0
15:44:57.591,1,203,0,0,8,0,0,0,0,0,0,0,0
15:44:57.654,1,400,0,0,8,1,0,c,0,0,0,0,0
15:44:57.717,1,206,0,0,8,0,0,0,0,0,0,0,0
15:44:57.780,1,201,0,0,5,0,0,0,0,62,,,
15:44:57.843,1,401,0,0,8,f7,9f,0,0,45,0,0,0
15:44:57.908,1,206,0,0,8,0,0,0,0,0,0,0,0
15:44:57.969,1,400,0,0,8,1,0,c,0,0,0,0,0
15:44:58.033,1,665,0,0,8,0,0,0,53,4c,18,53,0
15:44:58.096,1,206,0,0,8,0,0,0,0,0,0,0,0
15:44:58.159,1,300,0,0,8,3,5a,64,5a,64,0,64,b8
15:44:58.222,1,401,0,0,8,f9,9f,0,0,45,0,0,0
15:44:58.285,1,203,0,0,8,0,0,0,0,0,0,0,0
15:44:58.348,1,401,0,0,8,f9,9f,0,0,45,0,0,0
15:44:58.417,1,206,0,0,8,0,0,0,0,0,0,0,0
15:44:58.476,1,201,0,0,5,0,0,0,0,62,,,
15:44:58.539,1,401,0,0,8,f7,9f,0,0,45,0,0,0
15:44:58.604,1,206,0,0,8,0,0,0,0,0,0,0,0
15:44:58.667,1,300,0,0,8,3,5a,64,5a,64,0,64,32
15:44:58.729,1,401,0,0,8,f9,9f,0,0,45,0,0,0
15:44:58.793,1,203,0,0,8,0,0,0,0,0,0,0,0
15:44:58.856,1,300,0,0,8,3,5a,64,5a,64,0,64,36
15:44:58.918,1,300,0,0,8,3,5a,64,5a,64,0,64,27
15:44:58.981,1,201,0,0,5,0,0,0,0,62,,,
15:44:59.045,1,401,0,0,8,f9,9f,0,0,45,0,0,0
15:44:59.109,1,206,0,0,8,0,0,0,0,0,0,0,0
15:44:59.170,1,400,0,0,8,1,0,c,0,0,0,0,0
15:44:59.233,1,401,0,0,8,f9,9f,0,0,45,0,0,0
15:44:59.296,1,206,0,0,8,0,0,0,0,0,0,0,0
15:44:59.359,1,300,0,0,8,3,5a,64,5a,64,0,64,30
15:44:59.423,1,403,0,0,8,64,0,0,0,40,e3,9,0
15:44:59.485,1,203,0,0,8,0,0,0,0,0,0,0,0
15:44:59.549,1,401,0,0,8,f9,9f,0,0,45,0,0,0
15:44:59.611,1,206,0,0,8,0,0,0,0,0,0,0,0
15:44:59.674,1,201,0,0,5,0,0,0,0,62,,,
15:44:59.737,1,401,0,0,8,f9,9f,0,0,45,0,0,0
15:44:59.800,1,206,0,0,8,0,0,0,0,0,0,0,0
15:44:59.865,1,300,0,0,8,3,5a,64,5a,64,0,64,ba
15:44:59.927,1,402,0,0,8,5e,0,0,0,8,3d,9,0
15:44:59.990,1,203,0,0,8,0,0,0,0,0,0,0,0
15:45:00.054,1,401,0,0,8,f9,9f,0,0,45,0,0,0
15:45:00.117,1,206,0,0,8,0,0,0,0,0,0,0,0
15:45:00.180,1,201,0,0,5,0,0,0,0,62,,,
15:45:00.243,1,401,0,0,8,f9,9f,0,0,45,0,0,0
15:45:00.308,1,404,0,0,2,1,0,,,,,,
15:45:00.370,1,404,0,0,2,20,0,,,,,,
15:45:00.432,1,403,0,0,8,64,0,0,0,40,e3,9,0
15:45:00.495,1,404,0,0,2,24,0,,,,,,
15:45:00.558,1,404,0,0,2,26,0,,,,,,
15:45:00.621,1,404,0,0,2,4c,0,,,,,,
15:45:00.684,1,404,0,0,2,4d,0,,,,,,
15:45:00.747,1,404,0,0,2,2,0,,,,,,
15:45:00.811,1,404,0,0,2,4,0,,,,,,
15:45:00.874,1,400,0,0,8,1,0,c,0,0,0,0,0
15:45:00.943,1,401,0,0,8,f9,9f,0,0,45,0,0,0
15:45:01.007,1,204,0,0,8,0,0,0,0,0,0,0,0
15:45:01.070,1,301,0,0,3,6b,2,0,,,,,
15:45:01.132,1,401,0,0,8,f9,9f,0,0,45,0,0,0
15:45:01.195,1,206,0,0,8,0,0,0,0,0,0,0,0
15:45:01.260,1,300,0,0,8,3,5a,64,5a,64,0,64,36
15:45:01.323,1,401,0,0,8,f9,9f,0,0,45,0,0,0
15:45:01.386,1,203,0,0,8,0,0,0,0,0,0,0,0
15:45:01.448,1,401,0,0,8,fb,9f,0,0,45,0,0,0
15:45:01.511,1,206,0,0,8,0,0,0,0,0,0,0,0
15:45:01.574,1,400,0,0,8,1,0,c,0,0,0,0,0
15:45:01.638,1,401,0,0,8,fb,9f,0,0,46,0,0,0
15:45:01.701,1,206,0,0,8,0,0,0,0,0,0,0,0
15:45:01.764,1,300,0,0,8,3,5a,64,5a,64,0,64,30
15:45:01.827,1,401,0,0,8,fd,9f,0,0,45,0,0,0
15:45:01.890,1,203,0,0,8,0,0,0,0,0,0,0,0
15:45:01.953,1,401,0,0,8,f9,9f,0,0,45,0,0,0
15:45:02.016,1,206,0,0,8,0,0,0,0,0,0,0,0
15:45:02.079,1,201,0,0,5,0,0,0,0,62,,,
15:45:02.143,1,401,0,0,8,f9,9f,0,0,46,0,0,0
15:45:02.206,1,206,0,0,8,0,0,0,0,0,0,0,0
15:45:02.269,1,300,0,0,8,3,5a,64,5a,64,0,64,ba
15:45:02.332,1,401,0,0,8,f9,9f,0,0,45,0,0,0
15:45:02.395,1,206,0,0,8,0,0,0,0,0,0,0,0
15:45:02.458,1,401,0,0,8,fd,9f,0,0,45,0,0,0
15:45:02.522,1,401,0,0,8,fd,9f,0,0,45,0,0,0
15:45:02.586,1,203,0,0,8,0,0,0,0,0,0,0,0
15:45:02.649,1,401,0,0,8,fd,9f,0,0,46,0,0,0
15:45:02.712,1,300,0,0,8,3,5a,64,5a,64,0,64,23
15:45:02.775,1,400,0,0,8,1,0,c,0,0,0,0,0
15:45:02.838,1,401,0,0,8,fd,9f,0,0,46,0,0,0
15:45:02.901,1,300,0,0,8,3,5a,64,5a,64,0,64,27
15:45:02.966,1,300,0,0,8,3,5a,64,5a,64,0,64,b8
15:45:03.028,1,401,0,0,8,fd,9f,0,0,46,0,0,0
15:45:03.090,1,203,0,0,8,0,0,0,0,0,0,0,0
15:45:03.153,1,401,0,0,8,fd,9f,0,0,46,0,0,0
15:45:03.216,1,206,0,0,8,0,0,0,0,0,0,0,0
15:45:03.279,1,400,0,0,8,1,0,c,0,0,0,0,0
15:45:03.342,1,401,0,0,8,fb,9f,0,0,45,0,0,0
15:45:03.405,1,300,0,0,8,3,5a,64,5a,64,0,64,21
15:45:03.468,1,300,0,0,8,3,5a,64,5a,64,0,64,32
15:45:03.531,1,401,0,0,8,fd,9f,0,0,45,0,0,0
15:45:03.595,1,203,0,0,8,0,0,0,0,0,0,0,0
15:45:03.658,1,401,0,0,8,fd,9f,0,0,45,0,0,0
15:45:03.722,1,401,0,0,8,fd,9f,0,0,45,0,0,0
15:45:03.784,1,203,0,0,8,0,0,0,0,0,0,0,0
15:45:03.847,1,401,0,0,8,fd,9f,0,0,45,0,0,0
15:45:03.911,1,300,0,0,8,3,5a,64,5a,64,0,64,ab
15:45:03.975,1,201,0,0,5,0,0,0,0,62,,,
15:45:04.037,1,665,0,0,8,0,0,0,53,4c,18,53,0
15:45:04.102,1,300,0,0,8,3,5a,64,5a,64,0,64,af
15:45:04.165,1,401,0,0,8,fb,9f,0,0,45,0,0,0
15:45:04.228,1,401,0,0,8,fd,9f,0,0,45,0,0,0
15:45:04.292,1,203,0,0,8,0,0,0,0,0,0,0,0
15:45:04.354,1,401,0,0,8,fd,9f,0,0,46,0,0,0
15:45:04.417,1,300,0,0,8,3,5a,64,5a,64,0,64,25
15:45:04.480,1,201,0,0,5,0,0,0,0,62,,,
15:45:04.543,1,401,0,0,8,fd,9f,0,0,46,0,0,0
15:45:04.606,1,300,0,0,8,3,5a,64,5a,64,0,64,a9
15:45:04.669,1,201,0,0,5,0,0,0,0,62,,,
15:45:04.733,1,401,0,0,8,fd,9f,0,0,45,0,0,0
15:45:04.796,1,203,0,0,8,0,0,0,0,0,0,0,0
15:45:04.860,1,401,0,0,8,fd,9f,0,0,45,0,0,0
15:45:04.922,1,402,0,0,8,5e,0,0,0,8,3d,9,0
15:45:04.986,1,400,0,0,8,1,0,c,0,0,0,0,0
15:45:05.049,1,401,0,0,8,fd,9f,0,0,45,0,0,0
15:45:05.112,1,300,0,0,8,3,5a,64,5a,64,0,64,23
15:45:05.175,1,201,0,0,5,0,0,0,0,62,,,
15:45:05.239,1,401,0,0,8,fd,9f,0,0,46,0,0,0
15:45:05.302,1,300,0,0,8,3,5a,64,5a,64,0,64,27
15:45:05.365,1,401,0,0,8,fd,9f,0,0,46,0,0,0
15:45:05.429,1,403,0,0,8,64,0,0,0,40,e3,9,0
15:45:05.491,1,203,0,0,8,0,0,0,0,0,0,0,0
15:45:05.554,1,401,0,0,8,fd,9f,0,0,46,0,0,0
15:45:05.618,1,300,0,0,8,3,5a,64,5a,64,0,64,ad
15:45:05.680,1,201,0,0,5,0,0,0,0,62,,,
15:45:05.743,1,401,0,0,8,ff,9f,0,0,46,0,0,0
15:45:05.806,1,300,0,0,8,3,5a,64,5a,64,0,64,21
15:45:05.869,1,201,0,0,5,0,0,0,0,62,,,
15:45:05.933,1,402,0,0,8,5e,0,0,0,8,3d,9,0
15:45:05.996,1,203,0,0,8,0,0,0,0,0,0,0,0
15:45:06.059,1,401,0,0,8,ff,9f,0,0,45,0,0,0
15:45:06.123,1,401,0,0,8,ff,9f,0,0,45,0,0,0
15:45:06.185,1,400,0,0,8,1,0,c,0,0,0,0,0
15:45:06.248,1,300,0,0,8,3,5a,64,5a,64,0,64,ba
15:45:06.311,1,300,0,0,8,3,5a,64,5a,64,0,64,ab
15:45:06.374,1,201,0,0,5,0,0,0,0,62,,,
15:45:06.438,1,403,0,0,8,64,0,0,0,40,e3,9,0
15:45:06.501,1,300,0,0,8,3,5a,64,5a,64,0,64,af
15:45:06.564,1,300,0,0,8,3,5a,64,5a,64,0,64,30
15:45:06.627,1,300,0,0,8,3,5a,64,5a,64,0,64,32
15:45:06.690,1,203,0,0,8,0,0,0,0,0,0,0,0
15:45:06.753,1,300,0,0,8,3,5a,64,5a,64,0,64,34
15:45:06.818,1,300,0,0,8,3,5a,64,5a,64,0,64,25
15:45:06.880,1,201,0,0,5,0,0,0,0,62,,,
15:45:06.943,1,402,0,0,8,5e,0,0,0,8,3d,9,0
15:45:07.006,1,204,0,0,8,0,0,0,0,0,0,0,0
15:45:07.069,1,401,0,0,8,ff,9f,0,0,45,0,0,0
15:45:07.133,1,300,0,0,8,3,5a,64,5a,64,0,64,bc
15:45:07.199,1,203,0,0,8,0,0,0,0,0,0,0,0
15:45:07.259,1,300,0,0,8,3,5a,64,5a,64,0,64,be
15:45:07.322,1,300,0,0,8,3,5a,64,5a,64,0,64,30
15:45:07.385,1,400,0,0,8,1,0,c,0,0,0,0,0
15:45:07.448,1,403,0,0,8,64,0,0,0,40,e3,9,0
15:45:07.512,1,300,0,0,8,3,5a,64,5a,64,0,64,23
15:45:07.576,1,201,0,0,5,0,0,0,0,62,,,
15:45:07.639,1,300,0,0,8,3,5a,64,5a,64,0,64,36
15:45:07.702,1,300,0,0,8,3,5a,64,5a,64,0,64,27
15:45:07.766,1,300,0,0,8,3,5a,64,5a,64,0,64,b8
15:45:07.829,1,300,0,0,8,3,5a,64,5a,64,0,64,ba
15:45:07.893,1,400,0,0,8,1,0,c,0,0,0,0,0
15:45:07.956,1,300,0,0,8,3,5a,64,5a,64,0,64,bc
15:45:08.019,1,300,0,0,8,3,5a,64,5a,64,0,64,ad
15:45:08.082,1,201,0,0,5,0,0,0,0,62,,,
15:45:08.145,1,300,0,0,8,3,5a,64,5a,64,0,64,30
15:45:08.208,1,300,0,0,8,3,5a,64,5a,64,0,64,21
15:45:08.271,1,401,0,0,8,ff,9f,0,0,45,0,0,0
15:45:08.335,1,404,0,0,2,a3,1,,,,,,
15:45:08.397,1,404,0,0,2,21,0,,,,,,
15:45:08.460,1,404,0,0,2,23,0,,,,,,
15:45:08.523,1,404,0,0,2,25,0,,,,,,
15:45:08.588,1,404,0,0,2,27,0,,,,,,
15:45:08.649,1,404,0,0,2,46,0,,,,,,
15:45:08.712,1,404,0,0,2,50,0,,,,,,
15:45:08.776,1,404,0,0,2,a,0,,,,,,
15:45:08.838,1,404,0,0,2,b0,1,,,,,,
15:45:08.901,1,300,0,0,8,3,5a,64,5a,64,0,64,af
15:45:08.964,1,300,0,0,8,3,5a,64,5a,64,0,64,30
15:45:09.027,1,300,0,0,8,3,5a,64,5a,64,0,64,32
15:45:09.090,1,400,0,0,8,1,0,c,0,0,0,0,0
15:45:09.153,1,300,0,0,8,3,5a,64,5a,64,0,64,34
15:45:09.216,1,300,0,0,8,3,5a,64,5a,64,0,64,25
15:45:09.279,1,201,0,0,5,0,0,0,0,62,,,
15:45:09.342,1,300,0,0,8,3,5a,64,5a,64,0,64,b8
15:45:09.407,1,300,0,0,8,3,5a,64,5a,64,0,64,a9
15:45:09.469,1,300,0,0,8,3,5a,64,5a,64,0,64,ba
15:45:09.532,1,300,0,0,8,3,5a,64,5a,64,0,64,bc
15:45:09.595,1,203,0,0,8,0,0,0,0,0,0,0,0
15:45:09.658,1,300,0,0,8,3,5a,64,5a,64,0,64,be
15:45:09.721,1,300,0,0,8,3,5a,64,5a,64,0,64,30
15:45:09.786,1,201,0,0,5,0,0,0,0,62,,,
15:45:09.850,1,300,0,0,8,3,5a,64,5a,64,0,64,32
15:45:09.911,1,300,0,0,8,3,5a,64,5a,64,0,64,23
15:45:09.974,1,401,0,0,8,ff,9f,0,0,45,0,0,0
15:45:10.037,1,665,0,0,8,0,0,0,53,4c,18,53,0
15:45:10.100,1,300,0,0,8,3,5a,64,5a,64,0,64,27
15:45:10.164,1,300,0,0,8,3,5a,64,5a,64,0,64,b8
15:45:10.226,1,300,0,0,8,3,5a,64,5a,64,0,64,ba
15:45:10.292,1,203,0,0,8,0,0,0,0,0,0,0,0
15:45:10.353,1,300,0,0,8,3,5a,64,5a,64,0,64,bc
15:45:10.417,1,300,0,0,8,3,5a,64,5a,64,0,64,ad
15:45:10.479,1,201,0,0,5,0,0,0,0,62,,,
15:45:10.543,1,300,0,0,8,3,5a,64,5a,64,0,64,30
15:45:10.606,1,300,0,0,8,3,5a,64,5a,64,0,64,21
15:45:10.670,1,300,0,0,8,3,5a,64,5a,64,0,64,32
15:45:10.733,1,300,0,0,8,3,5a,64,5a,64,0,64,34
15:45:10.795,1,203,0,0,8,0,0,0,0,0,0,0,0
15:45:10.859,1,300,0,0,8,3,5a,64,5a,64,0,64,36
15:45:10.921,1,206,0,0,8,0,0,0,0,0,0,0,0
15:45:10.985,1,201,0,0,5,0,0,0,0,62,,,
15:45:11.048,1,300,0,0,8,3,5a,64,5a,64,0,64,ba
15:45:11.110,1,300,0,0,8,3,5a,64,5a,64,0,64,ab
15:45:11.174,1,401,0,0,8,1,a0,0,0,45,0,0,0
15:45:11.237,1,300,0,0,8,3,5a,64,5a,64,0,64,be
15:45:11.299,1,400,0,0,8,1,0,c,0,0,0,0,0
15:45:11.362,1,300,0,0,8,3,5a,64,5a,64,0,64,30
15:45:11.425,1,403,0,0,8,64,0,0,0,40,e3,9,0
15:45:11.490,1,203,0,0,8,0,0,0,0,0,0,0,0
15:45:11.553,1,300,0,0,8,3,5a,64,5a,64,0,64,34
15:45:11.616,1,300,0,0,8,3,5a,64,5a,64,0,64,25
15:45:11.679,1,401,0,0,8,1,a0,0,0,46,0,0,0
15:45:11.743,1,300,0,0,8,3,5a,64,5a,64,0,64,b8
15:45:11.806,1,300,0,0,8,3,5a,64,5a,64,0,64,a9
15:45:11.870,1,300,0,0,8,3,5a,64,5a,64,0,64,ba
15:45:11.934,1,402,0,0,8,5e,0,0,0,8,3d,9,0
15:45:11.997,1,203,0,0,8,0,0,0,0,0,0,0,0
15:45:12.060,1,300,0,0,8,3,5a,64,5a,64,0,64,be
15:45:12.124,1,300,0,0,8,3,5a,64,5a,64,0,64,30
15:45:12.187,1,203,0,0,8,0,0,0,0,0,0,0,0
15:45:12.251,1,300,0,0,8,3,5a,64,5a,64,0,64,32
15:45:12.313,1,300,0,0,8,3,5a,64,5a,64,0,64,23
15:45:12.376,1,401,0,0,8,1,a0,0,0,45,0,0,0
15:45:12.440,1,403,0,0,8,64,0,0,0,40,e3,9,0
15:45:12.503,1,400,0,0,8,1,0,c,0,0,0,0,0
15:45:12.566,1,300,0,0,8,3,5a,64,5a,64,0,64,b8
15:45:12.630,1,300,0,0,8,3,5a,64,5a,64,0,64,ba
15:45:12.693,1,203,0,0,8,0,0,0,0,0,0,0,0
15:45:12.756,1,300,0,0,8,3,5a,64,5a,64,0,64,bc
15:45:12.819,1,300,0,0,8,3,5a,64,5a,64,0,64,ad
15:45:12.882,1,401,0,0,8,1,a0,0,0,45,0,0,0
15:45:12.945,1,402,0,0,8,5e,0,0,0,8,3d,9,0
15:45:13.009,1,204,0,0,8,0,0,0,0,0,0,0,0
15:45:13.074,1,401,0,0,8,1,a0,0,0,45,0,0,0
15:45:13.137,1,300,0,0,8,3,5a,64,5a,64,0,64,34
15:45:13.199,1,400,0,0,8,1,0,c,0,0,0,0,0
15:45:13.262,1,300,0,0,8,3,5a,64,5a,64,0,64,36
15:45:13.325,1,300,0,0,8,3,5a,64,5a,64,0,64,b8
15:45:13.388,1,203,0,0,8,0,0,0,0,0,0,0,0
15:45:13.451,1,403,0,0,8,64,0,0,0,40,e3,9,0
15:45:13.515,1,300,0,0,8,3,5a,64,5a,64,0,64,ab
15:45:13.577,1,201,0,0,5,0,0,0,0,62,,,
15:45:13.648,1,300,0,0,8,3,5a,64,5a,64,0,64,be
15:45:13.703,1,400,0,0,8,1,0,c,0,0,0,0,0
15:45:13.767,1,300,0,0,8,3,5a,64,5a,64,0,64,30
15:45:13.832,1,300,0,0,8,3,5a,64,5a,64,0,64,32
15:45:13.893,1,203,0,0,8,0,0,0,0,0,0,0,0
15:45:13.955,1,402,0,0,8,5e,0,0,0,8,3d,9,0
15:45:14.018,1,300,0,0,8,3,5a,64,5a,64,0,64,25
15:45:14.082,1,201,0,0,5,0,0,0,0,62,,,
15:45:14.144,1,300,0,0,8,3,5a,64,5a,64,0,64,b8
15:45:14.207,1,400,0,0,8,1,0,c,0,0,0,0,0
15:45:14.270,1,300,0,0,8,3,5a,64,5a,64,0,64,ba
15:45:14.334,1,300,0,0,8,3,5a,64,5a,64,0,64,bc
15:45:14.397,1,203,0,0,8,0,0,0,0,0,0,0,0
15:45:14.460,1,403,0,0,8,64,0,0,0,40,e3,9,0
15:45:14.528,1,300,0,0,8,3,5a,64,5a,64,0,64,30
15:45:14.593,1,401,0,0,8,3,a0,0,0,46,0,0,0
15:45:14.657,1,300,0,0,8,3,5a,64,5a,64,0,64,32
15:45:14.718,1,300,0,0,8,3,5a,64,5a,64,0,64,23
15:45:14.781,1,201,0,0,5,0,0,0,0,62,,,
15:45:14.844,1,300,0,0,8,3,5a,64,5a,64,0,64,36
15:45:14.907,1,400,0,0,8,1,0,c,0,0,0,0,0
15:45:14.970,1,300,0,0,8,3,5a,64,5a,64,0,64,b8
15:45:15.033,1,300,0,0,8,3,5a,64,5a,64,0,64,ba
15:45:15.096,1,203,0,0,8,0,0,0,0,0,0,0,0
15:45:15.159,1,300,0,0,8,3,5a,64,5a,64,0,64,bc
15:45:15.222,1,206,0,0,8,0,0,0,0,0,0,0,0
15:45:15.286,1,201,0,0,5,0,0,0,0,62,,,
15:45:15.349,1,300,0,0,8,3,5a,64,5a,64,0,64,30
15:45:15.411,1,300,0,0,8,3,5a,64,5a,64,0,64,21
15:45:15.475,1,201,0,0,5,0,0,0,0,62,,,
15:45:15.538,1,300,0,0,8,3,5a,64,5a,64,0,64,34
15:45:15.600,1,400,0,0,8,1,0,c,0,0,0,0,0
15:45:15.664,1,300,0,0,8,3,5a,64,5a,64,0,64,36
15:45:15.727,1,300,0,0,8,3,5a,64,5a,64,0,64,b8
15:45:15.790,1,401,0,0,8,3,a0,0,0,45,0,0,0
15:45:15.859,1,300,0,0,8,3,5a,64,5a,64,0,64,ba
15:45:15.917,1,300,0,0,8,3,5a,64,5a,64,0,64,ab
15:45:15.980,1,201,0,0,5,0,0,0,0,62,,,
15:45:16.044,1,665,0,0,8,0,0,0,53,4c,18,53,0
15:45:16.106,1,400,0,0,8,1,0,c,0,0,0,0,0
15:45:16.171,1,300,0,0,8,3,5a,64,5a,64,0,64,30
15:45:16.233,1,404,0,0,2,2,30,,,,,,
15:45:16.299,1,203,0,0,8,0,0,0,0,0,0,0,0
15:45:16.359,1,300,0,0,8,3,5a,64,5a,64,0,64,34
15:45:16.422,1,206,0,0,8,0,0,0,0,0,0,0,0
15:45:16.485,1,201,0,0,5,0,0,0,0,62,,,
15:45:16.548,1,404,0,0,2,26,0,,,,,,
15:45:16.611,1,400,0,0,8,1,0,c,0,0,0,0,0
15:45:16.674,1,404,0,0,2,4d,0,,,,,,
15:45:16.738,1,404,0,0,2,2,0,,,,,,
15:45:16.800,1,400,0,0,8,1,0,c,0,0,0,0,0
15:45:16.863,1,300,0,0,8,3,5a,64,5a,64,0,64,be
15:45:16.927,1,300,0,0,8,3,5a,64,5a,64,0,64,30
15:45:16.989,1,401,0,0,8,3,a0,0,0,45,0,0,0
15:45:17.052,1,300,0,0,8,3,5a,64,5a,64,0,64,32
15:45:17.116,1,300,0,0,8,3,5a,64,5a,64,0,64,23
15:45:17.179,1,201,0,0,5,0,0,0,0,62,,,
15:45:17.243,1,300,0,0,8,3,5a,64,5a,64,0,64,36
15:45:17.306,1,400,0,0,8,1,0,c,0,0,0,0,0
15:45:17.368,1,300,0,0,8,3,5a,64,5a,64,0,64,b8
15:45:17.431,1,300,0,0,8,3,5a,64,5a,64,0,64,ba
15:45:17.495,1,401,0,0,8,5,a0,0,0,45,0,0,0
15:45:17.557,1,300,0,0,8,3,5a,64,5a,64,0,64,bc
15:45:17.621,1,300,0,0,8,3,5a,64,5a,64,0,64,ad
15:45:17.683,1,201,0,0,5,0,0,0,0,62,,,
15:45:17.747,1,300,0,0,8,3,5a,64,5a,64,0,64,30
15:45:17.809,1,400,0,0,8,1,0,c,0,0,0,0,0
15:45:17.872,1,201,0,0,5,0,0,0,0,62,,,
15:45:17.935,1,300,0,0,8,3,5a,64,5a,64,0,64,34
15:45:17.999,1,203,0,0,8,0,0,0,0,0,0,0,0
15:45:18.061,1,300,0,0,8,3,5a,64,5a,64,0,64,36
15:45:18.124,1,300,0,0,8,3,5a,64,5a,64,0,64,b8
15:45:18.187,1,401,0,0,8,3,a0,0,0,45,0,0,0
15:45:18.250,1,300,0,0,8,3,5a,64,5a,64,0,64,ba
15:45:18.314,1,400,0,0,8,1,0,c,0,0,0,0,0
15:45:18.378,1,201,0,0,5,0,0,0,0,62,,,
15:45:18.440,1,300,0,0,8,3,5a,64,5a,64,0,64,be
15:45:18.505,1,400,0,0,8,1,0,c,0,0,0,0,0
15:45:18.568,1,300,0,0,8,3,5a,64,5a,64,0,64,30
15:45:18.630,1,300,0,0,8,3,5a,64,5a,64,0,64,32
15:45:18.694,1,401,0,0,8,7,a0,0,0,45,0,0,0
15:45:18.760,1,300,0,0,8,3,5a,64,5a,64,0,64,34
15:45:18.825,1,300,0,0,8,3,5a,64,5a,64,0,64,25
15:45:18.888,1,201,0,0,5,0,0,0,0,62,,,
15:45:18.951,1,300,0,0,8,3,5a,64,5a,64,0,64,b8
15:45:19.013,1,400,0,0,8,1,0,c,0,0,0,0,0
15:45:19.076,1,201,0,0,5,0,0,0,0,62,,,
15:45:19.139,1,300,0,0,8,3,5a,64,5a,64,0,64,bc
15:45:19.204,1,400,0,0,8,1,0,c,0,0,0,0,0
15:45:19.268,1,300,0,0,8,3,5a,64,5a,64,0,64,be
15:45:19.330,1,300,0,0,8,3,5a,64,5a,64,0,64,30
15:45:19.393,1,203,0,0,8,0,0,0,0,0,0,0,0
15:45:19.456,1,300,0,0,8,3,5a,64,5a,64,0,64,32
15:45:19.518,1,400,0,0,8,1,0,c,0,0,0,0,0
15:45:19.581,1,201,0,0,5,0,0,0,0,62,,,
15:45:19.645,1,300,0,0,8,3,5a,64,5a,64,0,64,36
15:45:19.708,1,400,0,0,8,1,0,c,0,0,0,0,0
15:45:19.772,1,300,0,0,8,3,5a,64,5a,64,0,64,b8
15:45:19.835,1,300,0,0,8,3,5a,64,5a,64,0,64,ba
15:45:19.898,1,203,0,0,8,0,0,0,0,0,0,0,0
15:45:19.962,1,300,0,0,8,3,5a,64,5a,64,0,64,bc
15:45:20.024,1,300,0,0,8,3,5a,64,5a,64,0,64,be
15:45:20.087,1,201,0,0,5,0,0,0,0,62,,,
15:45:20.151,1,300,0,0,8,3,5a,64,5a,64,0,64,30
15:45:20.214,1,400,0,0,8,1,0,c,0,0,0,0,0
15:45:20.276,1,201,0,0,5,0,0,0,0,62,,,
15:45:20.339,1,300,0,0,8,3,5a,64,5a,64,0,64,34
15:45:20.402,1,401,0,0,8,7,a0,0,0,46,0,0,0
15:45:20.465,1,300,0,0,8,3,5a,64,5a,64,0,64,36
15:45:20.528,1,300,0,0,8,3,5a,64,5a,64,0,64,b8
15:45:20.591,1,203,0,0,8,0,0,0,0,0,0,0,0
15:45:20.654,1,300,0,0,8,3,5a,64,5a,64,0,64,ba
15:45:20.717,1,300,0,0,8,3,5a,64,5a,64,0,64,ab
15:45:20.780,1,201,0,0,5,0,0,0,0,62,,,
15:45:20.844,1,300,0,0,8,3,5a,64,5a,64,0,64,be
15:45:20.906,1,300,0,0,8,3,5a,64,5a,64,0,64,af
15:45:20.969,1,300,0,0,8,3,5a,64,5a,64,0,64,30
15:45:21.032,1,300,0,0,8,3,5a,64,5a,64,0,64,32
15:45:21.095,1,203,0,0,8,0,0,0,0,0,0,0,0
15:45:21.160,1,300,0,0,8,3,5a,64,5a,64,0,64,34
15:45:21.222,1,300,0,0,8,3,5a,64,5a,64,0,64,25
15:45:21.286,1,201,0,0,5,0,0,0,0,62,,,
15:45:21.348,1,300,0,0,8,3,5a,64,5a,64,0,64,b8
15:45:21.412,1,300,0,0,8,3,5a,64,5a,64,0,64,a9
15:45:21.476,1,403,0,0,8,64,0,0,0,40,e3,9,0
15:45:21.537,1,300,0,0,8,3,5a,64,5a,64,0,64,bc
15:45:21.601,1,401,0,0,8,9,a0,0,0,46,0,0,0
15:45:21.663,1,300,0,0,8,3,5a,64,5a,64,0,64,be
15:45:21.726,1,300,0,0,8,3,5a,64,5a,64,0,64,30
15:45:21.789,1,203,0,0,8,0,0,0,0,0,0,0,0
15:45:21.852,1,300,0,0,8,3,5a,64,5a,64,0,64,32
15:45:21.915,1,300,0,0,8,3,5a,64,5a,64,0,64,23
15:45:21.979,1,402,0,0,8,5e,0,0,0,8,3d,9,0
15:45:22.042,1,665,0,0,8,0,0,0,53,4c,18,53,0
15:45:22.106,1,401,0,0,8,5,a0,0,0,45,0,0,0
15:45:22.169,1,300,0,0,8,3,5a,64,5a,64,0,64,b8
15:45:22.296,1,203,0,0,8,0,0,0,0,0,0,0,0
15:45:22.358,1,300,0,0,8,3,5a,64,5a,64,0,64,bc
15:45:22.421,1,300,0,0,8,3,5a,64,5a,64,0,64,ad
15:45:22.485,1,403,0,0,8,64,0,0,0,40,e3,9,0
15:45:22.549,1,300,0,0,8,3,5a,64,5a,64,0,64,30
15:45:22.611,1,300,0,0,8,3,5a,64,5a,64,0,64,21
15:45:22.674,1,201,0,0,5,0,0,0,0,62,,,
15:45:22.737,1,300,0,0,8,3,5a,64,5a,64,0,64,34
15:45:22.801,1,203,0,0,8,0,0,0,0,0,0,0,0
15:45:22.863,1,300,0,0,8,3,5a,64,5a,64,0,64,36
15:45:22.927,1,400,0,0,8,1,0,c,0,0,0,0,0
15:45:22.990,1,203,0,0,8,0,0,0,0,0,0,0,0
15:45:23.053,1,300,0,0,8,3,5a,64,5a,64,0,64,ba
15:45:23.117,1,300,0,0,8,3,5a,64,5a,64,0,64,ab
15:45:23.179,1,201,0,0,5,0,0,0,0,62,,,
15:45:23.243,1,300,0,0,8,3,5a,64,5a,64,0,64,be
15:45:23.305,1,401,0,0,8,7,a0,0,0,45,0,0,0
15:45:23.368,1,300,0,0,8,3,5a,64,5a,64,0,64,30
15:45:23.431,1,300,0,0,8,3,5a,64,5a,64,0,64,32
15:45:23.494,1,203,0,0,8,0,0,0,0,0,0,0,0
15:45:23.557,1,300,0,0,8,3,5a,64,5a,64,0,64,34
15:45:23.621,1,300,0,0,8,3,5a,64,5a,64,0,64,25
15:45:23.684,1,201,0,0,5,0,0,0,0,62,,,
15:45:23.747,1,300,0,0,8,3,5a,64,5a,64,0,64,b8
15:45:23.810,1,401,0,0,8,9,a0,0,0,45,0,0,0
15:45:23.877,1,201,0,0,5,0,0,0,0,62,,,
15:45:23.936,1,300,0,0,8,3,5a,64,5a,64,0,64,bc
15:45:24.007,1,203,0,0,8,0,0,0,0,0,0,0,0
15:45:24.063,1,300,0,0,8,3,5a,64,5a,64,0,64,be
15:45:24.125,1,400,0,0,8,1,0,c,0,0,0,0,0
15:45:24.190,1,201,0,0,5,0,0,0,0,62,,,
15:45:24.251,1,300,0,0,8,3,5a,64,5a,64,0,64,32
15:45:24.314,1,404,0,0,2,1,0,,,,,,
15:45:24.377,1,201,0,0,5,0,0,0,0,62,,,
15:45:24.440,1,300,0,0,8,3,5a,64,5a,64,0,64,36
15:45:24.504,1,401,0,0,8,9,a0,0,0,45,0,0,0
15:45:24.566,1,300,0,0,8,3,5a,64,5a,64,0,64,b8
15:45:24.630,1,405,0,0,8,4c,0,0,0,1,24,0,0
15:45:24.693,1,203,0,0,8,0,0,0,0,0,0,0,0
15:45:24.755,1,300,0,0,8,3,5a,64,5a,64,0,64,bc
15:45:24.818,1,300,0,0,8,3,5a,64,5a,64,0,64,ad
15:45:24.881,1,201,0,0,5,0,0,0,0,62,,,
15:45:24.944,1,300,0,0,8,3,5a,64,5a,64,0,64,30
15:45:25.008,1,204,0,0,8,0,0,0,0,0,0,0,0
15:45:25.072,1,300,0,0,8,3,5a,64,5a,64,0,64,32
15:45:25.134,1,400,0,0,8,1,0,c,0,0,0,0,0
15:45:25.197,1,203,0,0,8,0,0,0,0,0,0,0,0
15:45:25.261,1,300,0,0,8,3,5a,64,5a,64,0,64,36
15:45:25.325,1,206,0,0,8,0,0,0,0,0,0,0,0
15:45:25.387,1,201,0,0,5,0,0,0,0,62,,,
15:45:25.450,1,300,0,0,8,3,5a,64,5a,64,0,64,ba
15:45:25.513,1,401,0,0,8,7,a0,0,0,45,0,0,0
15:45:25.576,1,201,0,0,5,0,0,0,0,62,,,
15:45:25.640,1,300,0,0,8,3,5a,64,5a,64,0,64,be
15:45:25.703,1,401,0,0,8,7,a0,0,0,45,0,0,0
15:45:25.765,1,300,0,0,8,3,5a,64,5a,64,0,64,30
15:45:25.831,1,400,0,0,8,1,0,c,0,0,0,0,0
15:45:25.892,1,203,0,0,8,0,0,0,0,0,0,0,0
15:45:25.959,1,300,0,0,8,3,5a,64,5a,64,0,64,34
15:45:26.022,1,300,0,0,8,3,5a,64,5a,64,0,64,25
15:45:26.085,1,201,0,0,5,0,0,0,0,62,,,
15:45:26.150,1,300,0,0,8,3,5a,64,5a,64,0,64,b8
15:45:26.212,1,401,0,0,8,9,a0,0,0,46,0,0,0
15:45:26.274,1,201,0,0,5,0,0,0,0,62,,,
15:45:26.337,1,300,0,0,8,3,5a,64,5a,64,0,64,bc
15:45:26.401,1,203,0,0,8,0,0,0,0,0,0,0,0
15:45:26.464,1,300,0,0,8,3,5a,64,5a,64,0,64,be
15:45:26.527,1,400,0,0,8,1,0,c,0,0,0,0,0
15:45:26.590,1,203,0,0,8,0,0,0,0,0,0,0,0
15:45:26.653,1,300,0,0,8,3,5a,64,5a,64,0,64,32
15:45:26.717,1,401,0,0,8,7,a0,0,0,45,0,0,0
15:45:26.779,1,201,0,0,5,0,0,0,0,62,,,
15:45:26.842,1,300,0,0,8,3,5a,64,5a,64,0,64,36
15:45:26.907,1,401,0,0,8,7,a0,0,0,46,0,0,0
15:45:26.970,1,300,0,0,8,3,5a,64,5a,64,0,64,b8
15:45:27.032,1,400,0,0,8,1,0,c,0,0,0,0,0
15:45:27.096,1,203,0,0,8,0,0,0,0,0,0,0,0
15:45:27.159,1,300,0,0,8,3,5a,64,5a,64,0,64,bc
15:45:27.222,1,300,0,0,8,3,5a,64,5a,64,0,64,ad
15:45:27.284,1,201,0,0,5,0,0,0,0,62,,,
15:45:27.348,1,300,0,0,8,3,5a,64,5a,64,0,64,30
15:45:27.411,1,401,0,0,8,9,a0,0,0,45,0,0,0
15:45:27.473,1,201,0,0,5,0,0,0,0,62,,,
15:45:27.540,1,400,0,0,8,1,0,c,0,0,0,0,0
15:45:27.600,1,203,0,0,8,0,0,0,0,0,0,0,0
15:45:27.663,1,300,0,0,8,3,5a,64,5a,64,0,64,36
15:45:27.726,1,206,0,0,8,0,0,0,0,0,0,0,0
15:45:27.789,1,201,0,0,5,0,0,0,0,62,,,
15:45:27.852,1,300,0,0,8,3,5a,64,5a,64,0,64,ba
15:45:27.915,1,401,0,0,8,7,a0,0,0,45,0,0,0
15:45:27.979,1,201,0,0,5,0,0,0,0,62,,,
15:45:28.041,1,665,0,0,8,0,0,0,53,4c,18,53,0
15:45:28.104,1,401,0,0,8,9,a0,0,0,45,0,0,0
15:45:28.169,1,300,0,0,8,3,5a,64,5a,64,0,64,30
15:45:28.230,1,400,0,0,8,1,0,c,0,0,0,0,0
15:45:28.293,1,203,0,0,8,0,0,0,0,0,0,0,0
15:45:28.356,1,300,0,0,8,3,5a,64,5a,64,0,64,34
15:45:28.420,1,401,0,0,8,9,a0,0,0,45,0,0,0
15:45:28.486,1,201,0,0,5,0,0,0,0,62,,,
15:45:28.545,1,300,0,0,8,3,5a,64,5a,64,0,64,b8
15:45:28.608,1,300,0,0,8,3,5a,64,5a,64,0,64,a9
15:45:28.671,1,300,0,0,8,3,5a,64,5a,64,0,64,ba
15:45:28.735,1,400,0,0,8,1,0,c,0,0,0,0,0
15:45:28.797,1,203,0,0,8,0,0,0,0,0,0,0,0
15:45:28.860,1,300,0,0,8,3,5a,64,5a,64,0,64,be
15:45:28.924,1,206,0,0,8,0,0,0,0,0,0,0,0
15:45:28.986,1,201,0,0,5,0,0,0,0,62,,,
15:45:29.051,1,300,0,0,8,3,5a,64,5a,64,0,64,32
15:45:29.114,1,300,0,0,8,3,5a,64,5a,64,0,64,23
15:45:29.177,1,201,0,0,5,0,0,0,0,62,,,
15:45:29.240,1,400,0,0,8,1,0,c,0,0,0,0,0
15:45:29.303,1,300,0,0,8,3,5a,64,5a,64,0,64,27
15:45:29.366,1,300,0,0,8,3,5a,64,5a,64,0,64,b8
15:45:29.429,1,400,0,0,8,1,0,c,0,0,0,0,0
15:45:29.493,1,203,0,0,8,0,0,0,0,0,0,0,0
15:45:29.557,1,300,0,0,8,3,5a,64,5a,64,0,64,bc
15:45:29.619,1,300,0,0,8,3,5a,64,5a,64,0,64,ad
15:45:29.682,1,201,0,0,5,0,0,0,0,62,,,
15:45:29.746,1,300,0,0,8,3,5a,64,5a,64,0,64,30
15:45:29.810,1,300,0,0,8,3,5a,64,5a,64,0,64,21
15:45:29.872,1,201,0,0,5,0,0,0,0,62,,,
15:45:29.935,1,400,0,0,8,1,0,c,0,0,0,0,0
15:45:29.999,1,203,0,0,8,0,0,0,0,0,0,0,0
15:45:30.061,1,300,0,0,8,3,5a,64,5a,64,0,64,36
15:45:30.125,1,401,0,0,8,9,a0,0,0,45,0,0,0
15:45:30.187,1,201,0,0,5,0,0,0,0,62,,,
15:45:30.251,1,300,0,0,8,3,5a,64,5a,64,0,64,ba
15:45:30.314,1,300,0,0,8,3,5a,64,5a,64,0,64,ab
15:45:30.377,1,201,0,0,5,0,0,0,0,62,,,
15:45:30.441,1,400,0,0,8,1,0,c,0,0,0,0,0
15:45:30.505,1,403,0,0,8,64,0,0,0,40,e3,9,0
15:45:30.571,1,300,0,0,8,3,5a,64,5a,64,0,64,30
15:45:30.633,1,400,0,0,8,1,0,c,0,0,0,0,0
15:45:30.695,1,203,0,0,8,0,0,0,0,0,0,0,0
15:45:30.757,1,300,0,0,8,3,5a,64,5a,64,0,64,34
15:45:30.821,1,300,0,0,8,3,5a,64,5a,64,0,64,25
15:45:30.884,1,201,0,0,5,0,0,0,0,62,,,
15:45:30.953,1,400,0,0,8,1,0,c,0,0,0,0,0
15:45:31.017,1,204,0,0,8,0,0,0,0,0,0,0,0
15:45:31.079,1,201,0,0,5,0,0,0,0,62,,,
15:45:31.142,1,400,0,0,8,1,0,c,0,0,0,0,0
15:45:31.205,1,300,0,0,8,3,5a,64,5a,64,0,64,ad
15:45:31.268,1,300,0,0,8,3,5a,64,5a,64,0,64,be
15:45:31.331,1,400,0,0,8,1,0,c,0,0,0,0,0
15:45:31.396,1,203,0,0,8,0,0,0,0,0,0,0,0
15:45:31.458,1,300,0,0,8,3,5a,64,5a,64,0,64,32
15:45:31.522,1,300,0,0,8,3,5a,64,5a,64,0,64,23
15:45:31.585,1,201,0,0,5,0,0,0,0,62,,,
15:45:31.649,1,400,0,0,8,1,0,c,0,0,0,0,0
15:45:31.711,1,300,0,0,8,3,5a,64,5a,64,0,64,27
15:45:31.774,1,201,0,0,5,0,0,0,0,62,,,
15:45:31.841,1,400,0,0,8,1,0,c,0,0,0,0,0
15:45:31.901,1,203,0,0,8,0,0,0,0,0,0,0,0
15:45:31.963,1,300,0,0,8,3,5a,64,5a,64,0,64,bc
15:45:32.026,1,206,0,0,8,0,0,0,0,0,0,0,0
15:45:32.090,1,201,0,0,5,0,0,0,0,62,,,
15:45:32.153,1,300,0,0,8,3,5a,64,5a,64,0,64,30
15:45:32.216,1,404,0,0,2,4a,0,,,,,,
15:45:32.284,1,201,0,0,5,0,0,0,0,62,,,
15:45:32.341,1,404,0,0,2,1,0,,,,,,
15:45:32.405,1,405,0,0,8,20,0,0,0,32,33,36,47
15:45:32.468,1,300,0,0,8,3,5a,64,5a,64,0,64,36
15:45:32.531,1,401,0,0,8,9,a0,0,0,45,0,0,0
15:45:32.594,1,404,0,0,2,25,0,,,,,,
15:45:32.657,1,300,0,0,8,3,5a,64,5a,64,0,64,ba
15:45:32.720,1,300,0,0,8,3,5a,64,5a,64,0,64,ab
15:45:32.782,1,201,0,0,5,0,0,0,0,62,,,
15:45:32.846,1,400,0,0,8,1,0,c,0,0,0,0,0
15:45:32.909,1,404,0,0,2,4,0,,,,,,
15:45:32.972,1,300,0,0,8,3,5a,64,5a,64,0,64,30
15:45:33.036,1,400,0,0,8,1,0,c,0,0,0,0,0
15:45:33.099,1,203,0,0,8,0,0,0,0,0,0,0,0
15:45:33.162,1,300,0,0,8,3,5a,64,5a,64,0,64,34
15:45:33.225,1,206,0,0,8,0,0,0,0,0,0,0,0
15:45:33.287,1,201,0,0,5,0,0,0,0,62,,,
15:45:33.351,1,400,0,0,8,1,0,c,0,0,0,0,0
15:45:33.413,1,300,0,0,8,3,5a,64,5a,64,0,64,a9
15:45:33.476,1,201,0,0,5,0,0,0,0,62,,,
15:45:33.540,1,400,0,0,8,1,0,c,0,0,0,0,0
15:45:33.603,1,203,0,0,8,0,0,0,0,0,0,0,0
15:45:33.666,1,300,0,0,8,3,5a,64,5a,64,0,64,be
15:45:33.730,1,401,0,0,8,9,a0,0,0,46,0,0,0
15:45:33.793,1,203,0,0,8,0,0,0,0,0,0,0,0
15:45:33.855,1,400,0,0,8,1,0,c,0,0,0,0,0
15:45:33.918,1,300,0,0,8,3,5a,64,5a,64,0,64,23
15:45:33.981,1,201,0,0,5,0,0,0,0,62,,,
15:45:34.044,1,665,0,0,8,0,0,0,53,4c,18,53,0
15:45:34.107,1,300,0,0,8,3,5a,64,5a,64,0,64,27
15:45:34.170,1,300,0,0,8,3,5a,64,5a,64,0,64,b8
15:45:34.232,1,401,0,0,8,b,a0,0,0,46,0,0,0
15:45:34.296,1,203,0,0,8,0,0,0,0,0,0,0,0
15:45:34.359,1,300,0,0,8,3,5a,64,5a,64,0,64,bc
15:45:34.422,1,300,0,0,8,3,5a,64,5a,64,0,64,ad
15:45:34.486,1,201,0,0,5,0,0,0,0,62,,,
15:45:34.549,1,400,0,0,8,1,0,c,0,0,0,0,0
15:45:34.612,1,300,0,0,8,3,5a,64,5a,64,0,64,21
15:45:34.674,1,201,0,0,5,0,0,0,0,62,,,
15:45:34.738,1,400,0,0,8,1,0,c,0,0,0,0,0
15:45:34.801,1,203,0,0,8,0,0,0,0,0,0,0,0
15:45:34.864,1,300,0,0,8,3,5a,64,5a,64,0,64,36
15:45:34.927,1,206,0,0,8,0,0,0,0,0,0,0,0
15:45:34.990,1,201,0,0,5,0,0,0,0,62,,,
15:45:35.053,1,400,0,0,8,1,0,c,0,0,0,0,0
15:45:35.116,1,300,0,0,8,3,5a,64,5a,64,0,64,ab
15:45:35.179,1,201,0,0,5,0,0,0,0,62,,,
15:45:35.242,1,400,0,0,8,1,0,c,0,0,0,0,0
15:45:35.304,1,300,0,0,8,3,5a,64,5a,64,0,64,af
15:45:35.369,1,300,0,0,8,3,5a,64,5a,64,0,64,30
15:45:35.431,1,401,0,0,8,b,a0,0,0,46,0,0,0
15:45:35.494,1,203,0,0,8,0,0,0,0,0,0,0,0
15:45:35.558,1,400,0,0,8,1,0,c,0,0,0,0,0
15:45:35.620,1,300,0,0,8,3,5a,64,5a,64,0,64,25
15:45:35.683,1,201,0,0,5,0,0,0,0,62,,,
15:45:35.745,1,400,0,0,8,1,0,c,0,0,0,0,0
15:45:35.809,1,300,0,0,8,3,5a,64,5a,64,0,64,a9
15:45:35.873,1,300,0,0,8,3,5a,64,5a,64,0,64,ba
15:45:35.936,1,401,0,0,8,9,a0,0,0,45,0,0,0
15:45:35.999,1,203,0,0,8,0,0,0,0,0,0,0,0
15:45:36.062,1,300,0,0,8,3,5a,64,5a,64,0,64,be
15:45:36.125,1,206,0,0,8,0,0,0,0,0,0,0,0
15:45:36.188,1,201,0,0,5,0,0,0,0,62,,,
15:45:36.251,1,400,0,0,8,1,0,c,0,0,0,0,0
15:45:36.314,1,300,0,0,8,3,5a,64,5a,64,0,64,23
15:45:36.377,1,201,0,0,5,0,0,0,0,62,,,
15:45:36.440,1,401,0,0,8,9,a0,0,0,45,0,0,0
15:45:36.503,1,203,0,0,8,0,0,0,0,0,0,0,0
15:45:36.565,1,300,0,0,8,3,5a,64,5a,64,0,64,b8
15:45:36.629,1,401,0,0,8,b,a0,0,0,46,0,0,0
15:45:36.694,1,201,0,0,5,0,0,0,0,62,,,
15:45:36.755,1,400,0,0,8,1,0,c,0,0,0,0,0
15:45:36.818,1,300,0,0,8,3,5a,64,5a,64,0,64,ad
15:45:36.881,1,201,0,0,5,0,0,0,0,62,,,
15:45:36.944,1,400,0,0,8,1,0,c,0,0,0,0,0
15:45:37.007,1,204,0,0,8,0,0,0,0,0,0,0,0
15:45:37.071,1,300,0,0,8,3,5a,64,5a,64,0,64,32
15:45:37.134,1,401,0,0,8,b,a0,0,0,45,0,0,0
15:45:37.197,1,203,0,0,8,0,0,0,0,0,0,0,0
15:45:37.260,1,400,0,0,8,1,0,c,0,0,0,0,0
15:45:37.323,1,206,0,0,8,0,0,0,0,0,0,0,0
15:45:37.386,1,201,0,0,5,0,0,0,0,62,,,
15:45:37.449,1,400,0,0,8,1,0,c,0,0,0,0,0
15:45:37.512,1,300,0,0,8,3,5a,64,5a,64,0,64,ab
15:45:37.575,1,201,0,0,5,0,0,0,0,62,,,
15:45:37.639,1,401,0,0,8,d,a0,0,0,46,0,0,0
15:45:37.702,1,203,0,0,8,0,0,0,0,0,0,0,0
15:45:37.765,1,300,0,0,8,3,5a,64,5a,64,0,64,30
15:45:37.830,1,206,0,0,8,0,0,0,0,0,0,0,0
15:45:37.893,1,201,0,0,5,0,0,0,0,62,,,
15:45:37.956,1,400,0,0,8,1,0,c,0,0,0,0,0
15:45:38.019,1,300,0,0,8,3,5a,64,5a,64,0,64,25
15:45:38.082,1,201,0,0,5,0,0,0,0,62,,,
15:45:38.145,1,401,0,0,8,b,a0,0,0,45,0,0,0
15:45:38.208,1,300,0,0,8,3,5a,64,5a,64,0,64,a9
15:45:38.271,1,300,0,0,8,3,5a,64,5a,64,0,64,ba
15:45:38.334,1,401,0,0,8,d,a0,0,0,45,0,0,0
15:45:38.399,1,203,0,0,8,0,0,0,0,0,0,0,0
15:45:38.460,1,400,0,0,8,1,0,c,0,0,0,0,0
15:45:38.523,1,403,0,0,8,64,0,0,0,40,e3,9,0
15:45:38.586,1,201,0,0,5,0,0,0,0,62,,,
15:45:38.649,1,400,0,0,8,1,0,c,0,0,0,0,0
15:45:38.712,1,300,0,0,8,3,5a,64,5a,64,0,64,23
15:45:38.775,1,201,0,0,5,0,0,0,0,62,,,
15:45:38.838,1,401,0,0,8,d,a0,0,0,46,0,0,0
15:45:38.902,1,203,0,0,8,0,0,0,0,0,0,0,0
15:45:38.965,1,400,0,0,8,1,0,c,0,0,0,0,0
15:45:39.028,1,206,0,0,8,0,0,0,0,0,0,0,0
15:45:39.091,1,201,0,0,5,0,0,0,0,62,,,
15:45:39.154,1,400,0,0,8,1,0,c,0,0,0,0,0
15:45:39.217,1,300,0,0,8,3,5a,64,5a,64,0,64,ad
15:45:39.280,1,201,0,0,5,0,0,0,0,62,,,
15:45:39.343,1,401,0,0,8,d,a0,0,0,45,0,0,0
15:45:39.406,1,300,0,0,8,3,5a,64,5a,64,0,64,21
15:45:39.469,1,300,0,0,8,3,5a,64,5a,64,0,64,32
15:45:39.532,1,401,0,0,8,b,a0,0,0,46,0,0,0
15:45:39.596,1,203,0,0,8,0,0,0,0,0,0,0,0
15:45:39.660,1,400,0,0,8,1,0,c,0,0,0,0,0
15:45:39.723,1,300,0,0,8,3,5a,64,5a,64,0,64,27
15:45:39.786,1,201,0,0,5,0,0,0,0,62,,,
15:45:39.849,1,401,0,0,8,b,a0,0,0,46,0,0,0
15:45:39.913,1,300,0,0,8,3,5a,64,5a,64,0,64,ab
15:45:39.977,1,201,0,0,5,0,0,0,0,62,,,
15:45:40.041,1,666,0,0,8,52,8,5,0,52,95,36,2
15:45:40.105,1,203,0,0,8,0,0,0,0,0,0,0,0
15:45:40.169,1,400,0,0,8,1,0,c,0,0,0,0,0
15:45:40.232,1,401,0,0,8,d,a0,0,0,45,0,0,0
15:45:40.295,1,203,0,0,8,0,0,0,0,0,0,0,0
15:45:40.358,1,400,0,0,8,1,0,c,0,0,0,0,0
15:45:40.421,1,300,0,0,8,3,5a,64,5a,64,0,64,25
15:45:40.477,1,201,0,0,5,0,0,0,0,62,,,
15:45:40.548,1,401,0,0,8,d,a0,0,0,45,0,0,0
15:45:40.610,1,300,0,0,8,3,5a,64,5a,64,0,64,a9
15:45:40.673,1,404,0,0,2,4d,0,,,,,,
15:45:40.736,1,404,0,0,2,2,0,,,,,,
15:45:40.800,1,203,0,0,8,0,0,0,0,0,0,0,0
15:45:40.863,1,400,0,0,8,1,0,c,0,0,0,0,0
15:45:40.926,1,206,0,0,8,0,0,0,0,0,0,0,0
15:45:40.991,1,201,0,0,5,0,0,0,0,62,,,
15:45:41.053,1,401,0,0,8,b,a0,0,0,46,0,0,0
15:45:41.116,1,300,0,0,8,3,5a,64,5a,64,0,64,23
15:45:41.180,1,201,0,0,5,0,0,0,0,62,,,
15:45:41.242,1,401,0,0,8,b,a0,0,0,46,0,0,0
15:45:41.305,1,203,0,0,8,0,0,0,0,0,0,0,0
15:45:41.368,1,300,0,0,8,3,5a,64,5a,64,0,64,b8
15:45:41.431,1,401,0,0,8,f,a0,0,0,46,0,0,0
15:45:41.494,1,201,0,0,5,0,0,0,0,62,,,
15:45:41.558,1,300,0,0,8,3,5a,64,5a,64,0,64,bc
15:45:41.623,1,300,0,0,8,3,5a,64,5a,64,0,64,ad
15:45:41.684,1,201,0,0,5,0,0,0,0,62,,,
15:45:41.747,1,401,0,0,8,b,a0,0,0,45,0,0,0
15:45:41.810,1,300,0,0,8,3,5a,64,5a,64,0,64,21
15:45:41.873,1,400,0,0,8,1,0,c,0,0,0,0,0
15:45:41.938,1,401,0,0,8,d,a0,0,0,46,0,0,0
15:45:42.000,1,203,0,0,8,0,0,0,0,0,0,0,0
15:45:42.063,1,300,0,0,8,3,5a,64,5a,64,0,64,36
15:45:42.126,1,206,0,0,8,0,0,0,0,0,0,0,0
15:45:42.189,1,201,0,0,5,0,0,0,0,62,,,
15:45:42.252,1,401,0,0,8,d,a0,0,0,45,0,0,0
15:45:42.315,1,300,0,0,8,3,5a,64,5a,64,0,64,ab
15:45:42.378,1,201,0,0,5,0,0,0,0,62,,,
15:45:42.441,1,401,0,0,8,d,a0,0,0,45,0,0,0
15:45:42.504,1,203,0,0,8,0,0,0,0,0,0,0,0
15:45:42.567,1,300,0,0,8,3,5a,64,5a,64,0,64,30
15:45:42.630,1,206,0,0,8,0,0,0,0,0,0,0,0
15:45:42.693,1,201,0,0,5,0,0,0,0,62,,,
15:45:42.756,1,401,0,0,8,d,a0,0,0,46,0,0,0
15:45:42.819,1,300,0,0,8,3,5a,64,5a,64,0,64,25
15:45:42.882,1,201,0,0,5,0,0,0,0,62,,,
15:45:42.945,1,401,0,0,8,d,a0,0,0,46,0,0,0
15:45:43.008,1,204,0,0,8,0,0,0,0,0,0,0,0
15:45:43.071,1,300,0,0,8,3,5a,64,5a,64,0,64,ba
15:45:43.134,1,401,0,0,8,d,a0,0,0,45,0,0,0
15:45:43.197,1,203,0,0,8,0,0,0,0,0,0,0,0
15:45:43.260,1,300,0,0,8,3,5a,64,5a,64,0,64,be
15:45:43.323,1,206,0,0,8,0,0,0,0,0,0,0,0
15:45:43.386,1,201,0,0,5,0,0,0,0,62,,,
15:45:43.449,1,401,0,0,8,f,a0,0,0,45,0,0,0
15:45:43.512,1,300,0,0,8,3,5a,64,5a,64,0,64,23
15:45:43.575,1,400,0,0,8,1,0,c,0,0,0,0,0
15:45:43.641,1,401,0,0,8,f,a0,0,0,46,0,0,0
15:45:43.703,1,203,0,0,8,0,0,0,0,0,0,0,0
15:45:43.767,1,300,0,0,8,3,5a,64,5a,64,0,64,b8
15:45:43.830,1,206,0,0,8,0,0,0,0,0,0,0,0
15:45:43.893,1,201,0,0,5,0,0,0,0,62,,,
15:45:43.957,1,401,0,0,8,f,a0,0,0,45,0,0,0
15:45:44.020,1,300,0,0,8,3,5a,64,5a,64,0,64,ad
15:45:44.083,1,201,0,0,5,0,0,0,0,62,,,
15:45:44.146,1,401,0,0,8,f,a0,0,0,45,0,0,0
15:45:44.209,1,300,0,0,8,3,5a,64,5a,64,0,64,21
15:45:44.272,1,300,0,0,8,3,5a,64,5a,64,0,64,32
15:45:44.336,1,401,0,0,8,d,a0,0,0,45,0,0,0
15:45:44.399,1,203,0,0,8,0,0,0,0,0,0,0,0
15:45:44.462,1,300,0,0,8,3,5a,64,5a,64,0,64,36
15:45:44.525,1,206,0,0,8,0,0,0,0,0,0,0,0
15:45:44.588,1,201,0,0,5,0,0,0,0,62,,,
15:45:44.651,1,401,0,0,8,f,a0,0,0,45,0,0,0
15:45:44.715,1,300,0,0,8,3,5a,64,5a,64,0,64,ab
15:45:44.778,1,400,0,0,8,1,0,c,0,0,0,0,0
15:45:44.841,1,401,0,0,8,d,a0,0,0,46,0,0,0
15:45:44.905,1,203,0,0,8,0,0,0,0,0,0,0,0
15:45:44.969,1,300,0,0,8,3,5a,64,5a,64,0,64,30
15:45:45.032,1,206,0,0,8,0,0,0,0,0,0,0,0
15:45:45.095,1,201,0,0,5,0,0,0,0,62,,,
15:45:45.158,1,401,0,0,8,f,a0,0,0,45,0,0,0
15:45:45.221,1,300,0,0,8,3,5a,64,5a,64,0,64,25
15:45:45.285,1,201,0,0,5,0,0,0,0,62,,,
15:45:45.347,1,401,0,0,8,f,a0,0,0,45,0,0,0
15:45:45.410,1,300,0,0,8,3,5a,64,5a,64,0,64,a9
15:45:45.473,1,400,0,0,8,1,0,c,0,0,0,0,0
15:45:45.536,1,403,0,0,8,64,0,0,0,40,e3,9,0
15:45:45.600,1,203,0,0,8,0,0,0,0,0,0,0,0
15:45:45.662,1,401,0,0,8,f,a0,0,0,45,0,0,0
15:45:45.725,1,206,0,0,8,0,0,0,0,0,0,0,0
15:45:45.789,1,201,0,0,5,0,0,0,0,62,,,
15:45:45.851,1,401,0,0,8,f,a0,0,0,45,0,0,0
15:45:45.914,1,300,0,0,8,3,5a,64,5a,64,0,64,23
15:45:45.980,1,400,0,0,8,1,0,c,0,0,0,0,0
15:45:46.043,1,666,0,0,8,52,8,5,0,52,95,36,2
15:45:46.106,1,203,0,0,8,0,0,0,0,0,0,0,0
15:45:46.169,1,300,0,0,8,3,5a,64,5a,64,0,64,b8
15:45:46.232,1,401,0,0,8,f,a0,0,0,45,0,0,0
15:45:46.295,1,201,0,0,5,0,0,0,0,62,,,
15:45:46.358,1,401,0,0,8,f,a0,0,0,46,0,0,0
15:45:46.421,1,300,0,0,8,3,5a,64,5a,64,0,64,ad
15:45:46.484,1,400,0,0,8,1,0,c,0,0,0,0,0
15:45:46.547,1,401,0,0,8,f,a0,0,0,46,0,0,0
15:45:46.611,1,300,0,0,8,3,5a,64,5a,64,0,64,21
15:45:46.674,1,400,0,0,8,1,0,c,0,0,0,0,0
15:45:46.737,1,401,0,0,8,f,a0,0,0,46,0,0,0
15:45:46.800,1,203,0,0,8,0,0,0,0,0,0,0,0
15:45:46.863,1,401,0,0,8,f,a0,0,0,46,0,0,0
15:45:46.926,1,206,0,0,8,0,0,0,0,0,0,0,0
15:45:46.989,1,201,0,0,5,0,0,0,0,62,,,
15:45:47.052,1,401,0,0,8,f,a0,0,0,46,0,0,0
15:45:47.115,1,300,0,0,8,3,5a,64,5a,64,0,64,ab
15:45:47.178,1,400,0,0,8,1,0,c,0,0,0,0,0
15:45:47.241,1,401,0,0,8,f,a0,0,0,45,0,0,0
15:45:47.304,1,203,0,0,8,0,0,0,0,0,0,0,0
15:45:47.367,1,401,0,0,8,f,a0,0,0,46,0,0,0
15:45:47.432,1,206,0,0,8,0,0,0,0,0,0,0,0
15:45:47.495,1,201,0,0,5,0,0,0,0,62,,,
15:45:47.558,1,401,0,0,8,d,a0,0,0,46,0,0,0
15:45:47.622,1,300,0,0,8,3,5a,64,5a,64,0,64,25
15:45:47.685,1,400,0,0,8,1,0,c,0,0,0,0,0
15:45:47.749,1,401,0,0,8,d,a0,0,0,46,0,0,0
15:45:47.812,1,300,0,0,8,3,5a,64,5a,64,0,64,a9
15:45:47.874,1,400,0,0,8,1,0,c,0,0,0,0,0
15:45:47.937,1,401,0,0,8,f,a0,0,0,45,0,0,0
15:45:48.000,1,203,0,0,8,0,0,0,0,0,0,0,0
15:45:48.063,1,401,0,0,8,f,a0,0,0,45,0,0,0
15:45:48.131,1,206,0,0,8,0,0,0,0,0,0,0,0
15:45:48.196,1,400,0,0,8,1,0,c,0,0,0,0,0
15:45:48.258,1,401,0,0,8,f,a0,0,0,45,0,0,0
15:45:48.322,1,300,0,0,8,3,5a,64,5a,64,0,64,23
15:45:48.388,1,400,0,0,8,1,0,c,0,0,0,0,0
15:45:48.453,1,404,0,0,2,23,0,,,,,,
15:45:48.515,1,300,0,0,8,3,5a,64,5a,64,0,64,27
15:45:48.579,1,400,0,0,8,1,0,c,0,0,0,0,0
15:45:48.641,1,404,0,0,2,46,0,,,,,,
15:45:48.704,1,203,0,0,8,0,0,0,0,0,0,0,0
15:45:48.767,1,401,0,0,8,d,a0,0,0,45,0,0,0
15:45:48.830,1,206,0,0,8,0,0,0,0,0,0,0,0
15:45:48.893,1,201,0,0,5,0,0,0,0,62,,,
15:45:48.956,1,401,0,0,8,f,a0,0,0,45,0,0,0
15:45:49.019,1,204,0,0,8,0,0,0,0,0,0,0,0
15:45:49.082,1,400,0,0,8,1,0,c,0,0,0,0,0
15:45:49.146,1,401,0,0,8,f,a0,0,0,45,0,0,0
15:45:49.209,1,203,0,0,8,0,0,0,0,0,0,0,0
15:45:49.272,1,401,0,0,8,f,a0,0,0,45,0,0,0
15:45:49.337,1,401,0,0,8,11,a0,0,0,45,0,0,0
15:45:49.400,1,203,0,0,8,0,0,0,0,0,0,0,0
15:45:49.463,1,300,0,0,8,3,5a,64,5a,64,0,64,ba
15:45:49.526,1,206,0,0,8,0,0,0,0,0,0,0,0
15:45:49.588,1,400,0,0,8,1,0,c,0,0,0,0,0
15:45:49.651,1,300,0,0,8,3,5a,64,5a,64,0,64,be
15:45:49.714,1,300,0,0,8,3,5a,64,5a,64,0,64,af
15:45:49.777,1,400,0,0,8,1,0,c,0,0,0,0,0
15:45:49.841,1,300,0,0,8,3,5a,64,5a,64,0,64,32
15:45:49.903,1,203,0,0,8,0,0,0,0,0,0,0,0
15:45:49.968,1,300,0,0,8,3,5a,64,5a,64,0,64,34
15:45:50.031,1,206,0,0,8,0,0,0,0,0,0,0,0
15:45:50.093,1,400,0,0,8,1,0,c,0,0,0,0,0
15:45:50.159,1,300,0,0,8,3,5a,64,5a,64,0,64,b8
15:45:50.219,1,300,0,0,8,3,5a,64,5a,64,0,64,a9
15:45:50.283,1,400,0,0,8,1,0,c,0,0,0,0,0
15:45:50.347,1,300,0,0,8,3,5a,64,5a,64,0,64,bc
15:45:50.409,1,300,0,0,8,3,5a,64,5a,64,0,64,ad
15:45:50.472,1,300,0,0,8,3,5a,64,5a,64,0,64,be
15:45:50.537,1,403,0,0,8,64,0,0,0,40,e3,9,0
15:45:50.600,1,203,0,0,8,0,0,0,0,0,0,0,0
15:45:50.662,1,300,0,0,8,3,5a,64,5a,64,0,64,32
15:45:50.725,1,206,0,0,8,0,0,0,0,0,0,0,0
15:45:50.788,1,400,0,0,8,1,0,c,0,0,0,0,0
15:45:50.851,1,300,0,0,8,3,5a,64,5a,64,0,64,36
15:45:50.914,1,300,0,0,8,3,5a,64,5a,64,0,64,27
15:45:50.978,1,400,0,0,8,1,0,c,0,0,0,0,0
15:45:51.041,1,402,0,0,8,5e,0,0,0,8,3d,9,0
15:45:51.105,1,203,0,0,8,0,0,0,0,0,0,0,0
15:45:51.167,1,300,0,0,8,3,5a,64,5a,64,0,64,bc
15:45:51.232,1,206,0,0,8,0,0,0,0,0,0,0,0
15:45:51.294,1,201,0,0,5,0,0,0,0,62,,,
15:45:51.359,1,300,0,0,8,3,5a,64,5a,64,0,64,30
15:45:51.421,1,300,0,0,8,3,5a,64,5a,64,0,64,21
15:45:51.484,1,201,0,0,5,0,0,0,0,62,,,
15:45:51.548,1,403,0,0,8,64,0,0,0,40,e3,9,0
15:45:51.611,1,300,0,0,8,3,5a,64,5a,64,0,64,25
15:45:51.673,1,401,0,0,8,11,a0,0,0,45,0,0,0
15:45:51.738,1,300,0,0,8,3,5a,64,5a,64,0,64,b8
15:45:51.800,1,203,0,0,8,0,0,0,0,0,0,0,0
15:45:51.863,1,300,0,0,8,3,5a,64,5a,64,0,64,ba
15:45:51.927,1,206,0,0,8,0,0,0,0,0,0,0,0
15:45:51.989,1,201,0,0,5,0,0,0,0,62,,,
15:45:52.053,1,665,0,0,8,0,0,0,53,4c,18,53,0
15:45:52.116,1,300,0,0,8,3,5a,64,5a,64,0,64,af
15:45:52.178,1,401,0,0,8,11,a0,0,0,45,0,0,0
15:45:52.242,1,300,0,0,8,3,5a,64,5a,64,0,64,32
15:45:52.305,1,203,0,0,8,0,0,0,0,0,0,0,0
15:45:52.368,1,300,0,0,8,3,5a,64,5a,64,0,64,34
15:45:52.431,1,206,0,0,8,0,0,0,0,0,0,0,0
15:45:52.496,1,201,0,0,5,0,0,0,0,62,,,
15:45:52.561,1,403,0,0,8,64,0,0,0,40,e3,9,0
15:45:52.621,1,300,0,0,8,3,5a,64,5a,64,0,64,a9
15:45:52.687,1,201,0,0,5,0,0,0,0,62,,,
15:45:52.748,1,300,0,0,8,3,5a,64,5a,64,0,64,bc
15:45:52.811,1,300,0,0,8,3,5a,64,5a,64,0,64,ad
15:45:52.874,1,401,0,0,8,11,a0,0,0,46,0,0,0
15:45:52.937,1,300,0,0,8,3,5a,64,5a,64,0,64,30
15:45:53.000,1,400,0,0,8,1,0,c,0,0,0,0,0
15:45:53.063,1,300,0,0,8,3,5a,64,5a,64,0,64,32
15:45:53.127,1,206,0,0,8,0,0,0,0,0,0,0,0
15:45:53.189,1,201,0,0,5,0,0,0,0,62,,,
15:45:53.253,1,300,0,0,8,3,5a,64,5a,64,0,64,36
15:45:53.315,1,300,0,0,8,3,5a,64,5a,64,0,64,27
15:45:53.378,1,401,0,0,8,11,a0,0,0,45,0,0,0
15:45:53.441,1,300,0,0,8,3,5a,64,5a,64,0,64,ba
15:45:53.505,1,203,0,0,8,0,0,0,0,0,0,0,0
15:45:53.568,1,300,0,0,8,3,5a,64,5a,64,0,64,bc
15:45:53.634,1,206,0,0,8,0,0,0,0,0,0,0,0
15:45:53.694,1,201,0,0,5,0,0,0,0,62,,,
15:45:53.757,1,300,0,0,8,3,5a,64,5a,64,0,64,30
15:45:53.821,1,300,0,0,8,3,5a,64,5a,64,0,64,21
15:45:53.883,1,401,0,0,8,11,a0,0,0,45,0,0,0
15:45:53.947,1,300,0,0,8,3,5a,64,5a,64,0,64,34
15:45:54.011,1,203,0,0,8,0,0,0,0,0,0,0,0
15:45:54.074,1,401,0,0,8,11,a0,0,0,45,0,0,0
15:45:54.136,1,300,0,0,8,3,5a,64,5a,64,0,64,b8
15:45:54.199,1,400,0,0,8,1,0,c,0,0,0,0,0
15:45:54.263,1,300,0,0,8,3,5a,64,5a,64,0,64,ba
15:45:54.326,1,206,0,0,8,0,0,0,0,0,0,0,0
15:45:54.389,1,201,0,0,5,0,0,0,0,62,,,
15:45:54.453,1,300,0,0,8,3,5a,64,5a,64,0,64,be
15:45:54.517,1,300,0,0,8,3,5a,64,5a,64,0,64,af
15:45:54.581,1,401,0,0,8,11,a0,0,0,46,0,0,0
15:45:54.643,1,300,0,0,8,3,5a,64,5a,64,0,64,32
15:45:54.706,1,203,0,0,8,0,0,0,0,0,0,0,0
15:45:54.769,1,300,0,0,8,3,5a,64,5a,64,0,64,34
15:45:54.832,1,206,0,0,8,0,0,0,0,0,0,0,0
15:45:54.895,1,201,0,0,5,0,0,0,0,62,,,
15:45:54.958,1,300,0,0,8,3,5a,64,5a,64,0,64,b8
15:45:55.022,1,204,0,0,8,0,0,0,0,0,0,0,0
15:45:55.085,1,401,0,0,8,f,a0,0,0,46,0,0,0
15:45:55.148,1,300,0,0,8,3,5a,64,5a,64,0,64,bc
15:45:55.211,1,300,0,0,8,3,5a,64,5a,64,0,64,ad
15:45:55.275,1,401,0,0,8,f,a0,0,0,46,0,0,0
15:45:55.337,1,300,0,0,8,3,5a,64,5a,64,0,64,30
15:45:55.400,1,400,0,0,8,1,0,c,0,0,0,0,0
15:45:55.463,1,300,0,0,8,3,5a,64,5a,64,0,64,32
15:45:55.526,1,206,0,0,8,0,0,0,0,0,0,0,0
15:45:55.590,1,201,0,0,5,0,0,0,0,62,,,
15:45:55.652,1,300,0,0,8,3,5a,64,5a,64,0,64,36
15:45:55.716,1,300,0,0,8,3,5a,64,5a,64,0,64,27
15:45:55.779,1,401,0,0,8,11,a0,0,0,45,0,0,0
15:45:55.842,1,300,0,0,8,3,5a,64,5a,64,0,64,ba
15:45:55.906,1,400,0,0,8,1,0,c,0,0,0,0,0
15:45:55.969,1,300,0,0,8,3,5a,64,5a,64,0,64,bc
15:45:56.032,1,206,0,0,8,0,0,0,0,0,0,0,0
15:45:56.095,1,201,0,0,5,0,0,0,0,62,,,
15:45:56.158,1,300,0,0,8,3,5a,64,5a,64,0,64,30
15:45:56.221,1,300,0,0,8,3,5a,64,5a,64,0,64,21
15:45:56.286,1,401,0,0,8,13,a0,0,0,45,0,0,0
15:45:56.348,1,300,0,0,8,3,5a,64,5a,64,0,64,34
15:45:56.411,1,203,0,0,8,0,0,0,0,0,0,0,0
15:45:56.473,1,401,0,0,8,13,a0,0,0,45,0,0,0
15:45:56.536,1,404,0,0,2,26,0,,,,,,
15:45:56.599,1,203,0,0,8,0,0,0,0,0,0,0,0
15:45:56.662,1,300,0,0,8,3,5a,64,5a,64,0,64,ba
15:45:56.726,1,206,0,0,8,0,0,0,0,0,0,0,0
15:45:56.789,1,401,0,0,8,13,a0,0,0,45,0,0,0
15:45:56.852,1,404,0,0,2,b1,1,,,,,,
15:45:56.916,1,300,0,0,8,3,5a,64,5a,64,0,64,af
15:45:56.979,1,401,0,0,8,11,a0,0,0,46,0,0,0
15:45:57.043,1,402,0,0,8,5e,0,0,0,8,3d,9,0
15:45:57.106,1,203,0,0,8,0,0,0,0,0,0,0,0
15:45:57.170,1,300,0,0,8,3,5a,64,5a,64,0,64,34
15:45:57.239,1,206,0,0,8,0,[176763][E][TwaiCan.hpp:56] Send(): [twai] TWAI Write Error: ESP_ERR_TIMEOUT
15:45:57.295,1,201,0,0,5,0,0,0,0,62,,,
15:45:57.358,1,300,0,0,8,3,5a,64,5a,64,0,64,b8
15:45:57.421,1,300,0,0,8,3,5a,64,5a,64,0,64,a9
15:45:57.485,1,401,0,0,8,11,a0,0,0,45,0,0,0
15:45:57.548,1,403,0,0,8,64,0,0,0,40,e3,9,0
15:45:57.611,1,400,0,0,8,1,0,c,0,0,0,0,0
15:45:57.675,1,300,0,0,8,3,5a,64,5a,64,0,64,be
15:45:57.737,1,300,0,0,8,3,5a,64,5a,64,0,64,30
15:45:57.800,1,203,0,0,8,0,0,0,0,0,0,0,0
15:45:57.864,1,300,0,0,8,3,5a,64,5a,64,0,64,32
15:45:57.928,1,206,0,0,8,0,0,0,0,0,0,0,0
15:45:57.990,1,401,0,0,8,11,a0,0,0,46,0,0,0
15:45:58.054,1,665,0,0,8,0,0,0,53,4c,18,53,0
15:45:58.118,1,300,0,0,8,3,5a,64,5a,64,0,64,27
15:45:58.180,1,401,0,0,8,11,a0,0,0,46,0,0,0
15:45:58.244,1,300,0,0,8,3,5a,64,5a,64,0,64,ba
15:45:58.308,1,203,0,0,8,0,0,0,0,0,0,0,0
15:45:58.370,1,300,0,0,8,3,5a,64,5a,64,0,64,bc
15:45:58.433,1,206,0,0,8,0,0,0,0,0,0,0,0
15:45:58.496,1,201,0,0,5,0,0,0,0,62,,,
15:45:58.561,1,403,0,0,8,64,0,0,0,40,e3,9,0
15:45:58.623,1,300,0,0,8,3,5a,64,5a,64,0,64,21
15:45:58.687,1,401,0,0,8,13,a0,0,0,45,0,0,0
15:45:58.749,1,300,0,0,8,3,5a,64,5a,64,0,64,34
15:45:58.812,1,400,0,0,8,1,0,c,0,0,0,0,0
15:45:58.876,1,300,0,0,8,3,5a,64,5a,64,0,64,36
15:45:58.939,1,300,0,0,8,3,5a,64,5a,64,0,64,b8
