100934,1,206,0,0,8,00,00,00,00,00,00,00,00
100934,0,300,0,0,8,03,5A,64,5A,32,00,32,71
100934,0,301,0,0,3,B3,01,00
100934,1,400,0,0,8,01,00,0C,00,00,00,00,00
100984,0,300,0,0,8,03,5A,64,5A,32,00,32,72
100984,0,301,0,0,3,6B,02,00
100994,1,201,0,0,5,00,00,00,00,62
101004,1,203,0,0,8,00,00,00,00,00,00,00,00
101014,1,401,0,0,8,3D,9C,00,00,47,00,00,00
101034,0,404,0,0,2,4A,00
101034,1,206,0,0,8,00,00,00,00,00,00,00,00
101034,1,405,0,0,8,4A,00,00,00,06,00,00,00
101034,0,300,0,0,8,03,5A,64,5A,32,00,32,73
101034,0,301,0,0,3,96,03,00
101034,1,400,0,0,8,01,00,0C,00,00,00,00,00
101064,0,404,0,0,2,02,30
101064,1,405,0,0,7,02,48,00,00,00,00,00
101084,0,300,0,0,8,03,5A,64,5A,32,00,32,34
101084,0,301,0,0,3,03,04,00
101094,0,404,0,0,2,44,00
101094,1,405,0,0,6,44,00,00,00,50,46
101094,1,201,0,0,5,00,00,00,00,62
101104,1,203,0,0,8,00,00,00,00,00,00,00,00
101124,1,401,0,0,8,3D,9C,00,00,47,00,00,00
101124,0,404,0,0,2,01,00
101124,1,405,0,0,8,01,00,00,00,00,04,06,04
101134,1,206,0,0,8,00,00,00,00,00,00,00,00
101134,0,300,0,0,8,03,5A,64,5A,32,00,32,35
101134,0,301,0,0,3,54,05,00
101144,1,400,0,0,8,01,00,0C,00,00,00,00,00
101154,0,404,0,0,2,A3,01
101154,1,405,0,0,5,A3,01,00,00,06
101184,0,300,0,0,8,03,5A,64,5A,32,00,32,36
101184,0,301,0,0,3,F5,06,00
101184,0,404,0,0,2,20,00
101184,1,405,0,0,8,20,00,00,00,32,33,36,47
101194,1,201,0,0,5,00,00,00,00,62
101204,1,203,0,0,8,00,00,00,00,00,00,00,00
101224,1,401,0,0,8,3B,9C,00,00,47,00,00,00
101224,0,404,0,0,2,21,00
101224,1,405,0,0,8,21,00,00,00,35,4C,41,31
101234,1,206,0,0,8,00,00,00,00,00,00,00,00
101234,0,300,0,0,8,03,5A,64,5A,32,00,32,37
101234,0,301,0,0,3,B8,07,00
101244,1,400,0,0,8,01,00,0C,00,00,00,00,00
101244,0,404,0,0,2,22,00
101254,1,405,0,0,8,22,00,00,00,30,30,34,52
101284,0,404,0,0,2,23,00
101284,1,405,0,0,8,23,00,00,00,4D,30,30,30
101284,0,300,0,0,8,03,5A,64,5A,32,00,32,F8
101284,0,301,0,0,3,80,08,00
101294,1,201,0,0,5,00,00,00,00,62
101304,1,203,0,0,8,00,00,00,00,00,00,00,00
101314,0,404,0,0,2,24,00
101314,1,405,0,0,8,24,00,00,00,30,30,30,30
101324,1,401,0,0,8,3B,9C,00,00,47,00,00,00
101334,1,206,0,0,8,00,00,00,00,00,00,00,00
101334,0,300,0,0,8,03,5A,64,5A,32,00,32,F9
101334,0,301,0,0,3,88,09,00
101344,1,400,0,0,8,01,00,0C,00,00,00,00,00
101344,0,404,0,0,2,25,00
101344,1,405,0,0,8,25,00,00,00,30,30,30,30
101374,0,404,0,0,2,26,00
101384,1,405,0,0,8,26,00,00,00,30,30,30,30
101384,0,300,0,0,8,03,5A,64,5A,32,00,32,FA
101384,0,301,0,0,3,C6,0A,00
101394,1,201,0,0,5,00,00,00,00,62
101404,1,403,0,0,8,64,00,00,00,40,E3,09,00
101404,0,404,0,0,2,27,00
101404,1,405,0,0,6,27,00,00,00,30,30
101404,1,203,0,0,8,00,00,00,00,00,00,00,00
101424,1,401,0,0,8,3D,9C,00,00,47,00,00,00
101434,1,206,0,0,8,00,00,00,00,00,00,00,00
101434,0,300,0,0,8,03,5A,64,5A,32,00,32,FB
101434,0,301,0,0,3,43,0B,00
101434,0,404,0,0,2,4C,00
101434,1,405,0,0,8,4C,00,00,00,01,24,00,00
101444,1,400,0,0,8,01,00,0C,00,00,00,00,00
101464,0,404,0,0,2,46,00
101464,1,405,0,0,5,46,00,00,00,00
101484,0,300,0,0,8,03,5A,64,5A,32,00,32,BC
101484,0,301,0,0,3,B5,0C,00
101494,1,201,0,0,5,00,00,00,00,62
101494,0,404,0,0,2,4D,00
101504,1,405,0,0,8,4D,00,00,00,00,00,00,00
101504,1,203,0,0,8,00,00,00,00,00,00,00,00
101524,1,401,0,0,8,3D,9C,00,00,47,00,00,00
101534,1,206,0,0,8,00,00,00,00,00,00,00,00
101534,0,404,0,0,2,50,00
101534,1,405,0,0,8,50,00,00,00,EE,00,F1,00
101534,0,300,0,0,8,03,5A,64,5A,32,00,32,BD
101534,0,301,0,0,3,4E,0D,00
101544,1,400,0,0,8,01,00,0C,00,00,00,00,00
101564,0,404,0,0,2,02,00
101564,1,405,0,0,8,02,00,00,00,53,49,43,54
101584,0,300,0,0,8,03,5A,64,5A,32,00,32,BE
101584,0,301,0,0,3,1D,0E,00
101594,0,404,0,0,2,0A,00
101594,1,405,0,0,8,0A,00,00,00,30,3A,00,00
101594,1,201,0,0,5,00,00,00,00,62
101604,1,203,0,0,8,00,00,00,00,00,00,00,00
101624,1,204,0,0,8,00,00,00,00,00,00,00,00
101624,1,401,0,0,8,3D,9C,00,00,46,00,00,00
101624,0,404,0,0,2,04,00
101624,1,405,0,0,7,04,0,00,00,16,09,02
101634,1,206,0,0,8,00,00,00,00,00,00,00,00
101634,1,202,0,0,8,E2,1D,00,00,33,99,05,00
101634,0,300,0,0,8,03,5A,64,5A,32,00,32,BF
101634,0,301,0,0,3,E8,0F,00
101644,1,400,0,0,8,01,00,0C,00,00,00,00,00
101654,0,404,0,0,2,B0,01
101654,1,405,0,0,6,B0,01,00,00,00,00
101684,0,300,0,0,8,03,5A,64,5A,32,00,32,70
101684,0,301,0,0,3,E2,00,00
101694,0,404,0,0,2,B1,01
101694,1,405,0,0,6,B1,01,00,00,00,00
101694,1,201,0,0,5,00,00,00,00,62
101704,1,203,0,0,8,00,00,00,00,00,00,00,00
101724,1,401,0,0,8,3D,9C,00,00,46,00,00,00
101734,1,206,0,0,8,00,00,00,00,00,00,00,00
101734,0,300,0,0,8,03,5A,64,5A,32,00,32,71
101734,0,301,0,0,3,B3,01,00
101744,1,400,0,0,8,01,00,0C,00,00,00,00,00
101784,0,300,0,0,8,03,5A,64,5A,32,00,32,72
101784,0,301,0,0,3,6B,02,00
101794,1,201,0,0,5,00,00,00,00,62
101804,1,203,0,0,8,00,00,00,00,00,00,00,00
101824,1,401,0,0,8,3D,9C,00,00,46,00,00,00
101834,1,206,0,0,8,00,00,00,00,00,00,00,00
101834,0,300,0,0,8,03,5A,64,5A,32,00,32,73
101834,0,301,0,0,3,96,03,00
101844,1,400,0,0,8,01,00,0C,00,00,00,00,00
101884,0,300,0,0,8,03,5A,64,5A,32,00,32,34
101884,0,301,0,0,3,03,04,00
101894,1,201,0,0,5,00,00,00,00,62
101904,1,402,0,0,8,4E,00,00,00,F8,AB,07,00
101904,1,203,0,0,8,00,00,00,00,00,00,00,00
101924,1,401,0,0,8,3B,9C,00,00,46,00,00,00
101934,1,206,0,0,8,00,00,00,00,00,00,00,00
101934,0,300,0,0,8,03,5A,64,5A,32,00,32,35
101934,0,301,0,0,3,54,05,00
101944,1,400,0,0,8,01,00,0C,00,00,00,00,00
101984,0,300,0,0,8,03,5A,64,5A,32,00,32,36
101984,0,301,0,0,3,F5,06,00
101994,1,201,0,0,5,00,00,00,00,62
102004,1,203,0,0,8,00,00,00,00,00,00,00,00
102024,1,401,0,0,8,3B,9C,00,00,46,00,00,00
102034,1,206,0,0,8,00,00,00,00,00,00,00,00
102034,0,300,0,0,8,03,5A,64,5A,32,00,32,37
102034,0,301,0,0,3,B8,07,00
102044,1,400,0,0,8,01,00,0C,00,00,00,00,00
102084,0,300,0,0,8,03,5A,64,5A,32,00,32,F8
102084,0,301,0,0,3,80,08,00
102094,1,201,0,0,5,00,00,00,00,62
102104,1,203,0,0,8,00,00,00,00,00,00,00,00
102124,1,401,0,0,8,3B,9C,00,00,46,00,00,00
102134,1,206,0,0,8,00,00,00,00,00,00,00,00
102134,0,300,0,0,8,03,5A,64,5A,32,00,32,F9
102134,0,301,0,0,3,88,09,00
102144,1,400,0,0,8,01,00,0C,00,00,00,00,00
102184,0,300,0,0,8,03,5A,64,5A,32,00,32,FA
102184,0,301,0,0,3,C6,0A,00
102194,1,201,0,0,5,00,00,00,00,62
102204,1,203,0,0,8,00,00,00,00,00,00,00,00
102224,1,401,0,0,8,3B,9C,00,00,46,00,00,00
102234,1,206,0,0,8,00,00,00,00,00,00,00,00
102234,0,300,0,0,8,03,5A,64,5A,32,00,32,FB
102234,0,301,0,0,3,43,0B,00
102244,1,400,0,0,8,01,00,0C,00,00,00,00,00
102284,0,300,0,0,8,03,5A,64,5A,32,00,32,BC
102284,0,301,0,0,3,B5,0C,00
102294,1,201,0,0,5,00,00,00,00,62
102304,1,203,0,0,8,00,00,00,00,00,00,00,00
102324,1,401,0,0,8,3B,9C,00,00,46,00,00,00
102334,1,206,0,0,8,00,00,00,00,00,00,00,00
102334,0,300,0,0,8,03,5A,64,5A,32,00,32,BD
102334,0,301,0,0,3,4E,0D,00
102344,1,400,0,0,8,01,00,0C,00,00,00,00,00
102384,0,300,0,0,8,03,5A,64,5A,32,00,32,BE
102384,0,301,0,0,3,1D,0E,00
102394,1,201,0,0,5,00,00,00,00,62
102404,1,403,0,0,8,64,00,00,00,40,E3,09,00
102404,1,203,0,0,8,00,00,00,00,00,00,00,00
102424,1,401,0,0,8,39,9C,00,00,46,00,00,00
102434,1,206,0,0,8,00,00,00,00,00,00,00,00
102434,0,300,0,0,8,03,5A,64,5A,32,00,32,BF
102434,0,301,0,0,3,E8,0F,00
102444,1,400,0,0,8,01,00,0C,00,00,00,00,00
102484,0,300,0,0,8,03,5A,64,5A,32,00,32,70
102484,0,301,0,0,3,E2,00,00
102494,1,201,0,0,5,00,00,00,00,62
102504,1,203,0,0,8,00,00,00,00,00,00,00,00
102524,1,401,0,0,8,39,9C,00,00,46,00,00,00
102534,1,206,0,0,8,00,00,00,00,00,00,00,00
102534,0,300,0,0,8,03,5A,64,5A,32,00,32,71
102534,0,301,0,0,3,B3,01,00
102544,1,400,0,0,8,01,00,0C,00,00,00,00,00
102584,0,300,0,0,8,03,5A,64,5A,32,00,32,72
102584,0,301,0,0,3,6B,02,00
102594,1,201,0,0,5,00,00,00,00,62
102604,1,203,0,0,8,00,00,00,00,00,00,00,00
102624,1,204,0,0,8,00,00,00,00,00,00,00,00
102624,1,401,0,0,8,39,9C,00,00,46,00,00,00
102634,1,206,0,0,8,00,00,00,00,00,00,00,00
102634,1,202,0,0,8,E2,1D,00,00,33,99,05,00
102634,0,300,0,0,8,03,5A,64,5A,32,00,32,73
102634,0,301,0,0,3,96,03,00
102644,1,400,0,0,8,01,00,0C,00,00,00,00,00
102684,0,300,0,0,8,03,5A,64,5A,32,00,32,34
102684,0,301,0,0,3,03,04,00
102694,1,201,0,0,5,00,00,00,00,62
102704,1,203,0,0,8,00,00,00,00,00,00,00,00
102724,1,401,0,0,8,3B,9C,00,00,46,00,00,00
102734,1,206,0,0,8,00,00,00,00,00,00,00,00
102734,0,300,0,0,8,03,5A,64,5A,32,00,32,35
102734,0,301,0,0,3,54,05,00
102744,1,400,0,0,8,01,00,0C,00,00,00,00,00
102784,0,300,0,0,8,03,5A,64,5A,32,00,32,36
102784,0,301,0,0,3,F5,06,00
102794,1,201,0,0,5,00,00,00,00,62
102804,1,203,0,0,8,00,00,00,00,00,00,00,00
102824,1,401,0,0,8,3B,9C,00,00,47,00,00,00
102834,1,206,0,0,8,00,00,00,00,00,00,00,00
102834,0,300,0,0,8,03,5A,64,5A,32,00,32,37
102834,0,301,0,0,3,B8,07,00
102844,1,400,0,0,8,01,00,0C,00,00,00,00,00
102884,0,300,0,0,8,03,5A,64,5A,32,00,32,F8
102884,0,301,0,0,3,80,08,00
102894,1,201,0,0,5,00,00,00,00,62
102904,1,402,0,0,8,4E,00,00,00,F8,AB,07,00
102904,1,203,0,0,8,00,00,00,00,00,00,00,00
102924,1,401,0,0,8,3B,9C,00,00,47,00,00,00
102934,1,206,0,0,8,00,00,00,00,00,00,00,00
102934,0,300,0,0,8,03,5A,64,5A,32,00,32,F9
102934,0,301,0,0,3,88,09,00
102944,1,400,0,0,8,01,00,0C,00,00,00,00,00
102984,0,300,0,0,8,03,5A,64,5A,32,00,32,FA
102984,0,301,0,0,3,C6,0A,00
102994,1,201,0,0,5,00,00,00,00,62
103004,1,203,0,0,8,00,00,00,00,00,00,00,00
103024,1,401,0,0,8,3B,9C,00,00,47,00,00,00
103034,1,206,0,0,8,00,00,00,00,00,00,00,00
103034,0,300,0,0,8,03,5A,64,5A,32,00,32,FB
103034,0,301,0,0,3,43,0B,00
103044,1,400,0,0,8,01,00,0C,00,00,00,00,00
103084,0,300,0,0,8,03,5A,64,5A,32,00,32,BC
103084,0,301,0,0,3,B5,0C,00
103094,1,201,0,0,5,00,00,00,00,62
103104,1,203,0,0,8,00,00,00,00,00,00,00,00
103124,1,401,0,0,8,3B,9C,00,00,47,00,00,00
103134,1,206,0,0,8,00,00,00,00,00,00,00,00
103134,0,300,0,0,8,03,5A,64,5A,32,00,32,BD
103134,0,301,0,0,3,4E,0D,00
103144,1,400,0,0,8,01,00,0C,00,00,00,00,00
103184,0,300,0,0,8,03,5A,64,5A,32,00,32,BE
103184,0,301,0,0,3,1D,0E,00
103194,1,201,0,0,5,00,00,00,00,62
103204,1,203,0,0,8,00,00,00,00,00,00,00,00
103224,1,401,0,0,8,3D,9C,00,00,47,00,00,00
103234,1,206,0,0,8,00,00,00,00,00,00,00,00
103234,0,300,0,0,8,03,5A,64,5A,32,00,32,BF
103234,0,301,0,0,3,E8,0F,00
103244,1,400,0,0,8,01,00,0C,00,00,00,00,00
103284,0,300,0,0,8,03,5A,64,5A,32,00,32,70
103284,0,301,0,0,3,E2,00,00
103294,1,201,0,0,5,00,00,00,00,62
103304,1,203,0,0,8,00,00,00,00,00,00,00,00
103324,1,401,0,0,8,3D,9C,00,00,46,00,00,00
103334,1,206,0,0,8,00,00,00,00,00,00,00,00
103334,0,300,0,0,8,03,5A,64,5A,32,00,32,71
103334,0,301,0,0,3,B3,01,00
103344,1,400,0,0,8,01,00,0C,00,00,00,00,00
103384,0,300,0,0,8,03,5A,64,5A,32,00,32,72
103384,0,301,0,0,3,6B,02,00
103394,1,201,0,0,5,00,00,00,00,62
103404,1,403,0,0,8,64,00,00,00,40,E3,09,00
103404,1,203,0,0,8,00,00,00,00,00,00,00,00
103424,1,401,0,0,8,3B,9C,00,00,46,00,00,00
103434,1,206,0,0,8,00,00,00,00,00,00,00,00
103434,0,300,0,0,8,03,5A,64,5A,32,00,32,73
103434,0,301,0,0,3,96,03,00
103444,1,400,0,0,8,01,00,0C,00,00,00,00,00
103484,0,300,0,0,8,03,5A,64,5A,32,00,32,34
103484,0,301,0,0,3,03,04,00
103494,1,201,0,0,5,00,00,00,00,62
103504,1,203,0,0,8,00,00,00,00,00,00,00,00
103524,1,401,0,0,8,3B,9C,00,00,46,00,00,00
103534,1,206,0,0,8,00,00,00,00,00,00,00,00
103534,0,300,0,0,8,03,5A,64,5A,32,00,32,35
103534,0,301,0,0,3,54,05,00
103544,1,400,0,0,8,01,00,0C,00,00,00,00,00
103584,0,300,0,0,8,03,5A,64,5A,32,00,32,36
103584,0,301,0,0,3,F5,06,00
103594,1,201,0,0,5,00,00,00,00,62
103604,1,203,0,0,8,00,00,00,00,00,00,00,00
103624,1,204,0,0,8,00,00,00,00,00,00,00,00
103624,1,401,0,0,8,3B,9C,00,00,46,00,00,00
103634,1,206,0,0,8,00,00,00,00,00,00,00,00
103634,1,202,0,0,8,E2,1D,00,00,33,99,05,00
103634,0,300,0,0,8,03,5A,64,5A,32,00,32,37
103634,0,301,0,0,3,B8,07,00
103644,1,666,0,0,8,52,08,05,00,52,95,36,02
103644,1,400,0,0,8,01,00,0C,00,00,00,00,00
103654,1,665,0,0,8,00,00,00,53,4C,18,53,00
103664,1,200,0,0,8,4E,00,F8,AB,07,00,00,00
103684,0,300,0,0,8,03,5A,64,5A,32,00,32,F8
103684,0,301,0,0,3,80,08,00
103694,1,201,0,0,5,00,00,00,00,62
103704,1,203,0,0,8,00,00,00,00,00,00,00,00
103724,1,401,0,0,8,3B,9C,00,00,46,00,00,00
103734,1,206,0,0,8,00,00,00,00,00,00,00,00
103734,0,300,0,0,8,03,5A,64,5A,32,00,32,F9
103734,0,301,0,0,3,88,09,00
103744,1,400,0,0,8,01,00,0C,00,00,00,00,00
103784,0,300,0,0,8,03,5A,64,5A,32,00,32,FA
103784,0,301,0,0,3,C6,0A,00
103794,1,201,0,0,5,00,00,00,00,62
103804,1,203,0,0,8,00,00,00,00,00,00,00,00
103824,1,401,0,0,8,3B,9C,00,00,46,00,00,00
103834,1,206,0,0,8,00,00,00,00,00,00,00,00
103834,0,300,0,0,8,03,5A,64,5A,32,00,32,FB
103834,0,301,0,0,3,43,0B,00
103844,1,400,0,0,8,01,00,0C,00,00,00,00,00
103884,0,300,0,0,8,03,5A,64,5A,32,00,32,BC
103884,0,301,0,0,3,B5,0C,00
103894,1,201,0,0,5,00,00,00,00,62
103904,1,402,0,0,8,4E,00,00,00,F8,AB,07,00
103904,1,203,0,0,8,00,00,00,00,00,00,00,00
103924,1,401,0,0,8,3D,9C,00,00,46,00,00,00
103934,1,206,0,0,8,00,00,00,00,00,00,00,00
103934,0,300,0,0,8,03,5A,64,5A,32,00,32,BD
103934,0,301,0,0,3,4E,0D,00
103944,1,400,0,0,8,01,00,0C,00,00,00,00,00
103984,0,300,0,0,8,03,5A,64,5A,32,00,32,BE
103984,0,301,0,0,3,1D,0E,00
103994,1,201,0,0,5,00,00,00,00,62
104004,1,203,0,0,8,00,00,00,00,00,00,00,00
104024,1,401,0,0,8,3D,9C,00,00,46,00,00,00
104034,1,206,0,0,8,00,00,00,00,00,00,00,00
104034,0,300,0,0,8,03,5A,64,5A,32,00,32,BF
104034,0,301,0,0,3,E8,0F,00
104044,1,400,0,0,8,01,00,0C,00,00,00,00,00
104084,0,300,0,0,8,03,5A,64,5A,32,00,32,70
104084,0,301,0,0,3,E2,00,00
104094,1,201,0,0,5,00,00,00,00,62
104104,1,203,0,0,8,00,00,00,00,00,00,00,00
104124,1,401,0,0,8,3D,9C,00,00,47,00,00,00
104134,1,206,0,0,8,00,00,00,00,00,00,00,00
104134,0,300,0,0,8,03,5A,64,5A,32,00,32,71
104134,0,301,0,0,3,B3,01,00
104144,1,400,0,0,8,01,00,0C,00,00,00,00,00
104184,0,300,0,0,8,03,5A,64,5A,32,00,32,72
104184,0,301,0,0,3,6B,02,00
104194,1,201,0,0,5,00,00,00,00,62
104204,1,203,0,0,8,00,00,00,00,00,00,00,00
104224,1,401,0,0,8,3D,9C,00,00,47,00,00,00
104234,1,206,0,0,8,00,00,00,00,00,00,00,00
104234,0,300,0,0,8,03,5A,64,5A,32,00,32,73
104234,0,301,0,0,3,96,03,00
104244,1,400,0,0,8,01,00,0C,00,00,00,00,00
104284,0,300,0,0,8,03,5A,64,5A,32,00,32,34
104284,0,301,0,0,3,03,04,00
104294,1,201,0,0,5,00,00,00,00,62
104304,1,203,0,0,8,00,00,00,00,00,00,00,00
104324,1,401,0,0,8,3D,9C,00,00,47,00,00,00
104334,1,206,0,0,8,00,00,00,00,00,00,00,00
104334,0,300,0,0,8,03,5A,64,5A,32,00,32,35
104334,0,301,0,0,3,54,05,00
104344,1,400,0,0,8,01,00,0C,00,00,00,00,00
104384,0,300,0,0,8,03,5A,64,5A,32,00,32,36
104384,0,301,0,0,3,F5,06,00
104394,1,201,0,0,5,00,00,00,00,62
104404,1,403,0,0,8,64,00,00,00,40,E3,09,00
104404,1,203,0,0,8,00,00,00,00,00,00,00,00
104424,1,401,0,0,8,3D,9C,00,00,47,00,00,00
104434,1,206,0,0,8,00,00,00,00,00,00,00,00
104434,0,300,0,0,8,03,5A,64,5A,32,00,32,37
104434,0,301,0,0,3,B8,07,00
104444,1,400,0,0,8,01,00,0C,00,00,00,00,00
104484,0,300,0,0,8,03,5A,64,5A,32,00,32,F8
104484,0,301,0,0,3,80,08,00
104494,1,201,0,0,5,00,00,00,00,62
104504,1,203,0,0,8,00,00,00,00,00,00,00,00
104524,1,401,0,0,8,3D,9C,00,00,47,00,00,00
104534,1,206,0,0,8,00,00,00,00,00,00,00,00
104534,0,300,0,0,8,03,5A,64,5A,32,00,32,F9
104534,0,301,0,0,3,88,09,00
104544,1,400,0,0,8,01,00,0C,00,00,00,00,00
104584,0,300,0,0,8,03,5A,64,5A,32,00,32,FA
104584,0,301,0,0,3,C6,0A,00
104594,1,201,0,0,5,00,00,00,00,62
104604,1,203,0,0,8,00,00,00,00,00,00,00,00
104624,1,204,0,0,8,00,00,00,00,00,00,00,00
104624,1,401,0,0,8,3D,9C,00,00,47,00,00,00
104634,1,206,0,0,8,00,00,00,00,00,00,00,00
104634,1,202,0,0,8,E2,1D,00,00,33,99,05,00
104634,0,300,0,0,8,03,5A,64,5A,32,00,32,FB
104634,0,301,0,0,3,43,0B,00
104644,1,400,0,0,8,01,00,0C,00,00,00,00,00
104684,0,300,0,0,8,03,5A,64,5A,32,00,32,BC
104684,0,301,0,0,3,B5,0C,00
104694,1,201,0,0,5,00,00,00,00,62
104704,1,203,0,0,8,00,00,00,00,00,00,00,00
104724,1,401,0,0,8,3B,9C,00,00,47,00,00,00
104734,1,206,0,0,8,00,00,00,00,00,00,00,00
104734,0,300,0,0,8,03,5A,64,5A,32,00,32,BD
104734,0,301,0,0,3,4E,0D,00
104744,1,400,0,0,8,01,00,0C,00,00,00,00,00
104784,0,300,0,0,8,03,5A,64,5A,32,00,32,BE
104784,0,301,0,0,3,1D,0E,00
104794,1,201,0,0,5,00,00,00,00,62
104804,1,203,0,0,8,00,00,00,00,00,00,00,00
104824,1,401,0,0,8,3B,9C,00,00,47,00,00,00
104834,1,206,0,0,8,00,00,00,00,00,00,00,00
104834,0,300,0,0,8,03,5A,64,5A,32,00,32,BF
104834,0,301,0,0,3,E8,0F,00
104844,1,400,0,0,8,01,00,0C,00,00,00,00,00
104884,0,300,0,0,8,03,5A,64,5A,32,00,32,70
104884,0,301,0,0,3,E2,00,00
104894,1,201,0,0,5,00,00,00,00,62
104904,1,402,0,0,8,4E,00,00,00,F8,AB,07,00
104904,1,203,0,0,8,00,00,00,00,00,00,00,00
104924,1,401,0,0,8,3D,9C,00,00,47,00,00,00
104934,1,206,0,0,8,00,00,00,00,00,00,00,00
104934,0,300,0,0,8,03,5A,64,5A,32,00,32,71
104934,0,301,0,0,3,B3,01,00
104944,1,400,0,0,8,01,00,0C,00,00,00,00,00
104984,0,300,0,0,8,03,5A,64,5A,32,00,32,72
104984,0,301,0,0,3,6B,02,00
104994,1,201,0,0,5,00,00,00,00,62
105004,1,203,0,0,8,00,00,00,00,00,00,00,00
105024,1,401,0,0,8,3D,9C,00,00,47,00,00,00
105034,1,206,0,0,8,00,00,00,00,00,00,00,00
105034,0,300,0,0,8,03,5A,64,5A,32,00,32,73
105034,0,301,0,0,3,96,03,00
105044,1,400,0,0,8,01,00,0C,00,00,00,00,00
105084,0,300,0,0,8,03,5A,64,5A,32,00,32,34
105084,0,301,0,0,3,03,04,00
105094,1,201,0,0,5,00,00,00,00,62
105104,1,203,0,0,8,00,00,00,00,00,00,00,00
105124,1,401,0,0,8,3D,9C,00,00,46,00,00,00
105134,1,206,0,0,8,00,00,00,00,00,00,00,00
105134,0,300,0,0,8,03,5A,64,5A,32,00,32,35
105134,0,301,0,0,3,54,05,00
105144,1,400,0,0,8,01,00,0C,00,00,00,00,00
105184,0,300,0,0,8,03,5A,64,5A,32,00,32,36
105184,0,301,0,0,3,F5,06,00
105194,1,201,0,0,5,00,00,00,00,62
105204,1,203,0,0,8,00,00,00,00,00,00,00,00
105224,1,401,0,0,8,3B,9C,00,00,46,00,00,00
105234,1,206,0,0,8,00,00,00,00,00,00,00,00
105234,0,300,0,0,8,03,5A,64,5A,32,00,32,37
105234,0,301,0,0,3,B8,07,00
105244,1,400,0,0,8,01,00,0C,00,00,00,00,00
105284,0,300,0,0,8,03,5A,64,5A,32,00,32,F8
105284,0,301,0,0,3,80,08,00
105294,1,201,0,0,5,00,00,00,00,62
105304,1,203,0,0,8,00,00,00,00,00,00,00,00
105324,1,401,0,0,8,3B,9C,00,00,47,00,00,00
105334,1,206,0,0,8,00,00,00,00,00,00,00,00
105334,0,300,0,0,8,03,5A,64,5A,32,00,32,F9
105334,0,301,0,0,3,88,09,00
105344,1,400,0,0,8,01,00,0C,00,00,00,00,00
105384,0,300,0,0,8,03,5A,64,5A,32,00,32,FA
105384,0,301,0,0,3,C6,0A,00
105394,1,201,0,0,5,00,00,00,00,62
105404,1,403,0,0,8,64,00,00,00,40,E3,09,00
105414,1,203,0,0,8,00,00,00,00,00,00,00,00
105424,1,401,0,0,8,3B,9C,00,00,47,00,00,00
105434,1,206,0,0,8,00,00,00,00,00,00,00,00
105434,0,300,0,0,8,03,5A,64,5A,32,00,32,FB
105534,0,300,0,0,8,03,5A,64,5A,32,00,32,BD
105634,1,401,0,0,8,3B,9C,00,00,47,00,00,00
105694,1,201,0,0,5,00,00,00,00,62
105794,1,201,0,0,5,00,00,00,00,62
105884,0,301,0,0,3,03,04,00
105954,1,400,0,0,8,01,00,0C,00,00,00,00,00
106054,1,400,0,0,8,01,00,0C,00,00,00,00,00
106134,0,301,0,0,3,88,09,00
106234,0,300,0,0,8,03,5A,64,5A,32,00,32,FB
106284,0,300,0,0,8,03,5A,64,5A,32,00,32,BC
106284,0,301,0,0,3,B5,0C,00
106384,0,301,0,0,3,1D,0E,00
106454,1,400,0,0,8,01,00,0C,00,00,00,00,00
106554,1,400,0,0,8,01,00,0C,00,00,00,00,00
106634,1,202,0,0,8,E2,1D,00,00,33,99,05,00
106684,0,301,0,0,3,03,04,00
106784,0,300,0,0,8,03,5A,64,5A,32,00,32,36
106884,0,300,0,0,8,03,5A,64,5A,32,00,32,F8
106934,0,300,0,0,8,03,5A,64,5A,32,00,32,F9
107034,0,300,0,0,8,03,5A,64,5A,32,00,32,FB
107134,1,206,0,0,8,00,00,00,00,00,00,00,00
107234,1,401,0,0,8,3B,9C,00,00,47,00,00,00
107334,1,401,0,0,8,3B,9C,00,00,46,00,00,00
107414,1,203,0,0,8,00,00,00,00,00,00,00,00
107484,0,300,0,0,8,03,5A,64,5A,32,00,32,34
107484,0,301,0,0,3,03,04,00
107584,0,300,0,0,8,03,5A,64,5A,32,00,32,36
107634,0,300,0,0,8,03,5A,64,5A,32,00,32,37
107734,1,401,0,0,8,39,9C,00,00,46,00,00,00
107834,1,401,0,0,8,39,9C,00,00,47,00,00,00
107914,1,402,0,0,8,4E,00,00,00,F8,AB,07,00
108014,1,203,0,0,8,00,00,00,00,00,00,00,00
108094,1,201,0,0,5,00,00,00,00,62
108194,1,201,0,0,5,00,00,00,00,62
108284,0,301,0,0,3,03,04,00
108384,0,300,0,0,8,03,5A,64,5A,32,00,32,36
108434,0,301,0,0,3,B8,07,00
108534,0,300,0,0,8,03,5A,64,5A,32,00,32,F9
108634,1,202,0,0,8,E2,1C,00,00,33,99,05,00
108714,1,203,0,0,8,00,00,00,00,00,00,00,00
108914,1,203,0,0,8,00,00,00,00,00,00,00,00
108994,0,300,0,0,8,03,5A,64,5A,32,00,32,72
108994,0,301,0,0,3,6B,02,00
109064,0,404,0,0,2,02,30
109134,1,401,0,0,8,3D,9C,00,00,47,00,00,00
109214,1,203,0,0,8,00,00,00,00,00,00,00,00
109284,0,404,0,0,2,23,00
109344,0,300,0,0,8,03,5A,64,5A,32,00,32,F9
109404,1,405,0,0,6,27,00,00,00,30,30
109464,1,405,0,0,5,46,00,00,00,00
109534,1,401,0,0,8,3B,9C,00,00,46,00,00,00
109614,1,203,0,0,8,00,00,00,00,00,00,00,00
109654,1,665,0,0,8,00,00,00,53,4C,18,53,00
109734,1,206,0,0,8,00,00,00,00,00,00,00,00
109834,1,401,0,0,8,3B,9C,00,00,47,00,00,00
109944,1,401,0,0,8,3B,9C,00,00,47,00,00,00
110044,0,300,0,0,8,03,5A,64,5A,32,00,32,37
110144,0,301,0,0,3,88,09,00
110264,1,400,0,0,8,01,00,0C,00,00,00,00,00
110394,0,301,0,0,3,1D,0E,00
110494,0,301,0,0,3,E2,00,00
110594,1,201,0,0,5,00,00,00,00,62
110664,1,400,0,0,8,01,00,0C,00,00,00,00,00
110694,0,300,0,0,8,03,5A,64,5A,32,00,32,34
110794,0,301,0,0,3,F5,06,00
110894,1,201,0,0,5,00,00,00,00,62
110994,1,201,0,0,5,00,00,00,00,62
111134,1,206,0,0,8,00,00,00,00,00,00,00,00
111244,0,300,0,0,8,03,5A,64,5A,32,00,32,BF
111344,0,301,0,0,3,B3,01,00
111444,0,301,0,0,3,96,03,00
111544,1,401,0,0,8,3B,9C,00,00,47,00,00,00
111644,0,301,0,0,3,B8,07,00
111744,1,401,0,0,8,39,9C,00,00,47,00,00,00
111864,1,400,0,0,8,01,00,0C,00,00,00,00,00
111994,0,300,0,0,8,03,5A,64,5A,32,00,32,BE
112094,0,300,0,0,8,03,5A,64,5A,32,00,32,70
112194,1,201,0,0,5,00,00,00,00,62
112314,1,203,0,0,8,00,00,00,00,00,00,00,00
112424,1,403,0,0,8,64,00,00,00,40,E3,09,00
112534,1,206,0,0,8,00,00,00,00,00,00,00,00
112634,1,206,0,0,8,00,00,00,00,00,00,00,00
112694,0,301,0,0,3,B5,0C,00
112734,1,206,0,0,8,00,00,00,00,00,00,00,00
112744,0,300,0,0,8,03,5A,64,5A,32,00,32,BD
112844,1,401,0,0,8,3B,9C,00,00,47,00,00,00
112944,1,401,0,0,8,3B,9C,00,00,47,00,00,00
113064,1,400,0,0,8,01,00,0C,00,00,00,00,00
113194,0,300,0,0,8,03,5A,64,5A,32,00,32,36
113294,0,301,0,0,3,80,08,00
113394,1,201,0,0,5,00,00,00,00,62
113504,1,201,0,0,5,00,00,00,00,62
113614,1,203,0,0,8,00,00,00,00,00,00,00,00
113714,1,203,0,0,8,00,00,00,00,00,00,00,00
113834,1,206,0,0,8,00,00,00,00,00,00,00,00
113934,1,206,0,0,8,00,00,00,00,00,00,00,00
114044,0,300,0,0,8,03,5A,64,5A,32,00,32,37
114144,0,301,0,0,3,88,09,00
114254,1,401,0,0,8,3B,9C,00,00,47,00,00,00
114374,1,400,0,0,8,01,00,0C,00,00,00,00,00
114474,1,400,0,0,8,01,00,0C,00,00,00,00,00
114594,0,300,0,0,8,03,5A,64,5A,32,00,32,72
114674,1,400,0,0,8,01,00,0C,00,00,00,00,00
114804,1,201,0,0,5,00,00,00,00,62
114814,1,203,0,0,8,00,00,00,00,00,00,00,00
114944,0,300,0,0,8,03,5A,64,5A,32,00,32,F9
115074,1,400,0,0,8,01,00,0C,00,00,00,00,00
115204,1,201,0,0,5,00,00,00,00,62
115344,0,300,0,0,8,03,5A,64,5A,32,00,32,71
115454,1,401,0,0,8,3D,9C,00,00,47,00,00,00
115604,1,201,0,0,5,00,00,00,00,62
115674,1,400,0,0,8,01,00,0C,00,00,00,00,00
115804,1,201,0,0,5,00,00,00,00,62
115934,1,206,0,0,8,00,00,00,00,00,00,00,00
116054,1,401,0,0,8,3B,9C,00,00,46,00,00,00
116194,0,301,0,0,3,6B,02,00
116274,1,400,0,0,8,01,00,0C,00,00,00,00,00
116414,1,203,0,0,8,00,00,00,00,00,00,00,00
116534,1,206,0,0,8,00,00,00,00,00,00,00,00
116644,0,300,0,0,8,03,5A,64,5A,32,00,32,FB
116774,1,400,0,0,8,01,00,0C,00,00,00,00,00
116834,1,206,0,0,8,00,00,00,00,00,00,00,00
116844,0,300,0,0,8,03,5A,64,5A,32,00,32,BF
116954,1,401,0,0,8,3B,9C,00,00,47,00,00,00
117064,1,405,0,0,7,02,48,00,00,00,00,00
117144,0,301,0,0,3,54,05,00
117234,1,206,0,0,8,00,00,00,00,00,00,00,00
117294,0,301,0,0,3,80,08,00
117444,0,301,0,0,3,43,0B,00
117534,1,206,0,0,8,00,00,00,00,00,00,00,00
117614,1,203,0,0,8,00,00,00,00,00,00,00,00
117684,1,405,0,0,6,B1,01,00,00,00,00
117804,1,201,0,0,5,00,00,00,00,62
117934,1,402,0,0,8,4E,00,00,00,F8,AB,07,00
118054,1,401,0,0,8,3B,9C,00,00,46,00,00,00
118194,0,300,0,0,8,03,5A,64,5A,32,00,32,FA
118314,1,203,0,0,8,00,00,00,00,00,00,00,00
118444,0,300,0,0,8,03,5A,64,5A,32,00,32,BF
118584,1,400,0,0,8,01,00,0C,00,00,00,00,00
118664,1,401,0,0,8,3D,9C,00,00,47,00,00,00
118784,1,400,0,0,8,01,00,0C,00,00,00,00,00
118794,0,300,0,0,8,03,5A,64,5A,32,00,32,36
118934,1,206,0,0,8,00,00,00,00,00,00,00,00
119044,0,301,0,0,3,43,0B,00
119194,0,300,0,0,8,03,5A,64,5A,32,00,32,BE
119314,1,203,0,0,8,00,00,00,00,00,00,00,00
119444,0,300,0,0,8,03,5A,64,5A,32,00,32,73
119584,1,400,0,0,8,01,00,0C,00,00,00,00,00
119684,1,400,0,0,8,01,00,0C,00,00,00,00,00
119814,1,203,0,0,8,00,00,00,00,00,00,00,00
119944,0,300,0,0,8,03,5A,64,5A,32,00,32,BD
120064,1,401,0,0,8,3D,9C,00,00,47,00,00,00
120194,0,301,0,0,3,6B,02,00
120334,1,206,0,0,8,00,00,00,00,00,00,00,00
120464,1,401,0,0,8,40,9C,00,00,47,00,00,00
120594,0,300,0,0,8,03,5A,64,5A,32,00,32,FA
120694,0,301,0,0,3,B5,0C,00
120834,1,206,0,0,8,00,00,00,00,00,00,00,00
120944,0,300,0,0,8,03,5A,64,5A,32,00,32,71
120944,0,301,0,0,3,B3,01,00
121084,1,400,0,0,8,01,00,0C,00,00,00,00,00
121204,1,201,0,0,5,00,00,00,00,62
121344,0,300,0,0,8,03,5A,64,5A,32,00,32,F9
121464,1,401,0,0,8,3B,9C,00,00,47,00,00,00
121664,1,401,0,0,8,3B,9C,00,00,47,00,00,00
121804,1,201,0,0,5,00,00,00,00,62
121944,0,301,0,0,3,54,05,00
122094,0,301,0,0,3,80,08,00
122244,0,301,0,0,3,43,0B,00
122394,0,301,0,0,3,1D,0E,00
122544,0,300,0,0,8,03,5A,64,5A,32,00,32,71
122684,1,400,0,0,8,01,00,0C,00,00,00,00,00
122834,1,206,0,0,8,00,00,00,00,00,00,00,00
122934,1,206,0,0,8,00,00,00,00,00,00,00,00
122944,0,300,0,0,8,03,5A,64,5A,32,00,32,F9
123094,0,300,0,0,8,03,5A,64,5A,32,00,32,BC
123244,0,300,0,0,8,03,5A,64,5A,32,00,32,BF
123394,0,300,0,0,8,03,5A,64,5A,32,00,32,72
123534,1,206,0,0,8,00,00,00,00,00,00,00,00
123644,0,301,0,0,3,B8,07,00
123804,1,201,0,0,5,00,00,00,00,62
123954,1,402,0,0,8,4E,00,00,00,F8,AB,07,00
124094,0,301,0,0,3,E2,00,00
124244,0,301,0,0,3,96,03,00
124404,1,201,0,0,5,00,00,00,00,62
124544,0,300,0,0,8,03,5A,64,5A,32,00,32,F9
124664,1,665,0,0,8,00,00,00,53,4C,18,53,00
124774,1,401,0,0,8,3B,9C,00,00,47,00,00,00
124794,0,300,0,0,8,03,5A,64,5A,32,00,32,BE
124934,1,206,0,0,8,00,00,00,00,00,00,00,00
125044,0,300,0,0,8,03,5A,64,5A,32,00,32,73
125144,0,300,0,0,8,03,5A,64,5A,32,00,32,35
125234,1,206,0,0,8,00,00,00,00,00,00,00,00
125314,1,203,0,0,8,00,00,00,00,00,00,00,00
125414,1,203,0,0,8,00,00,00,00,00,00,00,00
125504,1,405,0,0,8,4D,00,00,00,00,00,00,00
125594,1,405,0,0,8,0A,00,00,00,30,3A,00,00
125684,1,405,0,0,6,B1,01,00,00,00,00
125834,1,206,0,0,8,00,00,00,00,00,00,00,00
125954,1,402,0,0,8,4E,00,00,00,F8,AB,07,00
126094,0,300,0,0,8,03,5A,64,5A,32,00,32,F8
126234,1,206,0,0,8,00,00,00,00,00,00,00,00
126374,0,100,0,0,8,05,2E,02,06,D0,07,00,00
126454,1,403,0,0,8,64,00,00,00,40,E3,09,00
126494,0,300,0,0,8,03,5A,64,5A,32,00,32,70
126494,0,301,0,0,3,E2,00,00
126634,1,206,0,0,8,00,00,00,00,00,00,00,00
126794,0,300,0,0,8,03,5A,64,5A,32,00,32,36
126914,1,203,0,0,8,00,00,00,00,00,00,00,00
127074,1,401,0,0,8,3B,9C,00,00,47,00,00,00
127214,1,203,0,0,8,00,00,00,00,00,00,00,00
127394,0,300,0,0,8,03,5A,64,5A,32,00,32,72
127494,0,301,0,0,3,03,04,00
127644,1,206,0,0,8,00,00,00,00,00,00,00,00
127744,1,206,0,0,8,00,00,00,00,00,00,00,00
127894,0,301,0,0,3,B5,0C,00
128014,1,203,0,0,8,00,00,00,00,00,00,00,00
128194,0,300,0,0,8,03,5A,64,5A,32,00,32,72
128344,1,206,0,0,8,00,00,00,00,00,00,00,00
128484,1,401,0,0,8,3B,9C,00,00,47,00,00,00
128494,0,300,0,0,8,03,5A,64,5A,32,00,32,F8
128624,1,204,0,0,8,00,00,00,00,00,00,00,00
128784,1,401,0,0,8,3B,9C,00,00,46,00,00,00
128914,1,203,0,0,8,00,00,00,00,00,00,00,00
129044,0,301,0,0,3,96,03,00
129204,1,201,0,0,5,00,00,00,00,62
129384,1,401,0,0,8,3B,9C,00,00,47,00,00,00
129644,1,206,0,0,8,00,00,00,00,00,00,00,00
129794,0,301,0,0,3,6B,02,00
129964,1,402,0,0,8,4E,00,00,00,F8,AB,07,00
130114,1,203,0,0,8,00,00,00,00,00,00,00,00
130304,1,201,0,0,5,00,00,00,00,62
130344,1,206,0,0,8,00,00,00,00,00,00,00,00
130344,0,300,0,0,8,03,5A,64,5A,32,00,32,BD
130504,1,400,0,0,8,01,00,0C,00,00,00,00,00
130644,0,301,0,0,3,96,03,00
130794,0,301,0,0,3,F5,06,00
130964,1,402,0,0,8,4E,00,00,00,F8,AB,07,00
131114,1,203,0,0,8,00,00,00,00,00,00,00,00
131304,1,201,0,0,5,00,00,00,00,62
131464,1,403,0,0,8,64,00,00,00,40,E3,09,00
131624,1,204,0,0,8,00,00,00,00,00,00,00,00
131794,0,300,0,0,8,03,5A,64,5A,32,00,32,FA
131944,0,300,0,0,8,03,5A,64,5A,32,00,32,BD
132014,1,400,0,0,8,01,00,0C,00,00,00,00,00
132014,1,203,0,0,8,00,00,00,00,00,00,00,00
132214,1,400,0,0,8,01,00,0C,00,00,00,00,00
132394,0,300,0,0,8,03,5A,64,5A,32,00,32,36
132544,1,206,0,0,8,00,00,00,00,00,00,00,00
132694,0,301,0,0,3,B5,0C,00
132844,0,301,0,0,3,E8,0F,00
133014,1,203,0,0,8,00,00,00,00,00,00,00,00
133144,1,206,0,0,8,00,00,00,00,00,00,00,00
133244,0,300,0,0,8,03,5A,64,5A,32,00,32,37
133344,0,301,0,0,3,88,09,00
133464,0,404,0,0,2,27,00
133594,0,404,0,0,2,4D,00
133614,1,400,0,0,8,01,00,0C,00,00,00,00,00
133614,1,203,0,0,8,00,00,00,00,00,00,00,00
133694,1,401,0,0,8,3D,9C,00,00,47,00,00,00
133814,0,404,0,0,2,B1,01
