15:46:38.216,1,203,0,0,8,0,0,0,0,0,0,0,0
15:46:38.279,1,300,0,0,8,3,5a,64,5a,64,0,64,ba
15:46:38.342,1,206,0,0,8,0,0,0,0,0,0,0,0
15:46:38.407,1,201,0,0,5,0,0,0,0,62,,,
15:46:38.468,1,300,0,0,8,3,5a,64,5a,64,0,64,be
15:46:38.531,1,300,0,0,8,3,5a,64,5a,64,0,64,af
15:46:38.595,1,201,0,0,5,0,0,0,0,62,,,
15:46:38.657,1,403,0,0,8,64,0,0,0,40,e3,9,0
15:46:38.721,1,203,0,0,8,0,0,0,0,0,0,0,0
15:46:38.784,1,300,0,0,8,3,5a,64,5a,64,0,64,34
15:46:38.847,1,206,0,0,8,0,0,0,0,0,0,0,0
15:46:38.909,1,201,0,0,5,0,0,0,0,62,,,
15:46:38.972,1,300,0,0,8,3,5a,64,5a,64,0,64,b8
15:46:39.035,1,300,0,0,8,3,5a,64,5a,64,0,64,a9
15:46:39.098,1,201,0,0,5,0,0,0,0,62,,,
15:46:39.161,1,402,0,0,8,5e,0,0,0,8,3d,9,0
15:46:39.224,1,300,0,0,8,3,5a,64,5a,64,0,64,ad
15:46:39.287,1,401,0,0,8,17,a0,0,0,45,0,0,0
15:46:39.351,1,300,0,0,8,3,5a,64,5a,64,0,64,30
15:46:39.415,1,400,0,0,8,1,0,c,0,0,0,0,0
15:46:39.470,1,300,0,0,8,3,5a,64,5a,64,0,64,32
15:46:39.541,1,206,0,0,8,0,0,0,0,0,0,0,0
15:46:39.604,1,201,0,0,5,0,0,0,0,62,,,
15:46:39.666,1,403,0,0,8,64,0,0,0,40,e3,9,0
15:46:39.729,1,300,0,0,8,3,5a,64,5a,64,0,64,27
15:46:39.792,1,401,0,0,8,17,a0,0,0,45,0,0,0
15:46:39.856,1,300,0,0,8,3,5a,64,5a,64,0,64,ba
15:46:39.918,1,203,0,0,8,0,0,0,0,0,0,0,0
15:46:39.981,1,300,0,0,8,3,5a,64,5a,64,0,64,bc
15:46:40.045,1,206,0,0,8,0,0,0,0,0,0,0,0
15:46:40.107,1,201,0,0,5,0,0,0,0,62,,,
15:46:40.170,1,402,0,0,8,5e,0,0,0,8,3d,9,0
15:46:40.233,1,300,0,0,8,3,5a,64,5a,64,0,64,21
15:46:40.297,1,401,0,0,8,15,a0,0,0,45,0,0,0
15:46:40.359,1,300,0,0,8,3,5a,64,5a,64,0,64,34
15:46:40.422,1,203,0,0,8,0,0,0,0,0,0,0,0
15:46:40.486,1,300,0,0,8,3,5a,64,5a,64,0,64,36
15:46:40.548,1,300,0,0,8,3,5a,64,5a,64,0,64,b8
15:46:40.612,1,201,0,0,5,0,0,0,0,62,,,
15:46:40.675,1,403,0,0,8,64,0,0,0,40,e3,9,0
15:46:40.739,1,301,0,0,3,43,b,0,,,,,
15:46:40.802,1,201,0,0,5,0,0,58,25,62,,,
15:46:40.864,1,300,0,0,8,3,5a,64,5a,64,0,64,be
15:46:40.927,1,300,0,0,8,3,5a,64,5a,64,0,64,af
15:46:40.991,1,401,0,0,8,bc,9f,0,0,47,0,0,0
15:46:41.056,1,300,0,0,8,3,5a,64,5a,64,0,64,32
15:46:41.117,1,400,0,0,8,1,0,c,0,0,0,0,0
15:46:41.180,1,402,0,0,8,5e,0,0,0,8,3d,9,0
15:46:41.243,1,206,0,0,8,0,0,0,0,0,0,0,0
15:46:41.306,1,201,0,0,5,0,0,f2,8,62,,,
15:46:41.369,1,300,0,0,8,3,5a,64,5a,64,0,64,b8
15:46:41.432,1,300,0,0,8,3,5a,64,5a,64,0,64,a9
15:46:41.495,1,401,0,0,8,1f,9b,0,0,90,19,0,0
15:46:41.560,1,300,0,0,8,3,5a,64,5a,64,0,64,bc
15:46:41.623,1,400,0,0,8,1,0,2c,0,0,0,0,0
15:46:41.685,1,300,0,0,8,3,5a,64,5a,64,0,64,be
15:46:41.749,1,300,0,0,8,3,5a,64,5a,64,0,64,30
15:46:41.812,1,201,0,0,5,32,0,8c,19,62,,,
15:46:41.876,1,300,0,0,8,3,5a,64,5a,64,0,64,32
15:46:41.939,1,206,0,0,8,0,0,0,0,0,0,0,0
15:46:42.002,1,401,0,0,8,c3,98,0,0,4f,3e,0,0
15:46:42.066,1,300,0,0,8,3,5a,64,5a,64,0,64,36
15:46:42.135,1,300,0,0,8,3,5a,64,5a,64,0,64,27
15:46:42.193,1,401,0,0,8,64,98,0,0,45,47,0,0
15:46:42.255,1,300,0,0,8,3,5a,64,5a,64,0,64,ba
15:46:42.318,1,400,0,0,8,1,0,2c,0,0,0,0,0
15:46:42.382,1,300,0,0,8,3,5a,64,5a,64,0,64,bc
15:46:42.452,1,206,0,0,8,0,0,0,0,0,0,0,0
15:46:42.509,1,201,0,0,5,82,5,b2,11,62,,,
15:46:42.573,1,300,0,0,8,3,5a,64,5a,64,0,64,30
15:46:42.641,1,300,0,0,8,3,5a,64,5a,64,0,64,21
15:46:42.700,1,401,0,0,8,e5,98,0,0,f6,48,0,0
15:46:42.762,1,300,0,0,8,3,5a,64,5a,64,0,64,34
15:46:42.826,1,300,0,0,8,3,5a,64,5a,64,0,64,25
15:46:42.888,1,401,0,0,8,e5,98,0,0,6d,40,0,0
15:46:42.951,1,300,0,0,8,3,5a,64,5a,64,0,64,b8
15:46:43.015,1,203,0,0,8,5a,c,70,25,67,0,0,0
15:46:43.077,1,200,0,0,8,5e,0,4,3d,9,0,2,0
15:46:43.140,1,206,0,0,8,0,0,0,0,0,0,0,0
15:46:43.203,1,401,0,0,8,5a,98,0,0,1c,3e,0,0
15:46:43.266,1,300,0,0,8,3,5a,64,5a,64,0,64,be
15:46:43.329,1,300,0,0,8,3,5a,64,5a,64,0,64,af
15:46:43.393,1,401,0,0,8,5a,98,0,0,7d,47,0,0
15:46:43.456,1,300,0,0,8,3,5a,64,5a,64,0,64,32
15:46:43.519,1,203,0,0,8,53,d,0,97,b1,1,0,0
15:46:43.582,1,300,0,0,8,3,5a,64,5a,64,0,64,34
15:46:43.645,1,206,0,0,8,0,0,0,0,0,0,0,0
15:46:43.709,1,201,0,0,5,98,8,ac,d,62,,,
15:46:43.772,1,300,0,0,8,3,5a,64,5a,64,0,64,b8
15:46:43.835,1,300,0,0,8,3,5a,64,5a,64,0,64,a9
15:46:43.897,1,401,0,0,8,41,98,0,0,2,49,0,0
15:46:43.960,1,300,0,0,8,3,5a,64,5a,64,0,64,bc
15:46:44.024,1,203,0,0,8,44,e,a0,3d,6d,0,0,0
15:46:44.086,1,300,0,0,8,3,5a,64,5a,64,0,64,be
15:46:44.151,1,402,0,0,8,5e,0,0,0,34,3b,9,0
15:46:44.213,1,201,0,0,5,38,9,20,8,62,,,
15:46:44.275,1,404,0,0,2,44,0,,,,,,
15:46:44.338,1,301,0,0,3,96,3,0,,,,,
15:46:44.401,1,404,0,0,2,21,0,,,,,,
15:46:44.464,1,404,0,0,2,23,0,,,,,,
15:46:44.527,1,404,0,0,2,25,0,,,,,,
15:46:44.590,1,404,0,0,2,27,0,,,,,,
15:46:44.655,1,405,0,0,5,46,0,0,0,0,,,
15:46:44.718,1,203,0,0,8,2f,10,20,16,1,2,0,0
15:46:44.782,1,404,0,0,2,a,0,,,,,,
15:46:44.844,1,206,0,0,8,0,0,0,0,0,0,0,0
15:46:44.907,1,401,0,0,8,6d,9e,0,0,63,14,0,0
15:46:44.970,1,300,0,0,8,3,5a,64,5a,64,0,64,30
15:46:45.035,1,204,0,0,8,0,0,0,0,0,0,0,0
15:46:45.098,1,401,0,0,8,2e,9e,0,0,63,14,0,0
15:46:45.160,1,300,0,0,8,3,5a,64,5a,64,0,64,34
15:46:45.224,1,203,0,0,8,fc,10,80,84,f3,1,0,0
15:46:45.287,1,300,0,0,8,3,5a,64,5a,64,0,64,36
15:46:45.350,1,300,0,0,8,3,5a,64,5a,64,0,64,b8
15:46:45.413,1,203,0,0,8,2,11,60,35,fd,0,0,0
15:46:45.477,1,300,0,0,8,3,5a,64,5a,64,0,64,ba
15:46:45.540,1,206,0,0,8,0,0,0,0,0,0,0,0
15:46:45.609,1,401,0,0,8,9a,9f,0,0,e0,1,0,0
15:46:45.665,1,300,0,0,8,3,5a,64,5a,64,0,64,be
15:46:45.728,1,400,0,0,8,1,0,c,0,0,0,0,0
15:46:45.791,1,401,0,0,8,a4,9f,0,0,45,0,0,0
15:46:45.854,1,300,0,0,8,3,5a,64,5a,64,0,64,32
15:46:45.917,1,203,0,0,8,9d,f,a0,3e,3f,0,0,0
15:46:45.981,1,300,0,0,8,3,5a,64,5a,64,0,64,34
15:46:46.043,1,206,0,0,8,0,0,0,0,0,0,0,0
15:46:46.106,1,401,0,0,8,a8,9f,0,0,45,0,0,0
15:46:46.169,1,300,0,0,8,3,5a,64,5a,64,0,64,b8
15:46:46.237,1,400,0,0,8,1,0,c,0,0,0,0,0
15:46:46.296,1,401,0,0,8,ae,9f,0,0,45,0,0,0
15:46:46.358,1,300,0,0,8,3,5a,64,5a,64,0,64,bc
15:46:46.422,1,203,0,0,8,c6,f,2c,12,6f,0,0,0
15:46:46.485,1,300,0,0,8,3,5a,64,5a,64,0,64,be
15:46:46.551,1,206,0,0,8,0,0,0,0,0,0,0,0
15:46:46.610,1,201,0,0,5,4,b,4e,1b,62,,,
15:46:46.673,1,300,0,0,8,3,5a,64,5a,64,0,64,32
15:46:46.740,1,300,0,0,8,3,5a,64,5a,64,0,64,23
15:46:46.800,1,201,0,0,5,e,b,2c,6,62,,,
15:46:46.870,1,300,0,0,8,3,5a,64,5a,64,0,64,36
15:46:46.926,1,400,0,0,8,1,0,c,0,0,0,0,0
15:46:46.990,1,201,0,0,5,18,b,e0,1f,62,,,
15:46:47.054,1,300,0,0,8,3,5a,64,5a,64,0,64,ba
15:46:47.116,1,203,0,0,8,e2,d,70,b8,5c,0,0,0
15:46:47.179,1,300,0,0,8,3,5a,64,5a,64,0,64,bc
15:46:47.242,1,206,0,0,8,0,0,0,0,0,0,0,0
15:46:47.305,1,201,0,0,5,40,b,a4,1f,62,,,
15:46:47.368,1,300,0,0,8,3,5a,64,5a,64,0,64,30
15:46:47.431,1,400,0,0,8,1,0,c,0,0,0,0,0
15:46:47.494,1,201,0,0,5,40,b,ce,9,62,,,
15:46:47.557,1,300,0,0,8,3,5a,64,5a,64,0,64,34
15:46:47.621,1,203,0,0,8,1b,e,a0,9f,37,1,0,0
15:46:47.684,1,300,0,0,8,3,5a,64,5a,64,0,64,36
15:46:47.747,1,206,0,0,8,0,0,0,0,0,0,0,0
15:46:47.810,1,201,0,0,5,5e,b,7a,3,62,,,
15:46:47.873,1,300,0,0,8,3,5a,64,5a,64,0,64,ba
15:46:47.937,1,400,0,0,8,1,0,c,0,0,0,0,0
15:46:48.000,1,201,0,0,5,7c,b,8a,1b,62,,,
15:46:48.063,1,300,0,0,8,3,5a,64,5a,64,0,64,be
15:46:48.126,1,400,0,0,8,1,0,c,0,0,0,0,0
15:46:48.189,1,300,0,0,8,3,5a,64,5a,64,0,64,30
15:46:48.253,1,300,0,0,8,3,5a,64,5a,64,0,64,32
15:46:48.318,1,401,0,0,8,c5,9f,0,0,45,0,0,0
15:46:48.379,1,300,0,0,8,3,5a,64,5a,64,0,64,34
15:46:48.441,1,206,0,0,8,0,0,0,0,0,0,0,0
15:46:48.504,1,201,0,0,5,b8,b,52,3,62,,,
15:46:48.569,1,300,0,0,8,3,5a,64,5a,64,0,64,b8
15:46:48.632,1,400,0,0,8,1,0,c,0,0,0,0,0
15:46:48.696,1,403,0,0,8,64,0,0,0,40,e3,9,0
15:46:48.759,1,300,0,0,8,3,5a,64,5a,64,0,64,bc
15:46:48.822,1,203,0,0,8,9f,c,84,ce,96,1,0,0
15:46:48.885,1,300,0,0,8,3,5a,64,5a,64,0,64,be
15:46:48.948,1,206,0,0,8,0,0,0,0,0,0,0,0
15:46:49.012,1,201,0,0,5,c2,b,f2,21,62,,,
15:46:49.075,1,200,0,0,8,5e,0,a5,3c,9,0,1,0
15:46:49.137,1,300,0,0,8,3,5a,64,5a,64,0,64,23
15:46:49.200,1,201,0,0,5,c2,b,d4,8,62,,,
15:46:49.263,1,300,0,0,8,3,5a,64,5a,64,0,64,36
15:46:49.327,1,300,0,0,8,3,5a,64,5a,64,0,64,27
15:46:49.389,1,301,0,0,3,80,8,0,,,,,
15:46:49.452,1,300,0,0,8,3,5a,64,5a,64,0,64,ba
15:46:49.515,1,401,0,0,8,cd,9f,0,0,45,0,0,0
15:46:49.578,1,300,0,0,8,3,5a,64,5a,64,0,64,bc
15:46:49.641,1,206,0,0,8,0,0,0,0,0,0,0,0
15:46:49.704,1,201,0,0,5,ea,b,8e,1c,62,,,
15:46:49.768,1,300,0,0,8,3,5a,64,5a,64,0,64,30
15:46:49.831,1,300,0,0,8,3,5a,64,5a,64,0,64,21
15:46:49.894,1,201,0,0,5,fe,b,26,c,62,,,
15:46:49.959,1,300,0,0,8,3,5a,64,5a,64,0,64,34
15:46:50.022,1,401,0,0,8,cf,9f,0,0,45,0,0,0
15:46:50.086,1,300,0,0,8,3,5a,64,5a,64,0,64,36
15:46:50.149,1,206,0,0,8,0,0,0,0,0,0,0,0
15:46:50.212,1,201,0,0,5,3a,c,6a,1d,62,,,
15:46:50.276,1,300,0,0,8,3,5a,64,5a,64,0,64,ba
15:46:50.340,1,300,0,0,8,3,5a,64,5a,64,0,64,ab
15:46:50.403,1,201,0,0,5,1c,c,64,f,62,,,
15:46:50.467,1,300,0,0,8,3,5a,64,5a,64,0,64,be
15:46:50.529,1,300,0,0,8,3,5a,64,5a,64,0,64,af
15:46:50.593,1,201,0,0,5,30,c,36,b,62,,,
15:46:50.657,1,300,0,0,8,3,5a,64,5a,64,0,64,32
15:46:50.722,1,401,0,0,8,d3,9f,0,0,45,0,0,0
15:46:50.783,1,300,0,0,8,3,5a,64,5a,64,0,64,34
15:46:50.846,1,206,0,0,8,0,0,0,0,0,0,0,0
15:46:50.909,1,201,0,0,5,26,c,f8,11,62,,,
15:46:50.972,1,300,0,0,8,3,5a,64,5a,64,0,64,b8
15:46:51.035,1,204,0,0,8,0,0,0,0,0,0,0,0
15:46:51.098,1,201,0,0,5,1c,c,36,10,62,,,
15:46:51.161,1,300,0,0,8,3,5a,64,5a,64,0,64,bc
15:46:51.225,1,401,0,0,8,d5,9f,0,0,45,0,0,0
15:46:51.289,1,300,0,0,8,3,5a,64,5a,64,0,64,be
15:46:51.352,1,300,0,0,8,3,5a,64,5a,64,0,64,30
15:46:51.418,1,201,0,0,5,8,c,52,3,62,,,
15:46:51.479,1,300,0,0,8,3,5a,64,5a,64,0,64,32
15:46:51.541,1,400,0,0,8,1,0,c,0,0,0,0,0
15:46:51.604,1,201,0,0,5,1c,c,98,12,62,,,
15:46:51.667,1,300,0,0,8,3,5a,64,5a,64,0,64,36
15:46:51.731,1,300,0,0,8,3,5a,64,5a,64,0,64,27
15:46:51.794,1,201,0,0,5,fe,b,ca,8,62,,,
15:46:51.857,1,300,0,0,8,3,5a,64,5a,64,0,64,ba
15:46:51.919,1,401,0,0,8,d5,9f,0,0,45,0,0,0
15:46:51.982,1,300,0,0,8,3,5a,64,5a,64,0,64,bc
15:46:52.045,1,400,0,0,8,1,0,c,0,0,0,0,0
15:46:52.108,1,201,0,0,5,8,c,cc,1,62,,,
15:46:52.171,1,300,0,0,8,3,5a,64,5a,64,0,64,30
15:46:52.234,1,300,0,0,8,3,5a,64,5a,64,0,64,21
15:46:52.297,1,201,0,0,5,30,c,2a,1c,62,,,
15:46:52.360,1,404,0,0,2,20,0,,,,,,
15:46:52.423,1,203,0,0,8,8e,b,64,f2,d0,0,0,0
15:46:52.488,1,300,0,0,8,3,5a,64,5a,64,0,64,36
15:46:52.550,1,206,0,0,8,0,0,0,0,0,0,0,0
15:46:52.614,1,201,0,0,5,22,b,d4,12,62,,,
15:46:52.676,1,404,0,0,2,4d,0,,,,,,
15:46:52.740,1,300,0,0,8,3,5a,64,5a,64,0,64,ab
15:46:52.802,1,404,0,0,2,4,0,,,,,,
15:46:52.865,1,404,0,0,2,b1,1,,,,,,
15:46:52.930,1,401,0,0,8,d9,9f,0,0,45,0,0,0
15:46:52.993,1,201,0,0,5,1c,c,ec,18,62,,,
15:46:53.055,1,300,0,0,8,3,5a,64,5a,64,0,64,32
15:46:53.118,1,203,0,0,8,67,c,a0,6,1c,1,0,0
15:46:53.181,1,300,0,0,8,3,5a,64,5a,64,0,64,34
15:46:53.245,1,400,0,0,8,1,0,c,0,0,0,0,0
15:46:53.308,1,201,0,0,5,c2,b,b0,13,62,,,
15:46:53.370,1,300,0,0,8,3,5a,64,5a,64,0,64,b8
15:46:53.433,1,300,0,0,8,3,5a,64,5a,64,0,64,a9
15:46:53.500,1,201,0,0,5,c2,b,46,5,62,,,
15:46:53.559,1,300,0,0,8,3,5a,64,5a,64,0,64,bc
15:46:53.623,1,203,0,0,8,9e,c,18,8d,23,0,0,0
15:46:53.685,1,300,0,0,8,3,5a,64,5a,64,0,64,be
15:46:53.749,1,400,0,0,8,1,0,c,0,0,0,0,0
15:46:53.812,1,201,0,0,5,b8,b,3a,16,62,,,
15:46:53.874,1,300,0,0,8,3,5a,64,5a,64,0,64,32
15:46:53.938,1,300,0,0,8,3,5a,64,5a,64,0,64,23
15:46:54.001,1,201,0,0,5,9a,b,de,d,62,,,
15:46:54.064,1,300,0,0,8,3,5a,64,5a,64,0,64,36
15:46:54.128,1,203,0,0,8,c8,c,f8,86,64,1,0,0
15:46:54.190,1,300,0,0,8,3,5a,64,5a,64,0,64,b8
15:46:54.253,1,300,0,0,8,3,5a,64,5a,64,0,64,ba
15:46:54.316,1,203,0,0,8,bd,c,98,1f,30,0,0,0
15:46:54.379,1,300,0,0,8,3,5a,64,5a,64,0,64,bc
15:46:54.442,1,206,0,0,8,0,0,0,0,0,0,0,0
15:46:54.505,1,201,0,0,5,c2,b,f8,16,62,,,
15:46:54.571,1,300,0,0,8,3,5a,64,5a,64,0,64,30
15:46:54.631,1,401,0,0,8,df,9f,0,0,45,0,0,0
15:46:54.694,1,403,0,0,8,64,0,0,0,40,e3,9,0
15:46:54.757,1,300,0,0,8,3,5a,64,5a,64,0,64,34
15:46:54.821,1,203,0,0,8,d3,c,d0,99,1c,1,0,0
15:46:54.884,1,300,0,0,8,3,5a,64,5a,64,0,64,36
15:46:54.946,1,206,0,0,8,0,0,0,0,0,0,0,0
15:46:55.014,1,201,0,0,5,b8,b,c,3,62,,,
15:46:55.073,1,665,0,0,8,0,0,0,53,4c,18,53,0
15:46:55.135,1,300,0,0,8,3,5a,64,5a,64,0,64,ab
15:46:55.199,1,402,0,0,8,5e,0,0,0,a4,3a,9,0
15:46:55.263,1,300,0,0,8,3,5a,64,5a,64,0,64,be
15:46:55.327,1,203,0,0,8,b7,c,30,7b,a2,0,0,0
15:46:55.389,1,300,0,0,8,3,5a,64,5a,64,0,64,30
15:46:55.452,1,400,0,0,8,1,0,c,0,0,0,0,0
15:46:55.521,1,201,0,0,5,c2,b,8c,f,62,,,
15:46:55.578,1,300,0,0,8,3,5a,64,5a,64,0,64,34
15:46:55.642,1,301,0,0,3,54,5,0,,,,,
15:46:55.705,1,403,0,0,8,64,0,0,0,40,e3,9,0
15:46:55.767,1,300,0,0,8,3,5a,64,5a,64,0,64,b8
15:46:55.831,1,401,0,0,8,e1,9f,0,0,45,0,0,0
15:46:55.894,1,201,0,0,5,c2,b,80,11,62,,,
15:46:55.960,1,300,0,0,8,3,5a,64,5a,64,0,64,bc
15:46:56.022,1,203,0,0,8,c6,c,10,ab,c5,0,0,0
15:46:56.085,1,300,0,0,8,3,5a,64,5a,64,0,64,be
15:46:56.149,1,206,0,0,8,0,0,0,0,0,0,0,0
15:46:56.211,1,201,0,0,5,cc,b,e6,a,62,,,
15:46:56.275,1,300,0,0,8,3,5a,64,5a,64,0,64,32
15:46:56.338,1,300,0,0,8,3,5a,64,5a,64,0,64,23
15:46:56.402,1,201,0,0,5,cc,b,e8,8,62,,,
15:46:56.464,1,300,0,0,8,3,5a,64,5a,64,0,64,36
15:46:56.527,1,203,0,0,8,36,b,14,27,3,0,0,0
15:46:56.591,1,300,0,0,8,3,5a,64,5a,64,0,64,b8
15:46:56.653,1,400,0,0,8,1,0,c,0,0,0,0,0
15:46:56.717,1,403,0,0,8,64,0,0,0,40,e3,9,0
15:46:56.779,1,300,0,0,8,3,5a,64,5a,64,0,64,bc
15:46:56.844,1,301,0,0,3,4e,d,0,,,,,
15:46:56.906,1,201,0,0,5,c2,b,0,0,62,,,
15:46:56.968,1,300,0,0,8,3,5a,64,5a,64,0,64,30
15:46:57.031,1,401,0,0,8,e3,9f,0,0,45,0,0,0
15:46:57.094,1,201,0,0,5,c2,b,0,0,62,,,
15:46:57.160,1,400,0,0,8,1,0,c,0,0,0,0,0
15:46:57.221,1,203,0,0,8,0,0,0,0,0,0,0,0
15:46:57.283,1,300,0,0,8,3,5a,64,5a,64,0,64,36
15:46:57.346,1,206,0,0,8,0,0,0,0,0,0,0,0
15:46:57.410,1,201,0,0,5,ae,b,0,0,62,,,
15:46:57.472,1,300,0,0,8,3,5a,64,5a,64,0,64,ba
15:46:57.536,1,401,0,0,8,e5,9f,0,0,45,0,0,0
15:46:57.599,1,201,0,0,5,9a,b,0,0,62,,,
15:46:57.665,1,300,0,0,8,3,5a,64,5a,64,0,64,be
15:46:57.724,1,203,0,0,8,0,0,0,0,0,0,0,0
15:46:57.788,1,300,0,0,8,3,5a,64,5a,64,0,64,30
15:46:57.850,1,206,0,0,8,0,0,0,0,0,0,0,0
15:46:57.913,1,201,0,0,5,86,b,0,0,62,,,
15:46:57.976,1,300,0,0,8,3,5a,64,5a,64,0,64,34
15:46:58.039,1,204,0,0,8,0,0,0,0,0,0,0,0
15:46:58.102,1,201,0,0,5,72,b,0,0,62,,,
15:46:58.166,1,300,0,0,8,3,5a,64,5a,64,0,64,b8
15:46:58.229,1,203,0,0,8,0,0,0,0,0,0,0,0
15:46:58.291,1,300,0,0,8,3,5a,64,5a,64,0,64,ba
15:46:58.355,1,400,0,0,8,1,0,c,0,0,0,0,0
15:46:58.418,1,203,0,0,8,0,0,0,0,0,0,0,0
15:46:58.481,1,300,0,0,8,3,5a,64,5a,64,0,64,be
15:46:58.544,1,206,0,0,8,0,0,0,0,0,0,0,0
15:46:58.607,1,201,0,0,5,40,b,0,0,62,,,
15:46:58.670,1,300,0,0,8,3,5a,64,5a,64,0,64,32
15:46:58.734,1,401,0,0,8,e5,9f,0,0,45,0,0,0
15:46:58.796,1,201,0,0,5,40,b,0,0,62,,,
15:46:58.859,1,400,0,0,8,1,0,c,0,0,0,0,0
15:46:58.923,1,203,0,0,8,0,0,0,0,0,0,0,0
15:46:58.988,1,300,0,0,8,3,5a,64,5a,64,0,64,b8
15:46:59.048,1,206,0,0,8,0,0,0,0,0,0,0,0
15:46:59.111,1,201,0,0,5,dc,a,0,0,62,,,
15:46:59.175,1,300,0,0,8,3,5a,64,5a,64,0,64,bc
15:46:59.238,1,401,0,0,8,e7,9f,0,0,45,0,0,0
15:46:59.302,1,201,0,0,5,dc,a,0,0,62,,,
15:46:59.366,1,300,0,0,8,3,5a,64,5a,64,0,64,30
15:46:59.428,1,203,0,0,8,0,0,0,0,0,0,0,0
15:46:59.491,1,300,0,0,8,3,5a,64,5a,64,0,64,32
15:46:59.555,1,400,0,0,8,1,0,c,0,0,0,0,0
15:46:59.618,1,203,0,0,8,9b,0,0,0,0,0,0,0
15:46:59.680,1,300,0,0,8,3,5a,64,5a,64,0,64,36
15:46:59.743,1,401,0,0,8,e7,9f,0,0,45,0,0,0
15:46:59.806,1,201,0,0,5,64,a,0,0,62,,,
15:46:59.869,1,300,0,0,8,3,5a,64,5a,64,0,64,ba
15:46:59.933,1,300,0,0,8,3,5a,64,5a,64,0,64,ab
15:46:59.995,1,301,0,0,3,b5,c,0,,,,,
15:47:00.058,1,400,0,0,8,1,0,c,0,0,0,0,0
15:47:00.121,1,203,0,0,8,0,0,0,0,0,0,0,0
15:47:00.184,1,300,0,0,8,3,5a,64,5a,64,0,64,30
15:47:00.247,1,206,0,0,8,0,0,0,0,0,0,0,0
15:47:00.310,1,404,0,0,2,1,0,,,,,,
15:47:00.374,1,300,0,0,8,3,5a,64,5a,64,0,64,34
15:47:00.436,1,300,0,0,8,3,5a,64,5a,64,0,64,25
15:47:00.500,1,201,0,0,5,a0,a,0,0,62,,,
15:47:00.562,1,400,0,0,8,1,0,c,0,0,0,0,0
15:47:00.626,1,203,0,0,8,0,0,0,0,0,0,0,0
15:47:00.689,1,300,0,0,8,3,5a,64,5a,64,0,64,ba
15:47:00.753,1,206,0,0,8,0,0,0,0,0,0,0,0
15:47:00.814,1,201,0,0,5,8c,a,0,0,62,,,
15:47:00.877,1,300,0,0,8,3,5a,64,5a,64,0,64,be
15:47:00.941,1,300,0,0,8,3,5a,64,5a,64,0,64,af
15:47:01.003,1,201,0,0,5,8c,a,0,0,62,,,
15:47:01.067,1,400,0,0,8,1,0,c,0,0,0,0,0
15:47:01.131,1,300,0,0,8,3,5a,64,5a,64,0,64,23
15:47:01.193,1,300,0,0,8,3,5a,64,5a,64,0,64,34
15:47:01.256,1,400,0,0,8,1,0,c,0,0,0,0,0
15:47:01.321,1,203,0,0,8,0,0,0,0,0,0,0,0
15:47:01.384,1,300,0,0,8,3,5a,64,5a,64,0,64,b8
15:47:01.449,1,401,0,0,8,e9,9f,0,0,45,0,0,0
15:47:01.511,1,201,0,0,5,5a,a,0,0,62,,,
15:47:01.574,1,300,0,0,8,3,5a,64,5a,64,0,64,bc
15:47:01.639,1,300,0,0,8,3,5a,64,5a,64,0,64,ad
15:47:01.701,1,201,0,0,5,32,a,0,0,62,,,
15:47:01.766,1,400,0,0,8,1,0,c,0,0,0,0,0
15:47:01.829,1,203,0,0,8,0,0,0,0,0,0,0,0
15:47:01.892,1,300,0,0,8,3,5a,64,5a,64,0,64,32
15:47:01.960,1,400,0,0,8,1,0,c,0,0,0,0,0
15:47:02.019,1,203,0,0,8,0,0,0,0,0,0,0,0
15:47:02.082,1,300,0,0,8,3,5a,64,5a,64,0,64,36
15:47:02.146,1,301,0,0,3,b8,7,0,,,,,
15:47:02.209,1,201,0,0,5,28,a,0,0,62,,,
15:47:02.271,1,300,0,0,8,3,5a,64,5a,64,0,64,ba
15:47:02.335,1,300,0,0,8,3,5a,64,5a,64,0,64,ab
15:47:02.397,1,201,0,0,5,1e,a,0,0,62,,,
15:47:02.460,1,400,0,0,8,1,0,c,0,0,0,0,0
15:47:02.523,1,203,0,0,8,0,0,0,0,0,0,0,0
15:47:02.587,1,300,0,0,8,3,5a,64,5a,64,0,64,30
15:47:02.651,1,401,0,0,8,ed,9f,0,0,45,0,0,0
15:47:02.713,1,201,0,0,5,a,a,0,0,62,,,
15:47:02.776,1,300,0,0,8,3,5a,64,5a,64,0,64,34
15:47:02.840,1,300,0,0,8,3,5a,64,5a,64,0,64,25
15:47:02.902,1,201,0,0,5,0,a,0,0,62,,,
15:47:02.965,1,400,0,0,8,1,0,c,0,0,0,0,0
15:47:03.031,1,203,0,0,8,0,0,0,0,0,0,0,0
15:47:03.091,1,300,0,0,8,3,5a,64,5a,64,0,64,ba
15:47:03.154,1,400,0,0,8,1,0,c,0,0,0,0,0
15:47:03.219,1,201,0,0,5,0,a,0,0,62,,,
15:47:03.281,1,300,0,0,8,3,5a,64,5a,64,0,64,be
15:47:03.343,1,300,0,0,8,3,5a,64,5a,64,0,64,af
15:47:03.406,1,201,0,0,5,0,a,0,0,62,,,
15:47:03.469,1,400,0,0,8,1,0,c,0,0,0,0,0
15:47:03.532,1,300,0,0,8,3,5a,64,5a,64,0,64,23
15:47:03.596,1,301,0,0,3,3,4,0,,,,,
15:47:03.659,1,400,0,0,8,1,0,c,0,0,0,0,0
15:47:03.722,1,203,0,0,8,0,0,0,0,0,0,0,0
15:47:03.787,1,300,0,0,8,3,5a,64,5a,64,0,64,b8
15:47:03.849,1,206,0,0,8,0,0,0,0,0,0,0,0
15:47:03.913,1,201,0,0,5,e2,9,0,0,62,,,
15:47:03.975,1,300,0,0,8,3,5a,64,5a,64,0,64,bc
15:47:04.039,1,204,0,0,8,0,0,0,0,0,0,0,0
15:47:04.101,1,201,0,0,5,d8,9,0,0,62,,,
15:47:04.165,1,400,0,0,8,1,0,c,0,0,0,0,0
15:47:04.227,1,203,0,0,8,0,0,0,0,0,0,0,0
15:47:04.291,1,300,0,0,8,3,5a,64,5a,64,0,64,32
15:47:04.354,1,206,0,0,8,0,0,0,0,0,0,0,0
15:47:04.416,1,201,0,0,5,f6,9,0,0,62,,,
15:47:04.482,1,300,0,0,8,3,5a,64,5a,64,0,64,36
15:47:04.543,1,300,0,0,8,3,5a,64,5a,64,0,64,27
15:47:04.605,1,201,0,0,5,f6,9,0,0,62,,,
15:47:04.668,1,400,0,0,8,1,0,c,0,0,0,0,0
15:47:04.732,1,403,0,0,8,64,0,0,0,40,e3,9,0
15:47:04.794,1,300,0,0,8,3,5a,64,5a,64,0,64,bc
15:47:04.857,1,401,0,0,8,ef,9f,0,0,45,0,0,0
15:47:04.920,1,203,0,0,8,0,0,0,0,0,0,0,0
15:47:04.985,1,300,0,0,8,3,5a,64,5a,64,0,64,30
15:47:05.049,1,206,0,0,8,0,0,0,0,0,0,0,0
15:47:05.110,1,201,0,0,5,0,a,0,0,62,,,
15:47:05.173,1,400,0,0,8,1,0,c,0,0,0,0,0
15:47:05.237,1,402,0,0,8,5e,0,0,0,a4,3a,9,0
15:47:05.299,1,201,0,0,5,0,a,0,0,62,,,
15:47:05.363,1,400,0,0,8,1,0,c,0,0,0,0,0
15:47:05.425,1,203,0,0,8,0,0,0,0,0,0,0,0
15:47:05.490,1,300,0,0,8,3,5a,64,5a,64,0,64,ba
15:47:05.551,1,206,0,0,8,0,0,0,0,0,0,0,0
15:47:05.614,1,201,0,0,5,9c,9,0,0,62,,,
15:47:05.677,1,400,0,0,8,1,0,c,0,0,0,0,0
15:47:05.741,1,300,0,0,8,3,5a,64,5a,64,0,64,af
15:47:05.803,1,201,0,0,5,92,9,0,0,62,,,
15:47:05.867,1,400,0,0,8,1,0,c,0,0,0,0,0
15:47:05.932,1,203,0,0,8,cc,0,0,0,0,0,0,0
15:47:05.996,1,300,0,0,8,3,5a,64,5a,64,0,64,34
15:47:06.059,1,401,0,0,8,ef,9f,0,0,45,0,0,0
15:47:06.123,1,203,0,0,8,18,1,0,0,0,0,0,0
15:47:06.185,1,300,0,0,8,3,5a,64,5a,64,0,64,b8
15:47:06.249,1,206,0,0,8,0,0,0,0,0,0,0,0
15:47:06.312,1,201,0,0,5,88,9,0,0,62,,,
15:47:06.375,1,400,0,0,8,1,0,c,0,0,0,0,0
15:47:06.439,1,300,0,0,8,3,5a,64,5a,64,0,64,ad
15:47:06.502,1,201,0,0,5,88,9,0,0,62,,,
15:47:06.565,1,400,0,0,8,1,0,c,0,0,0,0,0
15:47:06.629,1,203,0,0,8,3a,2,0,0,0,0,0,0
15:47:06.692,1,300,0,0,8,3,5a,64,5a,64,0,64,32
15:47:06.756,1,401,0,0,8,f3,9f,0,0,45,0,0,0
15:47:06.820,1,201,0,0,5,7e,9,0,0,62,,,
15:47:06.882,1,300,0,0,8,3,5a,64,5a,64,0,64,36
15:47:06.946,1,301,0,0,3,b8,7,0,,,,,
15:47:07.008,1,201,0,0,5,74,9,0,0,62,,,
15:47:07.072,1,665,0,0,8,0,0,0,53,4c,18,53,0
15:47:07.134,1,300,0,0,8,3,5a,64,5a,64,0,64,ab
15:47:07.198,1,201,0,0,5,74,9,0,0,62,,,
15:47:07.260,1,401,0,0,8,f3,9f,0,0,45,0,0,0
15:47:07.323,1,203,0,0,8,2d,4,0,0,0,0,0,0
15:47:07.387,1,300,0,0,8,3,5a,64,5a,64,0,64,30
15:47:07.453,1,206,0,0,8,0,0,0,0,0,0,0,0
15:47:07.513,1,201,0,0,5,6a,9,0,0,62,,,
15:47:07.576,1,400,0,0,8,1,0,c,0,0,0,0,0
15:47:07.639,1,300,0,0,8,3,5a,64,5a,64,0,64,25
15:47:07.703,1,201,0,0,5,74,9,0,0,62,,,
15:47:07.765,1,400,0,0,8,1,0,c,0,0,0,0,0
15:47:07.829,1,203,0,0,8,65,4,0,0,0,0,0,0
15:47:07.891,1,300,0,0,8,3,5a,64,5a,64,0,64,ba
15:47:07.954,1,206,0,0,8,0,0,0,0,0,0,0,0
15:47:08.018,1,201,0,0,5,6a,9,0,0,62,,,
15:47:08.083,1,400,0,0,8,1,0,c,0,0,0,0,0
15:47:08.147,1,300,0,0,8,3,5a,64,5a,64,0,64,af
15:47:08.210,1,404,0,0,2,4a,0,,,,,,
15:47:08.272,1,404,0,0,2,44,0,,,,,,
15:47:08.335,1,404,0,0,2,a3,1,,,,,,
15:47:08.399,1,404,0,0,2,21,0,,,,,,
15:47:08.461,1,404,0,0,2,23,0,,,,,,
15:47:08.525,1,404,0,0,2,25,0,,,,,,
15:47:08.587,1,404,0,0,2,27,0,,,,,,
15:47:08.650,1,404,0,0,2,46,0,,,,,,
15:47:08.713,1,404,0,0,2,50,0,,,,,,
15:47:08.777,1,404,0,0,2,a,0,,,,,,
15:47:08.840,1,404,0,0,2,b0,1,,,,,,
15:47:08.902,1,201,0,0,5,56,9,0,0,62,,,
15:47:08.965,1,401,0,0,8,f3,9f,0,0,45,0,0,0
15:47:09.028,1,203,0,0,8,b7,4,0,0,0,0,0,0
15:47:09.092,1,300,0,0,8,3,5a,64,5a,64,0,64,32
15:47:09.154,1,206,0,0,8,0,0,0,0,0,0,0,0
15:47:09.217,1,201,0,0,5,84,8,0,0,62,,,
15:47:09.281,1,400,0,0,8,1,0,c,0,0,0,0,0
15:47:09.343,1,300,0,0,8,3,5a,64,5a,64,0,64,27
15:47:09.406,1,201,0,0,5,84,8,0,0,62,,,
15:47:09.469,1,400,0,0,8,1,0,c,0,0,0,0,0
15:47:09.532,1,300,0,0,8,3,5a,64,5a,64,0,64,ab
15:47:09.596,1,301,0,0,3,b5,c,0,,,,,
15:47:09.658,1,401,0,0,8,f5,9f,0,0,45,0,0,0
15:47:09.721,1,203,0,0,8,af,6,0,0,0,0,0,0
15:47:09.786,1,400,0,0,8,1,0,c,0,0,0,0,0
15:47:09.848,1,206,0,0,8,0,0,0,0,0,0,0,0
15:47:09.911,1,201,0,0,5,76,7,0,0,62,,,
15:47:09.976,1,400,0,0,8,1,0,c,0,0,0,0,0
15:47:10.038,1,204,0,0,8,0,0,0,0,0,0,0,0
15:47:10.102,1,201,0,0,5,76,7,0,0,62,,,
15:47:10.165,1,401,0,0,8,f1,9f,0,0,45,0,0,0
15:47:10.228,1,203,0,0,8,29,7,0,0,0,0,0,0
15:47:10.295,1,300,0,0,8,3,5a,64,5a,64,0,64,ba
15:47:10.355,1,206,0,0,8,0,0,0,0,0,0,0,0
15:47:10.418,1,201,0,0,5,8c,5,0,0,62,,,
15:47:10.482,1,400,0,0,8,1,0,c,0,0,0,0,0
15:47:10.546,1,300,0,0,8,3,5a,64,5a,64,0,64,af
15:47:10.609,1,201,0,0,5,8c,5,0,0,62,,,
15:47:10.672,1,400,0,0,8,1,0,c,0,0,0,0,0
15:47:10.737,1,300,0,0,8,3,5a,64,5a,64,0,64,23
15:47:10.799,1,201,0,0,5,8c,5,0,0,62,,,
15:47:10.862,1,401,0,0,8,f5,9f,0,0,45,0,0,0
15:47:10.926,1,203,0,0,8,df,5,f4,7c,11,0,0,0
15:47:10.989,1,400,0,0,8,1,0,c,0,0,0,0,0
15:47:11.052,1,206,0,0,8,0,0,0,0,0,0,0,0
15:47:11.116,1,201,0,0,5,34,3,20,3,62,,,
15:47:11.179,1,400,0,0,8,1,0,c,0,0,0,0,0
15:47:11.242,1,300,0,0,8,3,5a,64,5a,64,0,64,ad
15:47:11.306,1,201,0,0,5,c,3,18,1,62,,,
15:47:11.368,1,401,0,0,8,37,9e,0,0,34,9,0,0
15:47:11.432,1,203,0,0,8,41,5,20,e7,5,0,0,0
15:47:11.495,1,300,0,0,8,3,5a,64,5a,64,0,64,32
15:47:11.557,1,401,0,0,8,8b,9e,0,0,34,9,0,0
15:47:11.621,1,203,0,0,8,3d,5,c0,6e,8,0,0,0
15:47:11.684,1,400,0,0,8,1,0,2c,0,0,0,0,0
15:47:11.746,1,403,0,0,8,64,0,0,0,40,e3,9,0
15:47:11.810,1,201,0,0,5,c,3,12,2,62,,,
15:47:11.873,1,401,0,0,8,0,9e,0,0,25,f,0,0
15:47:11.935,1,300,0,0,8,3,5a,64,5a,64,0,64,ab
15:47:11.999,1,201,0,0,5,c,3,d2,0,62,,,
15:47:12.061,1,401,0,0,8,2,9e,0,0,25,f,0,0
15:47:12.125,1,203,0,0,8,8f,5,3c,64,6,0,0,0
15:47:12.187,1,400,0,0,8,1,0,2c,0,0,0,0,0
15:47:12.250,1,402,0,0,8,5e,0,0,0,80,3a,9,0
15:47:12.314,1,201,0,0,5,c,3,0,0,62,,,
15:47:12.376,1,400,0,0,8,1,0,2c,0,0,0,0,0
15:47:12.439,1,300,0,0,8,3,5a,64,5a,64,0,64,25
15:47:12.503,1,201,0,0,5,3a,2,0,0,62,,,
15:47:12.567,1,401,0,0,8,88,9f,0,0,54,f,0,0
15:47:12.629,1,203,0,0,8,15,5,54,aa,a,0,0,0
15:47:12.693,1,300,0,0,8,3,5a,64,5a,64,0,64,ba
15:47:12.756,1,403,0,0,8,64,0,0,0,40,e3,9,0
15:47:12.819,1,201,0,0,5,3a,2,e0,1,62,,,
15:47:12.881,1,300,0,0,8,3,5a,64,5a,64,0,64,be
15:47:12.944,1,300,0,0,8,3,5a,64,5a,64,0,64,af
15:47:13.008,1,201,0,0,5,3a,2,6c,2,62,,,
15:47:13.071,1,401,0,0,8,2,9e,0,0,a,a,0,0
15:47:13.133,1,300,0,0,8,3,5a,64,5a,64,0,64,23
15:47:13.198,1,400,0,0,8,1,0,2c,0,0,0,0,0
15:47:13.259,1,401,0,0,8,73,9b,0,0,b4,14,0,0
15:47:13.323,1,203,0,0,8,97,6,30,3,bb,0,0,80
15:47:13.386,1,300,0,0,8,3,5a,64,5a,64,0,64,b8
15:47:13.448,1,206,0,0,8,0,0,0,0,0,0,0,0
15:47:13.512,1,201,0,0,5,3a,2,88,e,62,,,
15:47:13.574,1,401,0,0,8,5,99,0,0,8,1d,0,0
15:47:13.638,1,300,0,0,8,3,5a,64,5a,64,0,64,ad
15:47:13.701,1,201,0,0,5,ee,2,5a,19,62,,,
15:47:13.764,1,401,0,0,8,94,98,0,0,93,3b,0,0
15:47:13.827,1,203,0,0,8,e8,9,60,d5,ad,1,0,0
15:47:13.889,1,300,0,0,8,3,5a,64,5a,64,0,64,32
15:47:13.952,1,206,0,0,8,0,0,0,0,0,0,0,0
15:47:14.016,1,201,0,0,5,ee,2,ec,1d,62,,,
15:47:14.079,1,401,0,0,8,51,98,0,0,36,47,0,0
15:47:14.142,1,300,0,0,8,3,5a,64,5a,64,0,64,27
15:47:14.204,1,201,0,0,5,b4,5,30,7,62,,,
15:47:14.268,1,401,0,0,8,3f,98,0,0,d6,48,0,0
15:47:14.331,1,203,0,0,8,75,e,a8,f0,1a,2,0,0
15:47:14.395,1,300,0,0,8,3,5a,64,5a,64,0,64,bc
15:47:14.458,1,401,0,0,8,3f,98,0,0,16,49,0,0
15:47:14.521,1,201,0,0,5,94,7,36,1a,62,,,
15:47:14.584,1,300,0,0,8,3,5a,64,5a,64,0,64,30
15:47:14.647,1,301,0,0,3,b3,1,0,,,,,
15:47:14.710,1,201,0,0,5,94,7,be,14,62,,,
15:47:14.773,1,401,0,0,8,35,98,0,0,9,49,0,0
15:47:14.836,1,300,0,0,8,3,5a,64,5a,64,0,64,25
15:47:14.899,1,400,0,0,8,1,0,2c,0,0,0,0,0
15:47:14.962,1,401,0,0,8,35,98,0,0,fc,48,0,0
15:47:15.024,1,203,0,0,8,39,14,0,d3,56,1,0,0
15:47:15.088,1,300,0,0,8,3,5a,64,5a,64,0,64,ba
15:47:15.151,1,206,0,0,8,0,0,0,0,0,0,0,0
15:47:15.214,1,201,0,0,5,7e,9,68,15,62,,,
15:47:15.277,1,401,0,0,8,84,98,0,0,2,49,0,0
15:47:15.340,1,300,0,0,8,3,5a,64,5a,64,0,64,af
15:47:15.403,1,201,0,0,5,7e,9,32,0,62,,,
15:47:15.466,1,401,0,0,8,84,98,0,0,f5,47,0,0
15:47:15.529,1,203,0,0,8,44,4,f0,8,1,0,0,0
15:47:15.592,1,300,0,0,8,3,5a,64,5a,64,0,64,34
15:47:15.655,1,206,0,0,8,0,0,0,0,0,0,0,0
15:47:15.718,1,201,0,0,5,a,a,0,0,62,,,
15:47:15.781,1,401,0,0,8,6a,9f,0,0,3d,40,0,0
15:47:15.845,1,300,0,0,8,3,5a,64,5a,64,0,64,a9
15:47:15.908,1,201,0,0,5,14,a,0,0,62,,,
15:47:15.971,1,401,0,0,8,6a,9f,0,0,12,11,0,0
15:47:16.034,1,203,0,0,8,ad,2,0,0,0,0,0,0
15:47:16.097,1,301,0,0,3,1d,e,0,,,,,
15:47:16.160,1,401,0,0,8,7c,9f,0,0,46,0,0,0
15:47:16.223,1,203,0,0,8,e,4,0,0,0,0,0,0
15:47:16.286,1,300,0,0,8,3,5a,64,5a,64,0,64,32
15:47:16.349,1,206,0,0,8,0,0,0,0,0,0,0,0
15:47:16.412,1,201,0,0,5,74,9,0,0,62,,,
15:47:16.476,1,401,0,0,8,88,9f,0,0,46,0,0,0
15:47:16.540,1,300,0,0,8,3,5a,64,5a,64,0,64,27
15:47:16.603,1,400,0,0,8,1,0,c,0,0,0,0,0
15:47:16.667,1,401,0,0,8,90,9f,0,0,45,0,0,0
15:47:16.732,1,203,0,0,8,33,7,0,0,0,0,0,0
15:47:16.796,1,300,0,0,8,3,5a,64,5a,64,0,64,bc
15:47:16.859,1,206,0,0,8,0,0,0,0,0,0,0,0
15:47:16.922,1,201,0,0,5,f2,8,0,0,62,,,
15:47:16.985,1,401,0,0,8,96,9f,0,0,45,0,0,0
15:47:17.048,1,301,0,0,3,b3,1,0,,,,,
15:47:17.111,1,201,0,0,5,80,7,0,0,62,,,
15:47:17.174,1,401,0,0,8,98,9f,0,0,45,0,0,0
15:47:17.238,1,300,0,0,8,3,5a,64,5a,64,0,64,25
15:47:17.301,1,400,0,0,8,1,0,c,0,0,0,0,0
15:47:17.364,1,401,0,0,8,9e,9f,0,0,45,0,0,0
15:47:17.428,1,203,0,0,8,16,7,0,0,0,0,0,0
15:47:17.491,1,300,0,0,8,3,5a,64,5a,64,0,64,ba
15:47:17.555,1,206,0,0,8,0,0,0,0,0,0,0,0
15:47:17.618,1,201,0,0,5,30,7,0,0,62,,,
15:47:17.681,1,401,0,0,8,a0,9f,0,0,45,0,0,0
15:47:17.744,1,300,0,0,8,3,5a,64,5a,64,0,64,af
15:47:17.807,1,400,0,0,8,1,0,c,0,0,0,0,0
15:47:17.871,1,401,0,0,8,a6,9f,0,0,45,0,0,0
15:47:17.934,1,203,0,0,8,86,6,0,0,0,0,0,0
15:47:17.997,1,300,0,0,8,3,5a,64,5a,64,0,64,34
15:47:18.060,1,401,0,0,8,a8,9f,0,0,45,0,0,0
15:47:18.124,1,203,0,0,8,d3,2,0,0,0,0,0,0
15:47:18.187,1,401,0,0,8,a8,9f,0,0,45,0,0,0
15:47:18.250,1,206,0,0,8,0,0,0,0,0,0,0,0
15:47:18.313,1,201,0,0,5,4,6,0,0,62,,,
15:47:18.376,1,401,0,0,8,aa,9f,0,0,45,0,0,0
15:47:18.439,1,300,0,0,8,3,5a,64,5a,64,0,64,ad
15:47:18.502,1,400,0,0,8,1,0,c,0,0,0,0,0
15:47:18.569,1,401,0,0,8,ae,9f,0,0,45,0,0,0
15:47:18.628,1,203,0,0,8,0,0,0,0,0,0,0,0
15:47:18.691,1,300,0,0,8,3,5a,64,5a,64,0,64,32
15:47:18.754,1,206,0,0,8,0,0,0,0,0,0,0,0
15:47:18.817,1,201,0,0,5,0,5,0,0,62,,,
15:47:18.880,1,401,0,0,8,b0,9f,0,0,45,0,0,0
15:47:18.943,1,300,0,0,8,3,5a,64,5a,64,0,64,27
15:47:19.006,1,400,0,0,8,1,0,c,0,0,0,0,0
15:47:19.069,1,666,0,0,8,52,8,5,0,52,95,36,2
15:47:19.132,1,203,0,0,8,0,0,0,0,0,0,0,0
15:47:19.195,1,300,0,0,8,3,5a,64,5a,64,0,64,bc
15:47:19.258,1,206,0,0,8,0,0,0,0,0,0,0,0
15:47:19.321,1,201,0,0,5,0,5,0,0,62,,,
15:47:19.384,1,401,0,0,8,b4,9f,0,0,45,0,0,0
15:47:19.447,1,300,0,0,8,3,5a,64,5a,64,0,64,21
15:47:19.510,1,400,0,0,8,1,0,c,0,0,0,0,0
15:47:19.573,1,401,0,0,8,b6,9f,0,0,45,0,0,0
15:47:19.636,1,300,0,0,8,3,5a,64,5a,64,0,64,25
15:47:19.699,1,400,0,0,8,1,0,c,0,0,0,0,0
15:47:19.762,1,403,0,0,8,64,0,0,0,40,e3,9,0
15:47:19.825,1,203,0,0,8,0,0,0,0,0,0,0,0
15:47:19.888,1,401,0,0,8,b6,9f,0,0,45,0,0,0
15:47:19.953,1,206,0,0,8,0,0,0,0,0,0,0,0
15:47:20.016,1,201,0,0,5,38,4,0,0,62,,,
15:47:20.079,1,401,0,0,8,b8,9f,0,0,45,0,0,0
15:47:20.142,1,300,0,0,8,3,5a,64,5a,64,0,64,af
15:47:20.205,1,400,0,0,8,1,0,c,0,0,0,0,0
15:47:20.269,1,402,0,0,8,5e,0,0,0,ac,38,9,0
15:47:20.332,1,203,0,0,8,cf,2,0,0,0,0,0,0
15:47:20.395,1,300,0,0,8,3,5a,64,5a,64,0,64,34
15:47:20.458,1,206,0,0,8,0,0,0,0,0,0,0,0
15:47:20.521,1,201,0,0,5,b6,3,80,7,62,,,
15:47:20.584,1,401,0,0,8,9c,9f,0,0,46,0,0,0
15:47:20.647,1,300,0,0,8,3,5a,64,5a,64,0,64,a9
15:47:20.710,1,400,0,0,8,1,0,c,0,0,0,0,0
15:47:20.773,1,403,0,0,8,64,0,0,0,40,e3,9,0
15:47:20.836,1,300,0,0,8,3,5a,64,5a,64,0,64,ad
15:47:20.899,1,400,0,0,8,1,0,2c,0,0,0,0,0
15:47:20.962,1,401,0,0,8,44,9d,0,0,cf,a,0,0
15:47:21.025,1,203,0,0,8,d2,6,a0,78,40,0,0,0
15:47:21.088,1,401,0,0,8,c0,9b,0,0,cf,a,0,0
15:47:21.151,1,206,0,0,8,0,0,0,0,0,0,0,0
15:47:21.214,1,400,0,0,8,1,0,2c,0,0,0,0,0
15:47:21.277,1,401,0,0,8,ae,98,0,0,4d,1c,0,0
15:47:21.340,1,300,0,0,8,3,5a,64,5a,64,0,64,27
15:47:21.403,1,400,0,0,8,1,0,2c,0,0,0,0,0
15:47:21.466,1,401,0,0,8,ae,98,0,0,7,38,0,0
15:47:21.529,1,203,0,0,8,d4,9,a0,5,4a,1,0,0
15:47:21.592,1,401,0,0,8,62,98,0,0,7,38,0,0
15:47:21.655,1,206,0,0,8,0,0,0,0,0,0,0,0
15:47:21.718,1,201,0,0,5,14,5,e6,a,62,,,
15:47:21.782,1,401,0,0,8,47,98,0,0,aa,46,0,0
15:47:21.846,1,300,0,0,8,3,5a,64,5a,64,0,64,21
15:47:21.909,1,400,0,0,8,1,0,2c,0,0,0,0,0
15:47:21.972,1,300,0,0,8,3,5a,64,5a,64,0,64,34
15:47:22.035,1,203,0,0,8,96,d,90,d6,50,0,0,0
15:47:22.098,1,300,0,0,8,3,5a,64,5a,64,0,64,36
15:47:22.161,1,300,0,0,8,3,5a,64,5a,64,0,64,b8
15:47:22.225,1,203,0,0,8,8a,e,b0,b4,1d,0,0,0
15:47:22.288,1,300,0,0,8,3,5a,64,5a,64,0,64,ba
15:47:22.351,1,206,0,0,8,0,0,0,0,0,0,0,0
15:47:22.415,1,400,0,0,8,1,0,2c,0,0,0,0,0
15:47:22.478,1,300,0,0,8,3,5a,64,5a,64,0,64,be
15:47:22.541,1,300,0,0,8,3,5a,64,5a,64,0,64,af
15:47:22.605,1,400,0,0,8,1,0,2c,0,0,0,0,0
15:47:22.668,1,300,0,0,8,3,5a,64,5a,64,0,64,32
15:47:22.731,1,203,0,0,8,0,0,0,0,0,0,0,0
15:47:22.794,1,300,0,0,8,3,5a,64,5a,64,0,64,34
15:47:22.857,1,206,0,0,8,0,0,0,0,0,0,0,0
15:47:22.920,1,400,0,0,8,1,0,2c,0,0,0,0,0
15:47:22.985,1,300,0,0,8,3,5a,64,5a,64,0,64,b8
15:47:23.049,1,204,0,0,8,0,0,0,0,0,0,0,0
15:47:23.112,1,400,0,0,8,1,0,2c,0,0,0,0,0
15:47:23.175,1,300,0,0,8,3,5a,64,5a,64,0,64,bc
15:47:23.238,1,300,0,0,8,3,5a,64,5a,64,0,64,ad
15:47:23.301,1,401,0,0,8,84,9f,0,0,af,0,0,0
15:47:23.364,1,300,0,0,8,3,5a,64,5a,64,0,64,30
15:47:23.427,1,203,0,0,8,4c,1,74,f4,f,0,0,0
15:47:23.490,1,300,0,0,8,3,5a,64,5a,64,0,64,32
15:47:23.553,1,206,0,0,8,0,0,0,0,0,0,0,0
15:47:23.616,1,400,0,0,8,1,0,c,0,0,0,0,0
15:47:23.679,1,300,0,0,8,3,5a,64,5a,64,0,64,36
15:47:23.742,1,300,0,0,8,3,5a,64,5a,64,0,64,27
15:47:23.805,1,400,0,0,8,1,0,2c,0,0,0,0,0
15:47:23.868,1,300,0,0,8,3,5a,64,5a,64,0,64,ba
15:47:23.931,1,203,0,0,8,22,2,b8,ef,c,0,0,0
15:47:23.994,1,300,0,0,8,3,5a,64,5a,64,0,64,bc
15:47:24.057,1,206,0,0,8,0,0,0,0,0,0,0,0
15:47:24.120,1,400,0,0,8,1,0,2c,0,0,0,0,0
15:47:24.183,1,300,0,0,8,3,5a,64,5a,64,0,64,30
15:47:24.247,1,405,0,0,7,2,30,0,0,0,0,0,
15:47:24.310,1,404,0,0,2,1,0,,,,,,
15:47:24.374,1,300,0,0,8,3,5a,64,5a,64,0,64,34
15:47:24.437,1,203,0,0,8,0,0,0,0,0,0,0,0
15:47:24.500,1,401,0,0,8,dc,9e,0,0,6b,12,0,0
15:47:24.563,1,404,0,0,2,27,0,,,,,,
15:47:24.626,1,405,0,0,8,4c,0,0,0,0,24,0,0
15:47:24.689,1,300,0,0,8,3,5a,64,5a,64,0,64,ba
15:47:24.752,1,206,0,0,8,0,0,0,0,0,0,0,0
15:47:24.815,1,201,0,0,5,90,1,0,0,62,,,
15:47:24.878,1,300,0,0,8,3,5a,64,5a,64,0,64,be
15:47:24.941,1,300,0,0,8,3,5a,64,5a,64,0,64,af
15:47:25.004,1,401,0,0,8,88,9f,0,0,45,0,0,0
15:47:25.067,1,666,0,0,8,52,8,5,0,52,95,36,2
15:47:25.130,1,203,0,0,8,0,0,0,0,0,0,0,0
15:47:25.193,1,300,0,0,8,3,5a,64,5a,64,0,64,34
15:47:25.256,1,206,0,0,8,0,0,0,0,0,0,0,0
15:47:25.320,1,201,0,0,5,2c,1,0,0,62,,,
15:47:25.382,1,300,0,0,8,3,5a,64,5a,64,0,64,b8
15:47:25.445,1,300,0,0,8,3,5a,64,5a,64,0,64,a9
15:47:25.508,1,201,0,0,5,18,1,0,0,62,,,
15:47:25.571,1,300,0,0,8,3,5a,64,5a,64,0,64,bc
15:47:25.634,1,203,0,0,8,0,0,0,0,0,0,0,0
15:47:25.698,1,300,0,0,8,3,5a,64,5a,64,0,64,be
15:47:25.762,1,206,0,0,8,0,0,0,0,0,0,0,0
15:47:25.824,1,201,0,0,5,4,1,0,0,62,,,
15:47:25.888,1,300,0,0,8,3,5a,64,5a,64,0,64,32
15:47:25.951,1,206,0,0,8,0,0,0,0,0,0,0,0
15:47:26.014,1,201,0,0,5,f0,0,0,0,62,,,
15:47:26.077,1,300,0,0,8,3,5a,64,5a,64,0,64,36
15:47:26.141,1,300,0,0,8,3,5a,64,5a,64,0,64,27
15:47:26.204,1,401,0,0,8,9c,9f,0,0,44,0,0,0
15:47:26.267,1,402,0,0,8,5e,0,0,0,68,37,9,0
15:47:26.330,1,203,0,0,8,0,0,0,0,0,0,0,0
15:47:26.393,1,300,0,0,8,3,5a,64,5a,64,0,64,bc
15:47:26.456,1,206,0,0,8,0,0,0,0,0,0,0,0
15:47:26.519,1,201,0,0,5,c8,0,0,0,62,,,
15:47:26.583,1,300,0,0,8,3,5a,64,5a,64,0,64,30
15:47:26.646,1,300,0,0,8,3,5a,64,5a,64,0,64,21
15:47:26.709,1,401,0,0,8,a0,9f,0,0,45,0,0,0
15:47:26.774,1,403,0,0,8,64,0,0,0,40,e3,9,0
15:47:26.838,1,203,0,0,8,0,0,0,0,0,0,0,0
15:47:26.901,1,401,0,0,8,a2,9f,0,0,45,0,0,0
15:47:26.964,1,300,0,0,8,3,5a,64,5a,64,0,64,b8
15:47:27.027,1,400,0,0,8,1,0,c,0,0,0,0,0
15:47:27.093,1,300,0,0,8,3,5a,64,5a,64,0,64,ba
15:47:27.157,1,206,0,0,8,0,0,0,0,0,0,0,0
15:47:27.223,1,201,0,0,5,aa,0,0,0,62,,,
15:47:27.283,1,402,0,0,8,5e,0,0,0,68,37,9,0
15:47:27.346,1,300,0,0,8,3,5a,64,5a,64,0,64,af
15:47:27.409,1,401,0,0,8,a4,9f,0,0,45,0,0,0
15:47:27.472,1,300,0,0,8,3,5a,64,5a,64,0,64,32
15:47:27.535,1,203,0,0,8,0,0,0,0,0,0,0,0
15:47:27.598,1,300,0,0,8,3,5a,64,5a,64,0,64,34
15:47:27.662,1,206,0,0,8,0,0,0,0,0,0,0,0
15:47:27.725,1,201,0,0,5,0,0,0,0,62,,,
15:47:27.788,1,403,0,0,8,64,0,0,0,40,e3,9,0
15:47:27.851,1,206,0,0,8,0,0,0,0,0,0,0,0
15:47:27.914,1,201,0,0,5,0,0,0,0,62,,,
15:47:27.977,1,300,0,0,8,3,5a,64,5a,64,0,64,bc
15:47:28.040,1,300,0,0,8,3,5a,64,5a,64,0,64,ad
15:47:28.107,1,401,0,0,8,a8,9f,0,0,46,0,0,0
15:47:28.174,1,300,0,0,8,3,5a,64,5a,64,0,64,30
15:47:28.234,1,203,0,0,8,0,0,0,0,0,0,0,0
15:47:28.300,1,300,0,0,8,3,5a,64,5a,64,0,64,32
15:47:28.360,1,206,0,0,8,0,0,0,0,0,0,0,0
15:47:28.423,1,201,0,0,5,0,0,0,0,62,,,
15:47:28.486,1,300,0,0,8,3,5a,64,5a,64,0,64,36
15:47:28.549,1,206,0,0,8,0,0,0,0,0,0,0,0
15:47:28.612,1,401,0,0,8,ac,9f,0,0,45,0,0,0
15:47:28.676,1,300,0,0,8,3,5a,64,5a,64,0,64,ba
15:47:28.746,1,300,0,0,8,3,5a,64,5a,64,0,64,ab
15:47:28.802,1,401,0,0,8,ac,9f,0,0,45,0,0,0
15:47:28.866,1,300,0,0,8,3,5a,64,5a,64,0,64,be
15:47:28.928,1,400,0,0,8,1,0,c,0,0,0,0,0
15:47:28.991,1,300,0,0,8,3,5a,64,5a,64,0,64,30
15:47:29.054,1,206,0,0,8,0,0,0,0,0,0,0,0
15:47:29.117,1,201,0,0,5,0,0,0,0,62,,,
15:47:29.181,1,300,0,0,8,3,5a,64,5a,64,0,64,34
15:47:29.244,1,300,0,0,8,3,5a,64,5a,64,0,64,25
15:47:29.308,1,401,0,0,8,ae,9f,0,0,45,0,0,0
15:47:29.371,1,300,0,0,8,3,5a,64,5a,64,0,64,b8
15:47:29.433,1,400,0,0,8,1,0,c,0,0,0,0,0
15:47:29.496,1,300,0,0,8,3,5a,64,5a,64,0,64,ba
15:47:29.562,1,206,0,0,8,0,0,0,0,0,0,0,0
15:47:29.623,1,201,0,0,5,0,0,0,0,62,,,
15:47:29.686,1,300,0,0,8,3,5a,64,5a,64,0,64,be
15:47:29.749,1,206,0,0,8,0,0,0,0,0,0,0,0
15:47:29.812,1,401,0,0,8,ae,9f,0,0,45,0,0,0
15:47:29.878,1,300,0,0,8,3,5a,64,5a,64,0,64,32
15:47:29.940,1,300,0,0,8,3,5a,64,5a,64,0,64,23
15:47:30.005,1,401,0,0,8,ae,9f,0,0,45,0,0,0
15:47:30.065,1,300,0,0,8,3,5a,64,5a,64,0,64,36
15:47:30.128,1,400,0,0,8,1,0,c,0,0,0,0,0
15:47:30.191,1,300,0,0,8,3,5a,64,5a,64,0,64,b8
15:47:30.255,1,206,0,0,8,0,0,0,0,0,0,0,0
15:47:30.317,1,401,0,0,8,b0,9f,0,0,45,0,0,0
15:47:30.380,1,300,0,0,8,3,5a,64,5a,64,0,64,bc
15:47:30.443,1,300,0,0,8,3,5a,64,5a,64,0,64,ad
15:47:30.506,1,401,0,0,8,b0,9f,0,0,45,0,0,0
15:47:30.569,1,300,0,0,8,3,5a,64,5a,64,0,64,30
15:47:30.632,1,203,0,0,8,0,0,0,0,0,0,0,0
15:47:30.696,1,300,0,0,8,3,5a,64,5a,64,0,64,32
15:47:30.762,1,206,0,0,8,0,0,0,0,0,0,0,0
15:47:30.822,1,201,0,0,5,0,0,0,0,62,,,
15:47:30.884,1,300,0,0,8,3,5a,64,5a,64,0,64,36
15:47:30.947,1,300,0,0,8,3,5a,64,5a,64,0,64,27
15:47:31.010,1,401,0,0,8,b4,9f,0,0,45,0,0,0
15:47:31.073,1,666,0,0,8,52,8,5,0,52,95,36,2
15:47:31.136,1,203,0,0,8,0,0,0,0,0,0,0,0
15:47:31.199,1,300,0,0,8,3,5a,64,5a,64,0,64,bc
15:47:31.262,1,206,0,0,8,0,0,0,0,0,0,0,0
15:47:31.325,1,201,0,0,5,0,0,0,0,62,,,
15:47:31.389,1,300,0,0,8,3,5a,64,5a,64,0,64,30
15:47:31.451,1,206,0,0,8,0,0,0,0,0,0,0,0
15:47:31.514,1,401,0,0,8,b6,9f,0,0,45,0,0,0
15:47:31.578,1,300,0,0,8,3,5a,64,5a,64,0,64,34
15:47:31.641,1,400,0,0,8,1,0,c,0,0,0,0,0
15:47:31.704,1,401,0,0,8,b6,9f,0,0,45,0,0,0
15:47:31.771,1,300,0,0,8,3,5a,64,5a,64,0,64,b8
15:47:31.830,1,203,0,0,8,0,0,0,0,0,0,0,0
15:47:31.892,1,300,0,0,8,3,5a,64,5a,64,0,64,ba
15:47:31.955,1,206,0,0,8,0,0,0,0,0,0,0,0
15:47:32.019,1,401,0,0,8,b8,9f,0,0,44,0,0,0
15:47:32.081,1,300,0,0,8,3,5a,64,5a,64,0,64,be
15:47:32.144,1,300,0,0,8,3,5a,64,5a,64,0,64,af
15:47:32.207,1,404,0,0,2,4a,0,,,,,,
15:47:32.270,1,404,0,0,2,44,0,,,,,,
15:47:32.334,1,203,0,0,8,0,0,0,0,0,0,0,0
15:47:32.398,1,300,0,0,8,3,5a,64,5a,64,0,64,34
15:47:32.461,1,206,0,0,8,0,0,0,0,0,0,0,0
15:47:32.524,1,401,0,0,8,ba,9f,0,0,45,0,0,0
15:47:32.588,1,404,0,0,2,27,0,,,,,,
15:47:32.650,1,404,0,0,2,46,0,,,,,,
15:47:32.713,1,404,0,0,2,50,0,,,,,,
15:47:32.777,1,404,0,0,2,a,0,,,,,,
15:47:32.839,1,404,0,0,2,b0,1,,,,,,
15:47:32.902,1,401,0,0,8,ba,9f,0,0,45,0,0,0
15:47:32.966,1,300,0,0,8,3,5a,64,5a,64,0,64,30
15:47:33.029,1,203,0,0,8,0,0,0,0,0,0,0,0
15:47:33.092,1,300,0,0,8,3,5a,64,5a,64,0,64,32
15:47:33.156,1,206,0,0,8,0,0,0,0,0,0,0,0
15:47:33.218,1,401,0,0,8,bc,9f,0,0,44,0,0,0
15:47:33.281,1,300,0,0,8,3,5a,64,5a,64,0,64,36
15:47:33.345,1,400,0,0,8,1,0,c,0,0,0,0,0
15:47:33.408,1,401,0,0,8,bc,9f,0,0,45,0,0,0
15:47:33.471,1,300,0,0,8,3,5a,64,5a,64,0,64,ba
15:47:33.535,1,203,0,0,8,0,0,0,0,0,0,0,0
15:47:33.598,1,300,0,0,8,3,5a,64,5a,64,0,64,bc
15:47:33.661,1,206,0,0,8,0,0,0,0,0,0,0,0
15:47:33.724,1,401,0,0,8,bc,9f,0,0,45,0,0,0
15:47:33.787,1,300,0,0,8,3,5a,64,5a,64,0,64,30
15:47:33.853,1,206,0,0,8,0,0,0,0,0,0,0,0
15:47:33.918,1,401,0,0,8,be,9f,0,0,45,0,0,0
15:47:33.981,1,300,0,0,8,3,5a,64,5a,64,0,64,34
15:47:34.043,1,400,0,0,8,1,0,c,0,0,0,0,0
15:47:34.106,1,201,0,0,5,0,0,0,0,62,,,
15:47:34.170,1,300,0,0,8,3,5a,64,5a,64,0,64,b8
15:47:34.233,1,203,0,0,8,0,0,0,0,0,0,0,0
15:47:34.296,1,300,0,0,8,3,5a,64,5a,64,0,64,ba
15:47:34.359,1,206,0,0,8,0,0,0,0,0,0,0,0
15:47:34.421,1,201,0,0,5,0,0,0,0,62,,,
15:47:34.486,1,300,0,0,8,3,5a,64,5a,64,0,64,be
15:47:34.548,1,400,0,0,8,1,0,c,0,0,0,0,0
15:47:34.611,1,201,0,0,5,0,0,0,0,62,,,
15:47:34.674,1,300,0,0,8,3,5a,64,5a,64,0,64,32
15:47:34.738,1,203,0,0,8,0,0,0,0,0,0,0,0
15:47:34.801,1,403,0,0,8,64,0,0,0,40,e3,9,0
15:47:34.864,1,300,0,0,8,3,5a,64,5a,64,0,64,36
15:47:34.927,1,201,0,0,5,0,0,0,0,62,,,
15:47:34.990,1,300,0,0,8,3,5a,64,5a,64,0,64,b8
15:47:35.053,1,206,0,0,8,0,0,0,0,0,0,0,0
15:47:35.116,1,201,0,0,5,0,0,0,0,62,,,
15:47:35.186,1,300,0,0,8,3,5a,64,5a,64,0,64,bc
15:47:35.243,1,300,0,0,8,3,5a,64,5a,64,0,64,ad
15:47:35.308,1,402,0,0,8,5e,0,0,0,68,37,9,0
15:47:35.371,1,300,0,0,8,3,5a,64,5a,64,0,64,30
15:47:35.435,1,203,0,0,8,0,0,0,0,0,0,0,0
15:47:35.497,1,300,0,0,8,3,5a,64,5a,64,0,64,32
15:47:35.561,1,206,0,0,8,0,0,0,0,0,0,0,0
15:47:35.623,1,201,0,0,5,0,0,0,0,62,,,
15:47:35.686,1,300,0,0,8,3,5a,64,5a,64,0,64,36
15:47:35.750,1,300,0,0,8,3,5a,64,5a,64,0,64,27
15:47:35.812,1,201,0,0,5,0,0,0,0,62,,,
15:47:35.877,1,300,0,0,8,3,5a,64,5a,64,0,64,ba
15:47:35.941,1,203,0,0,8,0,0,0,0,0,0,0,0
15:47:36.003,1,201,0,0,5,0,0,0,0,62,,,
15:47:36.067,1,300,0,0,8,3,5a,64,5a,64,0,64,be
15:47:36.130,1,401,0,0,8,c5,9f,0,0,45,0,0,0
15:47:36.192,1,300,0,0,8,3,5a,64,5a,64,0,64,30
15:47:36.257,1,206,0,0,8,0,0,0,0,0,0,0,0
15:47:36.318,1,201,0,0,5,0,0,0,0,62,,,
15:47:36.382,1,300,0,0,8,3,5a,64,5a,64,0,64,34
15:47:36.446,1,300,0,0,8,3,5a,64,5a,64,0,64,25
15:47:36.509,1,201,0,0,5,0,0,0,0,62,,,
15:47:36.571,1,300,0,0,8,3,5a,64,5a,64,0,64,b8
15:47:36.634,1,203,0,0,8,0,0,0,0,0,0,0,0
15:47:36.698,1,300,0,0,8,3,5a,64,5a,64,0,64,ba
15:47:36.760,1,206,0,0,8,0,0,0,0,0,0,0,0
15:47:36.823,1,201,0,0,5,0,0,0,0,62,,,
15:47:36.887,1,300,0,0,8,3,5a,64,5a,64,0,64,be
15:47:36.950,1,300,0,0,8,3,5a,64,5a,64,0,64,af
15:47:37.013,1,201,0,0,5,0,0,0,0,62,,,
15:47:37.075,1,666,0,0,8,52,8,5,0,52,95,36,2
15:47:37.139,1,203,0,0,8,0,0,0,0,0,0,0,0
15:47:37.201,1,201,0,0,5,0,0,0,0,62,,,
15:47:37.264,1,300,0,0,8,3,5a,64,5a,64,0,64,36
15:47:37.327,1,201,0,0,5,0,0,0,0,62,,,
15:47:37.391,1,300,0,0,8,3,5a,64,5a,64,0,64,b8
15:47:37.453,1,400,0,0,8,1,0,c,0,0,0,0,0
15:47:37.516,1,201,0,0,5,0,0,0,0,62,,,
15:47:37.580,1,300,0,0,8,3,5a,64,5a,64,0,64,bc
15:47:37.642,1,300,0,0,8,3,5a,64,5a,64,0,64,ad
15:47:37.705,1,201,0,0,5,0,0,0,0,62,,,
15:47:37.770,1,300,0,0,8,3,5a,64,5a,64,0,64,30
15:47:37.833,1,401,0,0,8,c9,9f,0,0,45,0,0,0
15:47:37.895,1,300,0,0,8,3,5a,64,5a,64,0,64,32
15:47:37.959,1,206,0,0,8,0,0,0,0,0,0,0,0
15:47:38.022,1,201,0,0,5,0,0,0,0,62,,,
15:47:38.085,1,300,0,0,8,3,5a,64,5a,64,0,64,36
15:47:38.151,1,300,0,0,8,3,5a,64,5a,64,0,64,27
15:47:38.212,1,201,0,0,5,0,0,0,0,62,,,
15:47:38.275,1,300,0,0,8,3,5a,64,5a,64,0,64,ba
15:47:38.341,1,401,0,0,8,cb,9f,0,0,45,0,0,0
15:47:38.404,1,201,0,0,5,0,0,0,0,62,,,
15:47:38.467,1,300,0,0,8,3,5a,64,5a,64,0,64,be
15:47:38.530,1,401,0,0,8,cb,9f,0,0,44,0,0,0
15:47:38.594,1,300,0,0,8,3,5a,64,5a,64,0,64,30
15:47:38.657,1,400,0,0,8,1,0,c,0,0,0,0,0
15:47:38.719,1,201,0,0,5,0,0,0,0,62,,,
15:47:38.783,1,300,0,0,8,3,5a,64,5a,64,0,64,34
15:47:38.845,1,300,0,0,8,3,5a,64,5a,64,0,64,25
15:47:38.908,1,201,0,0,5,0,0,0,0,62,,,
15:47:38.972,1,300,0,0,8,3,5a,64,5a,64,0,64,b8
15:47:39.036,1,401,0,0,8,cb,9f,0,0,45,0,0,0
15:47:39.098,1,300,0,0,8,3,5a,64,5a,64,0,64,ba
15:47:39.163,1,206,0,0,8,0,0,0,0,0,0,0,0
15:47:39.225,1,201,0,0,5,0,0,0,0,62,,,
15:47:39.288,1,300,0,0,8,3,5a,64,5a,64,0,64,be
15:47:39.351,1,400,0,0,8,1,0,c,0,0,0,0,0
15:47:39.414,1,201,0,0,5,0,0,0,0,62,,,
15:47:39.477,1,300,0,0,8,3,5a,64,5a,64,0,64,32
15:47:39.541,1,203,0,0,8,0,0,0,0,0,0,0,0
15:47:39.603,1,201,0,0,5,0,0,0,0,62,,,
15:47:39.667,1,300,0,0,8,3,5a,64,5a,64,0,64,36
15:47:39.730,1,401,0,0,8,cb,9f,0,0,45,0,0,0
15:47:39.793,1,300,0,0,8,3,5a,64,5a,64,0,64,b8
15:47:39.856,1,400,0,0,8,1,0,c,0,0,0,0,0
15:47:39.919,1,201,0,0,5,0,0,0,0,62,,,
15:47:39.982,1,300,0,0,8,3,5a,64,5a,64,0,64,bc
15:47:40.045,1,300,0,0,8,3,5a,64,5a,64,0,64,ad
15:47:40.108,1,201,0,0,5,0,0,0,0,62,,,
15:47:40.172,1,300,0,0,8,3,5a,64,5a,64,0,64,30
15:47:40.234,1,203,0,0,8,0,0,0,0,0,0,0,0
15:47:40.298,1,300,0,0,8,3,5a,64,5a,64,0,64,32
15:47:40.361,1,400,0,0,8,1,0,c,0,0,0,0,0
15:47:40.425,1,201,0,0,5,0,0,0,0,62,,,
15:47:40.489,1,300,0,0,8,3,5a,64,5a,64,0,64,36
15:47:40.551,1,404,0,0,2,24,0,,,,,,
15:47:40.615,1,404,0,0,2,26,0,,,,,,
15:47:40.677,1,404,0,0,2,4c,0,,,,,,
15:47:40.741,1,203,0,0,8,0,0,0,0,0,0,0,0
15:47:40.803,1,404,0,0,2,50,0,,,,,,
15:47:40.867,1,404,0,0,2,a,0,,,,,,
15:47:40.929,1,404,0,0,2,b0,1,,,,,,
15:47:40.992,1,300,0,0,8,3,5a,64,5a,64,0,64,30
15:47:41.061,1,400,0,0,8,1,0,c,0,0,0,0,0
15:47:41.126,1,201,0,0,5,0,0,0,0,62,,,
15:47:41.187,1,300,0,0,8,3,5a,64,5a,64,0,64,34
15:47:41.251,1,400,0,0,8,1,0,c,0,0,0,0,0
15:47:41.315,1,402,0,0,8,5e,0,0,0,68,37,9,0
15:47:41.382,1,300,0,0,8,3,5a,64,5a,64,0,64,b8
15:47:41.442,1,401,0,0,8,cf,9f,0,0,45,0,0,0
15:47:41.505,1,201,0,0,5,0,0,0,0,62,,,
15:47:41.569,1,300,0,0,8,3,5a,64,5a,64,0,64,bc
15:47:41.632,1,203,0,0,8,0,0,0,0,0,0,0,0
15:47:41.696,1,300,0,0,8,3,5a,64,5a,64,0,64,be
15:47:41.758,1,400,0,0,8,1,0,c,0,0,0,0,0
15:47:41.822,1,403,0,0,8,64,0,0,0,40,e3,9,0
15:47:41.884,1,300,0,0,8,3,5a,64,5a,64,0,64,32
15:47:41.948,1,300,0,0,8,3,5a,64,5a,64,0,64,23
15:47:42.010,1,201,0,0,5,0,0,0,0,62,,,
15:47:42.074,1,300,0,0,8,3,5a,64,5a,64,0,64,36
15:47:42.136,1,203,0,0,8,0,0,0,0,0,0,0,0
