0.011518,,300,,,8,03,5A,64,5A,64,00,64,23
0.011982,,301,,,3,96,03,00,,,,,
0.061522,,300,,,8,03,5A,64,5A,64,00,64,34
0.061986,,301,,,3,03,04,00,,,,,
0.111527,,300,,,8,03,5A,64,5A,64,00,64,25
0.111991,,301,,,3,54,05,00,,,,,
0.161533,,300,,,8,03,5A,64,5A,64,00,64,36
0.162001,,301,,,3,F5,06,00,,,,,
0.211535,,300,,,8,03,5A,64,5A,64,00,64,27
0.212003,,301,,,3,B8,07,00,,,,,
0.261542,,300,,,8,03,5A,64,5A,64,00,64,B8
0.26201,,301,,,3,80,08,00,,,,,
0.311548,,300,,,8,03,5A,64,5A,64,00,64,A9
0.312016,,301,,,3,88,09,00,,,,,
0.361554,,300,,,8,03,5A,64,5A,64,00,64,BA
0.362018,,301,,,3,C6,0A,00,,,,,
0.411558,,300,,,8,03,5A,64,5A,64,00,64,AB
0.412022,,301,,,3,43,0B,00,,,,,
0.461564,,300,,,8,03,5A,64,5A,64,00,64,BC
0.462028,,301,,,3,B5,0C,00,,,,,
0.511568,,300,,,8,03,5A,64,5A,64,00,64,AD
0.512032,,301,,,3,4E,0D,00,,,,,
0.562258,,300,,,8,03,5A,64,5A,64,00,64,BE
0.562726,,301,,,3,1D,0E,00,,,,,
0.612358,,300,,,8,03,5A,64,5A,64,00,64,AF
0.612822,,301,,,3,E8,0F,00,,,,,
0.661588,,300,,,8,03,5A,64,5A,64,00,64,30
0.66206,,301,,,3,E2,00,00,,,,,
0.711591,,300,,,8,03,5A,64,5A,64,00,64,21
0.712063,,301,,,3,B3,01,00,,,,,
0.761593,,300,,,8,03,5A,64,5A,64,00,64,32
0.762057,,301,,,3,6B,02,00,,,,,
0.811598,,300,,,8,03,5A,64,5A,64,00,64,23
0.812062,,301,,,3,96,03,00,,,,,
0.861605,,300,,,8,03,5A,64,5A,64,00,64,34
0.862069,,301,,,3,03,04,00,,,,,
0.911609,,300,,,8,03,5A,64,5A,64,00,64,25
0.912073,,301,,,3,54,05,00,,,,,
0.961615,,300,,,8,03,A5,64,5A,64,00,64,76
0.962087,,301,,,3,F5,06,00,,,,,
1.011619,,300,,,8,03,A5,64,5A,64,00,64,67
1.012087,,301,,,3,B8,07,00,,,,,
1.061625,,300,,,8,03,A5,64,5A,64,00,64,F8
1.062093,,301,,,3,80,08,00,,,,,
1.111632,,300,,,8,03,A5,64,5A,64,00,64,E9
1.1121,,301,,,3,88,09,00,,,,,
1.161635,,300,,,8,03,A5,64,5A,64,00,64,FA
1.162103,,301,,,3,C6,0A,00,,,,,
1.211641,,300,,,8,03,A5,64,5A,64,00,64,EB
1.212105,,301,,,3,43,0B,00,,,,,
1.261648,,300,,,8,03,A5,64,5A,64,00,64,FC
1.26212,,301,,,3,B5,0C,00,,,,,
1.311651,,300,,,8,03,A5,64,5A,64,00,64,ED
1.312115,,301,,,3,4E,0D,00,,,,,
1.361657,,300,,,8,03,A5,64,5A,64,00,64,FE
1.362133,,301,,,3,1D,0E,00,,,,,
1.411664,,300,,,8,03,A5,64,5A,64,00,64,EF
1.412132,,301,,,3,E8,0F,00,,,,,
1.461666,,300,,,8,03,A5,64,5A,64,00,64,70
1.462138,,301,,,3,E2,00,00,,,,,
1.511671,,300,,,8,03,A5,64,5A,64,00,64,61
1.512135,,301,,,3,B3,01,00,,,,,
1.562364,,300,,,8,03,A5,64,5A,64,00,64,72
1.562828,,301,,,3,6B,02,00,,,,,
1.612463,,300,,,8,03,A5,64,5A,64,00,64,63
1.612927,,301,,,3,96,03,00,,,,,
1.661689,,300,,,8,03,A5,64,5A,64,00,64,74
1.662153,,301,,,3,03,04,00,,,,,
1.711696,,300,,,8,03,A5,64,5A,64,00,64,65
1.71216,,301,,,3,54,05,00,,,,,
1.761698,,300,,,8,03,A5,64,5A,64,00,64,76
1.762171,,301,,,3,F5,06,00,,,,,
1.811704,,300,,,8,03,A5,64,5A,64,00,64,67
1.812172,,301,,,3,B8,07,00,,,,,
1.861711,,300,,,8,03,A5,64,5A,64,00,64,F8
1.862179,,301,,,3,80,08,00,,,,,
1.911714,,300,,,8,03,A5,64,5A,64,00,64,E9
1.912182,,301,,,3,88,09,00,,,,,
1.96172,,300,,,8,03,A5,64,5A,64,00,64,FA
1.962188,,301,,,3,C6,0A,00,,,,,
2.011725,,300,,,8,03,A5,64,5A,64,00,64,EB
2.012189,,301,,,3,43,0B,00,,,,,
2.06173,,300,,,8,03,A5,64,5A,64,00,64,FC
2.062202,,301,,,3,B5,0C,00,,,,,
2.111736,,300,,,8,03,A5,64,5A,64,00,64,ED
2.1122,,301,,,3,4E,0D,00,,,,,
2.161743,,300,,,8,03,A5,64,5A,64,00,64,FE
2.162219,,301,,,3,1D,0E,00,,,,,
2.211745,,300,,,8,03,A5,64,5A,64,00,64,EF
2.212213,,301,,,3,E8,0F,00,,,,,
2.261752,,300,,,8,03,A5,64,5A,64,00,64,70
2.262224,,301,,,3,E2,00,00,,,,,
2.311756,,300,,,8,03,A5,64,5A,64,00,64,61
2.31222,,301,,,3,B3,01,00,,,,,
2.361763,,300,,,8,03,A5,64,5A,64,00,64,72
2.362227,,301,,,3,6B,02,00,,,,,
2.411767,,300,,,8,03,A5,64,5A,64,00,64,63
2.412231,,301,,,3,96,03,00,,,,,
2.461774,,300,,,8,03,A5,64,5A,64,00,64,74
2.462238,,301,,,3,03,04,00,,,,,
2.511777,,300,,,8,03,A5,64,5A,64,00,64,65
2.512241,,301,,,3,54,05,00,,,,,
2.56356,,300,,,8,03,A5,64,5A,64,00,64,76
2.564032,,301,,,3,F5,06,00,,,,,
2.613568,,300,,,8,03,A5,64,5A,64,00,64,67
2.614036,,301,,,3,B8,07,00,,,,,
2.662798,,300,,,8,03,A5,64,5A,64,00,64,F8
2.663266,,301,,,3,80,08,00,,,,,
2.712799,,300,,,8,03,A5,64,5A,64,00,64,E9
2.713267,,301,,,3,88,09,00,,,,,
2.762806,,300,,,8,03,A5,64,5A,64,00,64,FA
2.763274,,301,,,3,C6,0A,00,,,,,
2.812809,,300,,,8,03,A5,64,5A,64,00,64,EB
2.813273,,301,,,3,43,0B,00,,,,,
2.862815,,300,,,8,03,A5,64,5A,64,00,64,FC
2.863287,,301,,,3,B5,0C,00,,,,,
2.912821,,300,,,8,03,A5,64,5A,64,00,64,ED
2.913285,,301,,,3,4E,0D,00,,,,,
2.962828,,300,,,8,03,A5,64,5A,64,00,64,FE
2.963304,,301,,,3,1D,0E,00,,,,,
3.01283,,300,,,8,03,A5,64,5A,64,00,64,EF
3.013298,,301,,,3,E8,0F,00,,,,,
3.062838,,300,,,8,03,A5,64,5A,64,00,64,70
3.06331,,301,,,3,E2,00,00,,,,,
3.112843,,300,,,8,03,A5,64,5A,64,00,64,61
3.113307,,301,,,3,B3,01,00,,,,,
3.162846,,300,,,8,03,A5,64,5A,64,00,64,72
3.16331,,301,,,3,6B,02,00,,,,,
3.212851,,300,,,8,03,A5,64,5A,64,00,64,63
3.213315,,301,,,3,96,03,00,,,,,
3.262858,,300,,,8,03,A5,64,5A,64,00,64,74
3.263322,,301,,,3,03,04,00,,,,,
3.312861,,300,,,8,03,A5,64,5A,64,00,64,65
3.313325,,301,,,3,54,05,00,,,,,
3.362867,,300,,,8,03,A5,64,5A,64,00,64,76
3.363339,,301,,,3,F5,06,00,,,,,
3.412875,,300,,,8,03,A5,64,5A,64,00,64,67
3.413343,,301,,,3,B8,07,00,,,,,
3.462877,,300,,,8,03,A5,64,5A,64,00,64,F8
3.463345,,301,,,3,80,08,00,,,,,
3.512883,,300,,,8,03,A5,64,5A,64,00,64,E9
3.513351,,301,,,3,88,09,00,,,,,
3.563247,,300,,,8,03,A5,64,5A,64,00,64,FA
3.563715,,301,,,3,C6,0A,00,,,,,
3.592727,,404,,,2,4A,00,,,,,,
3.613671,,300,,,8,03,A5,64,5A,64,00,64,EB
3.614135,,301,,,3,43,0B,00,,,,,
3.622356,,404,,,2,02,30,,,,,,
3.653487,,404,,,2,44,00,,,,,,
3.662901,,300,,,8,03,A5,64,5A,64,00,64,FC
3.663373,,301,,,3,B5,0C,00,,,,,
3.684745,,404,,,2,01,00,,,,,,
3.712905,,300,,,8,03,A5,64,5A,64,00,64,ED
3.713369,,301,,,3,4E,0D,00,,,,,
3.721618,,404,,,2,A3,01,,,,,,
3.74724,,404,,,2,20,00,,,,,,
3.762911,,300,,,8,03,A5,64,5A,64,00,64,FE
3.763387,,301,,,3,1D,0E,00,,,,,
3.778493,,404,,,2,21,00,,,,,,
3.809752,,404,,,2,22,00,,,,,,
3.812914,,300,,,8,03,A5,64,5A,64,00,64,EF
3.813382,,301,,,3,E8,0F,00,,,,,
3.840998,,404,,,2,23,00,,,,,,
3.862921,,300,,,8,03,A5,64,5A,64,00,64,70
3.863393,,301,,,3,E2,00,00,,,,,
3.877391,,404,,,2,24,00,,,,,,
3.903499,,404,,,2,25,00,,,,,,
3.912924,,300,,,8,03,A5,64,5A,64,00,64,61
3.913388,,301,,,3,B3,01,00,,,,,
3.93476,,404,,,2,26,00,,,,,,
3.962936,,300,,,8,03,A5,64,5A,64,00,64,72
3.9634,,301,,,3,6B,02,00,,,,,
3.966004,,404,,,2,27,00,,,,,,
3.997373,,404,,,2,4C,00,,,,,,
4.012936,,300,,,8,03,A5,64,5A,64,00,64,63
4.0134,,301,,,3,96,03,00,,,,,
4.033919,,404,,,2,46,00,,,,,,
4.059879,,404,,,2,4D,00,,,,,,
4.062941,,300,,,8,03,A5,64,5A,64,00,64,74
4.063405,,301,,,3,03,04,00,,,,,
4.091012,,404,,,2,50,00,,,,,,
4.112947,,300,,,8,03,A5,64,5A,64,00,64,65
4.113411,,301,,,3,54,05,00,,,,,
4.122264,,404,,,2,02,00,,,,,,
4.153511,,404,,,2,0A,00,,,,,,
4.162953,,300,,,8,03,A5,64,5A,64,00,64,76
4.163425,,301,,,3,F5,06,00,,,,,
4.189682,,404,,,2,04,00,,,,,,
4.212955,,300,,,8,03,A5,64,5A,64,00,64,67
4.213423,,301,,,3,B8,07,00,,,,,
4.216019,,404,,,2,B0,01,,,,,,
4.247268,,404,,,2,B1,01,,,,,,
4.262962,,300,,,8,03,A5,64,5A,64,00,64,F8
4.26343,,301,,,3,80,08,00,,,,,
4.312968,,300,,,8,03,A5,64,5A,64,00,64,E9
4.313436,,301,,,3,88,09,00,,,,,
4.36297,,300,,,8,03,A5,64,5A,64,00,64,FA
4.363438,,301,,,3,C6,0A,00,,,,,
4.412979,,300,,,8,03,A5,64,5A,64,00,64,EB
4.413443,,301,,,3,43,0B,00,,,,,
4.462982,,300,,,8,03,A5,64,5A,64,00,64,FC
4.463454,,301,,,3,B5,0C,00,,,,,
4.512988,,300,,,8,03,A5,64,5A,64,00,64,ED
4.513452,,301,,,3,4E,0D,00,,,,,
4.56377,,300,,,8,03,A5,64,5A,64,00,64,FE
4.564246,,301,,,3,1D,0E,00,,,,,
4.613776,,300,,,8,03,A5,64,5A,64,00,64,EF
4.614244,,301,,,3,E8,0F,00,,,,,
4.663007,,300,,,8,03,A5,64,5A,64,00,64,70
4.663479,,301,,,3,E2,00,00,,,,,
4.713008,,300,,,8,03,A5,64,5A,64,00,64,61
4.713472,,301,,,3,B3,01,00,,,,,
4.763015,,300,,,8,03,A5,64,5A,64,00,64,72
4.763479,,301,,,3,6B,02,00,,,,,
4.813017,,300,,,8,03,A5,64,5A,64,00,64,63
4.813481,,301,,,3,96,03,00,,,,,
4.863024,,300,,,8,03,A5,64,5A,64,00,64,74
4.863488,,301,,,3,03,04,00,,,,,
4.913028,,300,,,8,03,A5,64,5A,64,00,64,65
4.913492,,301,,,3,54,05,00,,,,,
4.963034,,300,,,8,03,A5,64,5A,64,00,64,76
4.963506,,301,,,3,F5,06,00,,,,,
5.01304,,300,,,8,03,A5,64,5A,64,00,64,67
5.013508,,301,,,3,B8,07,00,,,,,
5.063047,,300,,,8,03,A5,64,5A,64,00,64,F8
5.063515,,301,,,3,80,08,00,,,,,
5.113051,,300,,,8,03,A5,64,5A,64,00,64,E9
5.113519,,301,,,3,88,09,00,,,,,
5.163057,,300,,,8,03,A5,64,5A,64,00,64,FA
5.163525,,301,,,3,C6,0A,00,,,,,
5.21306,,300,,,8,03,A5,64,5A,64,00,64,EB
5.213524,,301,,,3,43,0B,00,,,,,
5.263067,,300,,,8,03,A5,64,5A,64,00,64,FC
5.263539,,301,,,3,B5,0C,00,,,,,
5.31307,,300,,,8,03,A5,64,5A,64,00,64,ED
5.313534,,301,,,3,4E,0D,00,,,,,
5.363077,,300,,,8,03,A5,64,5A,64,00,64,FE
5.363553,,301,,,3,1D,0E,00,,,,,
5.413084,,300,,,8,03,A5,64,5A,64,00,64,EF
5.413552,,301,,,3,E8,0F,00,,,,,
5.463086,,300,,,8,03,A5,64,5A,64,00,64,70
5.463558,,301,,,3,E2,00,00,,,,,
5.513094,,300,,,8,03,A5,64,5A,64,00,64,61
5.513558,,301,,,3,B3,01,00,,,,,
5.563875,,300,,,8,03,A5,64,5A,64,00,64,72
5.564339,,301,,,3,6B,02,00,,,,,
5.613881,,300,,,8,03,A5,64,5A,64,00,64,63
5.614345,,301,,,3,96,03,00,,,,,
5.663111,,300,,,8,03,A5,64,5A,64,00,64,74
5.663575,,301,,,3,03,04,00,,,,,
5.713113,,300,,,8,03,A5,64,5A,64,00,64,65
5.713577,,301,,,3,54,05,00,,,,,
5.763119,,300,,,8,03,A5,64,5A,64,00,64,76
5.763591,,301,,,3,F5,06,00,,,,,
5.813125,,300,,,8,03,A5,64,5A,64,00,64,67
5.813593,,301,,,3,B8,07,00,,,,,
5.863127,,300,,,8,03,A5,64,5A,64,00,64,F8
5.863595,,301,,,3,80,08,00,,,,,
5.913134,,300,,,8,03,A5,64,5A,64,00,64,E9
5.913602,,301,,,3,88,09,00,,,,,
5.963141,,300,,,8,03,A5,64,5A,64,00,64,FA
5.963609,,301,,,3,C6,0A,00,,,,,
6.013146,,300,,,8,03,A5,64,5A,64,00,64,EB
6.01361,,301,,,3,43,0B,00,,,,,
6.063148,,300,,,8,03,A5,64,5A,64,00,64,FC
6.06362,,301,,,3,B5,0C,00,,,,,
6.113154,,300,,,8,03,A5,64,5A,64,00,64,ED
6.113618,,301,,,3,4E,0D,00,,,,,
6.163161,,300,,,8,03,A5,64,5A,64,00,64,FE
6.163637,,301,,,3,1D,0E,00,,,,,
6.213167,,300,,,8,03,A5,64,5A,64,00,64,EF
6.213635,,301,,,3,E8,0F,00,,,,,
6.26317,,300,,,8,03,A5,64,5A,64,00,64,70
6.263642,,301,,,3,E2,00,00,,,,,
6.313175,,300,,,8,03,A5,64,5A,64,00,64,61
6.313639,,301,,,3,B3,01,00,,,,,
6.363181,,300,,,8,03,A5,64,5A,64,00,64,72
6.363645,,301,,,3,6B,02,00,,,,,
6.413186,,300,,,8,03,A5,64,5A,64,00,64,63
6.41365,,301,,,3,96,03,00,,,,,
6.463193,,300,,,8,03,A5,64,5A,64,00,64,74
6.463657,,301,,,3,03,04,00,,,,,
6.513196,,300,,,8,03,A5,64,5A,64,00,64,65
6.51366,,301,,,3,54,05,00,,,,,
6.563979,,300,,,8,03,A5,64,5A,64,00,64,76
6.564451,,301,,,3,F5,06,00,,,,,
6.613985,,300,,,8,03,A5,64,5A,64,00,64,67
6.614453,,301,,,3,B8,07,00,,,,,
6.663215,,300,,,8,03,A5,64,5A,64,00,64,F8
6.663683,,301,,,3,80,08,00,,,,,
6.71322,,300,,,8,03,A5,64,5A,64,00,64,E9
6.713688,,301,,,3,88,09,00,,,,,
6.763223,,300,,,8,03,A5,64,5A,64,00,64,FA
6.763691,,301,,,3,C6,0A,00,,,,,
6.813227,,300,,,8,03,A5,64,5A,64,00,64,EB
6.813691,,301,,,3,43,0B,00,,,,,
6.863234,,300,,,8,03,A5,64,5A,64,00,64,FC
6.863706,,301,,,3,B5,0C,00,,,,,
6.913237,,300,,,8,03,A5,64,5A,64,00,64,ED
6.913701,,301,,,3,4E,0D,00,,,,,
6.963244,,300,,,8,03,A5,64,5A,64,00,64,FE
6.96372,,301,,,3,1D,0E,00,,,,,
7.013249,,300,,,8,03,A5,64,5A,64,00,64,EF
7.013717,,301,,,3,E8,0F,00,,,,,
7.063256,,300,,,8,03,A5,64,5A,64,00,64,70
7.063728,,301,,,3,E2,00,00,,,,,
7.113259,,300,,,8,03,A5,64,5A,64,00,64,61
7.113723,,301,,,3,B3,01,00,,,,,
7.163265,,300,,,8,03,A5,64,5A,64,00,64,72
7.163729,,301,,,3,6B,02,00,,,,,
7.213272,,300,,,8,03,A5,64,5A,64,00,64,63
7.213736,,301,,,3,96,03,00,,,,,
7.263274,,300,,,8,03,A5,64,5A,64,00,64,74
7.263738,,301,,,3,03,04,00,,,,,
7.313282,,300,,,8,03,A5,64,5A,64,00,64,65
7.313747,,301,,,3,54,05,00,,,,,
7.363285,,300,,,8,03,A5,64,5A,64,00,64,76
7.363757,,301,,,3,F5,06,00,,,,,
7.413291,,300,,,8,03,A5,64,5A,64,00,64,67
7.413759,,301,,,3,B8,07,00,,,,,
7.463298,,300,,,8,03,A5,64,5A,64,00,64,F8
7.463766,,301,,,3,80,08,00,,,,,
7.514302,,300,,,8,03,A5,64,5A,64,00,64,E9
7.51477,,301,,,3,88,09,00,,,,,
7.565084,,300,,,8,03,A5,64,5A,64,00,64,FA
7.565552,,301,,,3,C6,0A,00,,,,,
7.615089,,300,,,8,03,A5,64,5A,64,00,64,EB
7.615553,,301,,,3,43,0B,00,,,,,
7.66432,,300,,,8,03,A5,64,5A,64,00,64,FC
7.664792,,301,,,3,B5,0C,00,,,,,
7.714324,,300,,,8,03,A5,64,5A,64,00,64,ED
7.714788,,301,,,3,4E,0D,00,,,,,
7.764326,,300,,,8,03,A5,64,5A,64,00,64,FE
7.764802,,301,,,3,1D,0E,00,,,,,
7.814334,,300,,,8,03,A5,64,5A,64,00,64,EF
7.814802,,301,,,3,E8,0F,00,,,,,
7.864336,,300,,,8,03,A5,64,5A,64,00,64,70
7.864808,,301,,,3,E2,00,00,,,,,
7.914343,,300,,,8,03,A5,64,5A,64,00,64,61
7.914807,,301,,,3,B3,01,00,,,,,
7.96435,,300,,,8,03,A5,64,5A,64,00,64,72
7.964814,,301,,,3,6B,02,00,,,,,
8.014402,,300,,,8,03,A5,64,5A,64,00,64,63
8.014866,,301,,,3,96,03,00,,,,,
8.06436,,300,,,8,03,A5,64,5A,64,00,64,74
8.064824,,301,,,3,03,04,00,,,,,
8.114653,,300,,,8,03,A5,64,5A,64,00,64,65
8.115117,,301,,,3,54,05,00,,,,,
8.164371,,300,,,8,03,A5,64,5A,64,00,64,76
8.164844,,301,,,3,F5,06,00,,,,,
8.214374,,300,,,8,03,A5,64,5A,64,00,64,67
8.214842,,301,,,3,B8,07,00,,,,,
8.264382,,300,,,8,03,A5,64,5A,64,00,64,F8
8.26485,,301,,,3,80,08,00,,,,,
8.314387,,300,,,8,03,A5,64,5A,64,00,64,E9
8.314855,,301,,,3,88,09,00,,,,,
8.36439,,300,,,8,03,A5,64,5A,64,00,64,FA
8.364858,,301,,,3,C6,0A,00,,,,,
8.414397,,300,,,8,03,A5,64,5A,64,00,64,EB
8.414861,,301,,,3,43,0B,00,,,,,
8.4644,,300,,,8,03,A5,64,5A,64,00,64,FC
8.464872,,301,,,3,B5,0C,00,,,,,
8.514407,,300,,,8,03,A5,64,5A,64,00,64,ED
8.514871,,301,,,3,4E,0D,00,,,,,
8.56441,,300,,,8,03,A5,64,5A,64,00,64,FE
8.564886,,301,,,3,1D,0E,00,,,,,
8.615195,,300,,,8,03,A5,64,5A,64,00,64,EF
8.615663,,301,,,3,E8,0F,00,,,,,
8.664422,,300,,,8,03,A5,64,5A,64,00,64,70
8.664894,,301,,,3,E2,00,00,,,,,
8.714429,,300,,,8,03,A5,64,5A,64,00,64,61
8.714893,,301,,,3,B3,01,00,,,,,
8.764433,,300,,,8,03,A5,64,5A,64,00,64,72
8.764897,,301,,,3,6B,02,00,,,,,
8.814438,,300,,,8,03,A5,64,5A,64,00,64,63
8.814902,,301,,,3,96,03,00,,,,,
8.864443,,300,,,8,03,A5,64,5A,64,00,64,74
8.864907,,301,,,3,03,04,00,,,,,
8.914449,,300,,,8,03,A5,64,5A,64,00,64,65
8.914913,,301,,,3,54,05,00,,,,,
8.964455,,300,,,8,03,A5,64,5A,64,00,64,76
8.964927,,301,,,3,F5,06,00,,,,,
9.014458,,300,,,8,03,A5,64,5A,64,00,64,67
9.014926,,301,,,3,B8,07,00,,,,,
9.064464,,300,,,8,03,A5,64,5A,64,00,64,F8
9.064932,,301,,,3,80,08,00,,,,,
9.11447,,300,,,8,03,A5,64,5A,64,00,64,E9
9.114938,,301,,,3,88,09,00,,,,,
9.164476,,300,,,8,03,A5,64,5A,64,00,64,FA
9.164944,,301,,,3,C6,0A,00,,,,,
9.214479,,300,,,8,03,A5,64,5A,64,00,64,EB
9.214943,,301,,,3,43,0B,00,,,,,
9.264485,,300,,,8,03,A5,64,5A,64,00,64,FC
9.264957,,301,,,3,B5,0C,00,,,,,
9.314489,,300,,,8,03,A5,64,5A,64,00,64,ED
9.314953,,301,,,3,4E,0D,00,,,,,
9.364497,,300,,,8,03,A5,64,5A,64,00,64,FE
9.364973,,301,,,3,1D,0E,00,,,,,
9.4145,,300,,,8,03,A5,64,5A,64,00,64,EF
9.414968,,301,,,3,E8,0F,00,,,,,
9.464504,,300,,,8,03,A5,64,5A,64,00,64,70
9.464976,,301,,,3,E2,00,00,,,,,
9.514511,,300,,,8,03,A5,64,5A,64,00,64,61
9.514975,,301,,,3,B3,01,00,,,,,
9.565292,,300,,,8,03,A5,64,5A,64,00,64,72
9.565756,,301,,,3,6B,02,00,,,,,
9.615299,,300,,,8,03,A5,64,5A,64,00,64,63
9.615763,,301,,,3,96,03,00,,,,,
9.664526,,300,,,8,03,A5,64,5A,64,00,64,74
9.66499,,301,,,3,03,04,00,,,,,
9.714533,,300,,,8,03,A5,64,5A,64,00,64,65
9.714997,,301,,,3,54,05,00,,,,,
9.764539,,300,,,8,03,A5,64,5A,64,00,64,76
9.765011,,301,,,3,F5,06,00,,,,,
9.814543,,300,,,8,03,A5,64,5A,64,00,64,67
9.815011,,301,,,3,B8,07,00,,,,,
9.864545,,300,,,8,03,A5,64,5A,64,00,64,F8
9.865013,,301,,,3,80,08,00,,,,,
9.914554,,300,,,8,03,A5,64,5A,64,00,64,E9
9.915022,,301,,,3,88,09,00,,,,,
9.964556,,300,,,8,03,A5,64,5A,64,00,64,FA
9.965024,,301,,,3,C6,0A,00,,,,,
10.014561,,300,,,8,03,A5,64,5A,64,00,64,EB
10.015025,,301,,,3,43,0B,00,,,,,
10.064568,,300,,,8,03,A5,64,5A,64,00,64,FC
10.06504,,301,,,3,B5,0C,00,,,,,
10.114574,,300,,,8,03,A5,64,5A,64,00,64,ED
10.115038,,301,,,3,4E,0D,00,,,,,
10.164577,,300,,,8,03,A5,64,5A,64,00,64,FE
10.165053,,301,,,3,1D,0E,00,,,,,
10.214583,,300,,,8,03,A5,64,5A,64,00,64,EF
10.215051,,301,,,3,E8,0F,00,,,,,
10.264591,,300,,,8,03,A5,64,5A,64,00,64,70
10.265063,,301,,,3,E2,00,00,,,,,
10.314592,,300,,,8,03,A5,64,5A,64,00,64,61
10.315056,,301,,,3,B3,01,00,,,,,
10.364601,,300,,,8,03,A5,64,5A,64,00,64,72
10.365065,,301,,,3,6B,02,00,,,,,
10.414603,,300,,,8,03,A5,64,5A,64,00,64,63
10.415067,,301,,,3,96,03,00,,,,,
10.464612,,300,,,8,03,A5,64,5A,64,00,64,74
10.465076,,301,,,3,03,04,00,,,,,
10.514615,,300,,,8,03,A5,64,5A,64,00,64,65
10.515079,,301,,,3,54,05,00,,,,,
10.565396,,300,,,8,03,A5,64,5A,64,00,64,76
10.565868,,301,,,3,F5,06,00,,,,,
10.615405,,300,,,8,03,A5,64,5A,64,00,64,67
10.615873,,301,,,3,B8,07,00,,,,,
10.664632,,300,,,8,03,A5,64,5A,64,00,64,F8
10.6651,,301,,,3,80,08,00,,,,,
10.714636,,300,,,8,03,A5,64,5A,64,00,64,E9
10.715104,,301,,,3,88,09,00,,,,,
10.764642,,300,,,8,03,A5,64,5A,64,00,64,FA
10.765111,,301,,,3,C6,0A,00,,,,,
10.814647,,300,,,8,03,A5,64,5A,64,00,64,EB
10.815111,,301,,,3,43,0B,00,,,,,
10.86465,,300,,,8,03,A5,64,5A,64,00,64,FC
10.865122,,301,,,3,B5,0C,00,,,,,
10.914658,,300,,,8,03,A5,64,5A,64,00,64,ED
10.915123,,301,,,3,4E,0D,00,,,,,
10.964662,,300,,,8,03,A5,64,5A,64,00,64,FE
10.965138,,301,,,3,1D,0E,00,,,,,
11.014668,,300,,,8,03,A5,64,5A,64,00,64,EF
11.015136,,301,,,3,E8,0F,00,,,,,
11.064671,,300,,,8,03,A5,64,5A,64,00,64,70
11.065144,,301,,,3,E2,00,00,,,,,
11.114679,,300,,,8,03,A5,64,5A,64,00,64,61
11.115143,,301,,,3,B3,01,00,,,,,
11.164683,,300,,,8,03,A5,64,5A,64,00,64,72
11.165147,,301,,,3,6B,02,00,,,,,
11.21469,,300,,,8,03,A5,64,5A,64,00,64,63
11.215154,,301,,,3,96,03,00,,,,,
11.264695,,300,,,8,03,A5,64,5A,64,00,64,74
11.265159,,301,,,3,03,04,00,,,,,
11.314697,,300,,,8,03,A5,64,5A,64,00,64,65
11.315161,,301,,,3,54,05,00,,,,,
11.364702,,300,,,8,03,A5,64,5A,64,00,64,76
11.365174,,301,,,3,F5,06,00,,,,,
11.414709,,300,,,8,03,A5,64,5A,64,00,64,67
11.415177,,301,,,3,B8,07,00,,,,,
11.464715,,300,,,8,03,A5,64,5A,64,00,64,F8
11.465183,,301,,,3,80,08,00,,,,,
11.514719,,300,,,8,03,A5,64,5A,64,00,64,E9
11.515187,,301,,,3,88,09,00,,,,,
11.565453,,300,,,8,03,A5,64,5A,64,00,64,FA
11.565921,,301,,,3,C6,0A,00,,,,,
11.592926,,404,,,2,4A,00,,,,,,
11.615508,,300,,,8,03,A5,64,5A,64,00,64,EB
11.615972,,301,,,3,43,0B,00,,,,,
11.623389,,404,,,2,02,30,,,,,,
11.654153,,404,,,2,44,00,,,,,,
11.664739,,300,,,8,03,A5,64,5A,64,00,64,FC
11.665211,,301,,,3,B5,0C,00,,,,,
11.690306,,404,,,2,01,00,,,,,,
11.714742,,300,,,8,03,A5,64,5A,64,00,64,ED
11.715206,,301,,,3,4E,0D,00,,,,,
11.716654,,404,,,2,A3,01,,,,,,
11.747908,,404,,,2,20,00,,,,,,
11.764747,,300,,,8,03,A5,64,5A,64,00,64,FE
11.765223,,301,,,3,1D,0E,00,,,,,
11.779308,,404,,,2,21,00,,,,,,
11.810218,,404,,,2,22,00,,,,,,
11.814752,,300,,,8,03,A5,64,5A,64,00,64,EF
11.81522,,301,,,3,E8,0F,00,,,,,
11.846693,,404,,,2,23,00,,,,,,
11.864756,,300,,,8,03,A5,64,5A,64,00,64,70
11.865228,,301,,,3,E2,00,00,,,,,
11.872773,,404,,,2,24,00,,,,,,
11.904076,,404,,,2,25,00,,,,,,
11.914761,,300,,,8,03,A5,64,5A,64,00,64,61
11.915225,,301,,,3,B3,01,00,,,,,
11.935217,,404,,,2,26,00,,,,,,
11.964766,,300,,,8,03,A5,64,5A,64,00,64,72
11.96523,,301,,,3,6B,02,00,,,,,
11.966458,,404,,,2,27,00,,,,,,
12.0026,,404,,,2,4C,00,,,,,,
12.01477,,300,,,8,03,A5,64,5A,64,00,64,63
12.015234,,301,,,3,96,03,00,,,,,
12.028964,,404,,,2,46,00,,,,,,
12.060226,,404,,,2,4D,00,,,,,,
12.064776,,300,,,8,03,A5,64,5A,64,00,64,74
12.06524,,301,,,3,03,04,00,,,,,
12.091466,,404,,,2,50,00,,,,,,
12.114782,,300,,,8,03,A5,64,5A,64,00,64,65
12.115246,,301,,,3,54,05,00,,,,,
12.122719,,404,,,2,02,00,,,,,,
12.159614,,404,,,2,0A,00,,,,,,
12.164787,,300,,,8,03,A5,64,5A,64,00,64,76
12.165259,,301,,,3,F5,06,00,,,,,
12.185229,,404,,,2,04,00,,,,,,
12.214793,,300,,,8,03,A5,64,5A,64,00,64,67
12.215261,,301,,,3,B8,07,00,,,,,
12.216473,,404,,,2,B0,01,,,,,,
12.247725,,404,,,2,B1,01,,,,,,
12.2648,,300,,,8,03,A5,64,5A,64,00,64,F8
12.265268,,301,,,3,80,08,00,,,,,
12.314802,,300,,,8,03,A5,64,5A,64,00,64,E9
12.31527,,301,,,3,88,09,00,,,,,
12.364809,,300,,,8,03,A5,64,5A,64,00,64,FA
12.365277,,301,,,3,C6,0A,00,,,,,
12.414815,,300,,,8,03,A5,64,5A,64,00,64,EB
12.415279,,301,,,3,43,0B,00,,,,,
12.464821,,300,,,8,03,A5,64,5A,64,00,64,FC
12.465293,,301,,,3,B5,0C,00,,,,,
12.514824,,300,,,8,03,A5,64,5A,64,00,64,ED
12.515288,,301,,,3,4E,0D,00,,,,,
12.565605,,300,,,8,03,A5,64,5A,64,00,64,FE
12.566081,,301,,,3,1D,0E,00,,,,,
12.61561,,300,,,8,03,A5,64,5A,64,00,64,EF
12.616078,,301,,,3,E8,0F,00,,,,,
12.66484,,300,,,8,03,A5,64,5A,64,00,64,70
12.665312,,301,,,3,E2,00,00,,,,,
12.714848,,300,,,8,03,A5,64,5A,64,00,64,61
12.715312,,301,,,3,B3,01,00,,,,,
12.764851,,300,,,8,03,A5,64,5A,64,00,64,72
12.765315,,301,,,3,6B,02,00,,,,,
12.814856,,300,,,8,03,A5,64,5A,64,00,64,63
12.81532,,301,,,3,96,03,00,,,,,
12.864862,,300,,,8,03,A5,64,5A,64,00,64,74
12.865326,,301,,,3,03,04,00,,,,,
12.914866,,300,,,8,03,A5,64,5A,64,00,64,65
12.91533,,301,,,3,54,05,00,,,,,
12.964869,,300,,,8,03,A5,64,5A,64,00,64,76
12.965341,,301,,,3,F5,06,00,,,,,
13.014875,,300,,,8,03,A5,64,5A,64,00,64,67
13.015343,,301,,,3,B8,07,00,,,,,
13.064883,,300,,,8,03,A5,64,5A,64,00,64,F8
13.065351,,301,,,3,80,08,00,,,,,
13.114885,,300,,,8,03,A5,64,5A,64,00,64,E9
13.115353,,301,,,3,88,09,00,,,,,
13.164894,,300,,,8,03,A5,64,5A,64,00,64,FA
13.165362,,301,,,3,C6,0A,00,,,,,
13.214897,,300,,,8,03,A5,64,5A,64,00,64,EB
13.215361,,301,,,3,43,0B,00,,,,,
13.264903,,300,,,8,03,A5,64,5A,64,00,64,FC
13.265375,,301,,,3,B5,0C,00,,,,,
13.314909,,300,,,8,03,A5,64,5A,64,00,64,ED
13.315373,,301,,,3,4E,0D,00,,,,,
13.364912,,300,,,8,03,A5,64,5A,64,00,64,FE
13.365388,,301,,,3,1D,0E,00,,,,,
13.414919,,300,,,8,03,A5,64,5A,64,00,64,EF
13.415387,,301,,,3,E8,0F,00,,,,,
13.464922,,300,,,8,03,A5,64,5A,64,00,64,70
13.465394,,301,,,3,E2,00,00,,,,,
13.51493,,300,,,8,03,A5,64,5A,64,00,64,61
13.515394,,301,,,3,B3,01,00,,,,,
13.564934,,300,,,8,03,A5,64,5A,64,00,64,72
13.565398,,301,,,3,6B,02,00,,,,,
13.615718,,300,,,8,03,A5,64,5A,64,00,64,63
13.616182,,301,,,3,96,03,00,,,,,
13.664948,,300,,,8,03,A5,64,5A,64,00,64,74
13.665412,,301,,,3,03,04,00,,,,,
13.714953,,300,,,8,03,A5,64,5A,64,00,64,65
13.715417,,301,,,3,54,05,00,,,,,
13.764954,,300,,,8,03,A5,64,5A,64,00,64,76
13.765426,,301,,,3,F5,06,00,,,,,
13.814959,,300,,,8,03,A5,64,5A,64,00,64,67
13.815427,,301,,,3,B8,07,00,,,,,
13.864964,,300,,,8,03,A5,64,5A,64,00,64,F8
13.865432,,301,,,3,80,08,00,,,,,
13.914969,,300,,,8,03,A5,64,5A,64,00,64,E9
13.915437,,301,,,3,88,09,00,,,,,
13.964975,,300,,,8,03,A5,64,5A,64,00,64,FA
13.965443,,301,,,3,C6,0A,00,,,,,
14.014981,,300,,,8,03,A5,64,5A,64,00,64,EB
14.015445,,301,,,3,43,0B,00,,,,,
14.065986,,300,,,8,03,A5,64,5A,64,00,64,FC
14.066458,,301,,,3,B5,0C,00,,,,,
14.115992,,300,,,8,03,A5,64,5A,64,00,64,ED
14.116456,,301,,,3,4E,0D,00,,,,,
14.166,,300,,,8,03,A5,64,5A,64,00,64,FE
14.166476,,301,,,3,1D,0E,00,,,,,
14.216005,,300,,,8,03,A5,64,5A,64,00,64,EF
14.216473,,301,,,3,E8,0F,00,,,,,
14.266009,,300,,,8,03,A5,64,5A,64,00,64,70
14.266481,,301,,,3,E2,00,00,,,,,
14.316015,,300,,,8,03,A5,64,5A,64,00,64,61
14.316479,,301,,,3,B3,01,00,,,,,
14.366018,,300,,,8,03,A5,64,5A,64,00,64,72
14.366482,,301,,,3,6B,02,00,,,,,
14.416025,,300,,,8,03,A5,64,5A,64,00,64,63
14.416489,,301,,,3,96,03,00,,,,,
14.466031,,300,,,8,03,A5,64,5A,64,00,64,74
14.466495,,301,,,3,03,04,00,,,,,
14.516034,,300,,,8,03,A5,64,5A,64,00,64,65
14.516498,,301,,,3,54,05,00,,,,,
14.566817,,300,,,8,03,A5,64,5A,64,00,64,76
14.567289,,301,,,3,F5,06,00,,,,,
14.616823,,300,,,8,03,A5,64,5A,64,00,64,67
14.617879,,301,,,3,B8,07,00,,,,,
14.66605,,300,,,8,03,A5,64,5A,64,00,64,F8
14.666518,,301,,,3,80,08,00,,,,,
14.716055,,300,,,8,03,A5,64,5A,64,00,64,E9
14.716523,,301,,,3,88,09,00,,,,,
14.766061,,300,,,8,03,A5,64,5A,64,00,64,FA
14.766529,,301,,,3,C6,0A,00,,,,,
14.816065,,300,,,8,03,A5,64,5A,64,00,64,EB
14.816529,,301,,,3,43,0B,00,,,,,
14.866073,,300,,,8,03,A5,64,5A,64,00,64,FC
14.866545,,301,,,3,B5,0C,00,,,,,
14.916078,,300,,,8,03,A5,64,5A,64,00,64,ED
14.916542,,301,,,3,4E,0D,00,,,,,
14.966081,,300,,,8,03,A5,64,5A,64,00,64,FE
14.966557,,301,,,3,1D,0E,00,,,,,
15.016087,,300,,,8,03,A5,64,5A,64,00,64,EF
15.016555,,301,,,3,E8,0F,00,,,,,
15.066092,,300,,,8,03,A5,64,5A,64,00,64,70
15.066564,,301,,,3,E2,00,00,,,,,
15.116096,,300,,,8,03,A5,64,5A,64,00,64,61
15.11656,,301,,,3,B3,01,00,,,,,
15.166105,,300,,,8,03,A5,64,5A,64,00,64,72
15.166569,,301,,,3,6B,02,00,,,,,
15.216108,,300,,,8,03,A5,64,5A,64,00,64,63
15.216572,,301,,,3,96,03,00,,,,,
15.266113,,300,,,8,03,A5,64,5A,64,00,64,74
15.266577,,301,,,3,03,04,00,,,,,
15.316117,,300,,,8,03,A5,64,5A,64,00,64,65
15.316581,,301,,,3,54,05,00,,,,,
15.366124,,300,,,8,03,A5,64,5A,64,00,64,76
15.366596,,301,,,3,F5,06,00,,,,,
15.416127,,300,,,8,03,A5,64,5A,64,00,64,67
15.416595,,301,,,3,B8,07,00,,,,,
15.466133,,300,,,8,03,A5,64,5A,64,00,64,F8
15.466601,,301,,,3,80,08,00,,,,,
15.516141,,300,,,8,03,A5,64,5A,64,00,64,E9
15.516609,,301,,,3,88,09,00,,,,,
15.566921,,300,,,8,03,A5,64,5A,64,00,64,FA
15.567389,,301,,,3,C6,0A,00,,,,,
15.616926,,300,,,8,03,A5,64,5A,64,00,64,EB
15.617986,,301,,,3,43,0B,00,,,,,
15.666157,,300,,,8,03,A5,64,5A,64,00,64,FC
15.666629,,301,,,3,B5,0C,00,,,,,
15.716162,,300,,,8,03,A5,64,5A,64,00,64,ED
15.716626,,301,,,3,4E,0D,00,,,,,
15.766166,,300,,,8,03,A5,64,5A,64,00,64,FE
15.766642,,301,,,3,1D,0E,00,,,,,
15.816172,,300,,,8,03,A5,64,5A,64,00,64,EF
15.81664,,301,,,3,E8,0F,00,,,,,
15.866177,,300,,,8,03,A5,64,5A,64,00,64,70
15.866649,,301,,,3,E2,00,00,,,,,
15.916179,,300,,,8,03,A5,64,5A,64,00,64,61
15.916643,,301,,,3,B3,01,00,,,,,
15.966185,,300,,,8,03,A5,64,5A,64,00,64,72
15.966649,,301,,,3,6B,02,00,,,,,
16.016191,,300,,,8,03,A5,64,5A,64,00,64,63
16.016655,,301,,,3,96,03,00,,,,,
16.066198,,300,,,8,03,A5,64,5A,64,00,64,74
16.066662,,301,,,3,03,04,00,,,,,
16.1162,,300,,,8,03,A5,64,5A,64,00,64,65
16.116664,,301,,,3,54,05,00,,,,,
16.166208,,300,,,8,03,A5,64,5A,64,00,64,76
16.16668,,301,,,3,F5,06,00,,,,,
16.216212,,300,,,8,03,A5,64,5A,64,00,64,67
16.21668,,301,,,3,B8,07,00,,,,,
16.266219,,300,,,8,03,A5,64,5A,64,00,64,F8
16.266687,,301,,,3,80,08,00,,,,,
16.316222,,300,,,8,03,A5,64,5A,64,00,64,E9
16.31669,,301,,,3,88,09,00,,,,,
16.366226,,300,,,8,03,A5,64,5A,64,00,64,FA
16.366694,,301,,,3,C6,0A,00,,,,,
16.416235,,300,,,8,03,A5,64,5A,64,00,64,EB
16.416699,,301,,,3,43,0B,00,,,,,
16.466239,,300,,,8,03,A5,64,5A,64,00,64,FC
16.466711,,301,,,3,B5,0C,00,,,,,
16.516244,,300,,,8,03,A5,64,5A,64,00,64,ED
16.516708,,301,,,3,4E,0D,00,,,,,
16.567025,,300,,,8,03,A5,64,5A,64,00,64,FE
16.567501,,301,,,3,1D,0E,00,,,,,
16.61693,,300,,,8,03,A5,64,5A,64,00,64,EF
16.618294,,301,,,3,E8,0F,00,,,,,
16.666263,,300,,,8,03,A5,64,5A,64,00,64,70
16.666735,,301,,,3,E2,00,00,,,,,
16.716509,,300,,,8,03,A5,64,5A,64,00,64,61
16.716973,,301,,,3,B3,01,00,,,,,
16.76627,,300,,,8,03,A5,64,5A,64,00,64,72
16.766734,,301,,,3,6B,02,00,,,,,
16.816276,,300,,,8,03,A5,64,5A,64,00,64,63
16.81674,,301,,,3,96,03,00,,,,,
16.866282,,300,,,8,03,A5,64,5A,64,00,64,74
16.866746,,301,,,3,03,04,00,,,,,
16.916453,,300,,,8,03,A5,64,5A,64,00,64,65
16.916917,,301,,,3,54,05,00,,,,,
16.966292,,300,,,8,03,A5,64,5A,64,00,64,76
16.966764,,301,,,3,F5,06,00,,,,,
17.016711,,300,,,8,03,A5,64,5A,64,00,64,67
17.017179,,301,,,3,B8,07,00,,,,,
17.0663,,300,,,8,03,A5,64,5A,64,00,64,F8
17.066768,,301,,,3,80,08,00,,,,,
17.116308,,300,,,8,03,A5,64,5A,64,00,64,E9
17.116776,,301,,,3,88,09,00,,,,,
17.166314,,300,,,8,03,A5,64,5A,64,00,64,FA
17.166782,,301,,,3,C6,0A,00,,,,,
17.216316,,300,,,8,03,A5,64,5A,64,00,64,EB
17.21678,,301,,,3,43,0B,00,,,,,
17.266321,,300,,,8,03,A5,64,5A,64,00,64,FC
17.266793,,301,,,3,B5,0C,00,,,,,
17.316327,,300,,,8,03,A5,64,5A,64,00,64,ED
17.316791,,301,,,3,4E,0D,00,,,,,
17.366332,,300,,,8,03,A5,64,5A,64,00,64,FE
17.366808,,301,,,3,1D,0E,00,,,,,
17.416339,,300,,,8,03,A5,64,5A,64,00,64,EF
17.416807,,301,,,3,E8,0F,00,,,,,
17.466341,,300,,,8,03,A5,64,5A,64,00,64,70
17.466813,,301,,,3,E2,00,00,,,,,
17.516347,,300,,,8,03,A5,64,5A,64,00,64,61
17.516811,,301,,,3,B3,01,00,,,,,
17.567129,,300,,,8,03,A5,64,5A,64,00,64,72
17.567593,,301,,,3,6B,02,00,,,,,
17.617135,,300,,,8,03,A5,64,5A,64,00,64,63
17.617599,,301,,,3,96,03,00,,,,,
17.666366,,300,,,8,03,A5,64,5A,64,00,64,74
17.66683,,301,,,3,03,04,00,,,,,
17.716368,,300,,,8,03,A5,64,5A,64,00,64,65
17.716832,,301,,,3,54,05,00,,,,,
17.766374,,300,,,8,03,A5,64,5A,64,00,64,76
17.766846,,301,,,3,F5,06,00,,,,,
17.81638,,300,,,8,03,A5,64,5A,64,00,64,67
17.816848,,301,,,3,B8,07,00,,,,,
17.866386,,300,,,8,03,A5,64,5A,64,00,64,F8
17.866854,,301,,,3,80,08,00,,,,,
17.916389,,300,,,8,03,A5,64,5A,64,00,64,E9
17.916857,,301,,,3,88,09,00,,,,,
17.966396,,300,,,8,03,A5,64,5A,64,00,64,FA
17.966864,,301,,,3,C6,0A,00,,,,,
18.016402,,300,,,8,03,A5,64,5A,64,00,64,EB
18.016866,,301,,,3,43,0B,00,,,,,
18.066407,,300,,,8,03,A5,64,5A,64,00,64,FC
18.066879,,301,,,3,B5,0C,00,,,,,
18.116411,,300,,,8,03,A5,64,5A,64,00,64,ED
18.116875,,301,,,3,4E,0D,00,,,,,
18.166416,,300,,,8,03,A5,64,5A,64,00,64,FE
18.166892,,301,,,3,1D,0E,00,,,,,
18.216423,,300,,,8,03,A5,64,5A,64,00,64,EF
18.216891,,301,,,3,E8,0F,00,,,,,
18.266425,,300,,,8,03,A5,64,5A,64,00,64,70
18.266897,,301,,,3,E2,00,00,,,,,
18.316431,,300,,,8,03,A5,64,5A,64,00,64,61
18.316895,,301,,,3,B3,01,00,,,,,
18.366439,,300,,,8,03,A5,64,5A,64,00,64,72
18.366903,,301,,,3,6B,02,00,,,,,
18.416441,,300,,,8,03,A5,64,5A,64,00,64,63
18.416905,,301,,,3,96,03,00,,,,,
18.466449,,300,,,8,03,A5,64,5A,64,00,64,74
18.466913,,301,,,3,03,04,00,,,,,
18.516452,,300,,,8,03,A5,64,5A,64,00,64,65
18.516916,,301,,,3,54,05,00,,,,,
18.567144,,300,,,8,03,A5,64,5A,64,00,64,76
18.567616,,301,,,3,F5,06,00,,,,,
18.617241,,300,,,8,03,A5,64,5A,64,00,64,67
18.617709,,301,,,3,B8,07,00,,,,,
18.66647,,300,,,8,03,A5,64,5A,64,00,64,F8
18.666938,,301,,,3,80,08,00,,,,,
18.716477,,300,,,8,03,A5,64,5A,64,00,64,E9
18.716945,,301,,,3,88,09,00,,,,,
18.76648,,300,,,8,03,A5,64,5A,64,00,64,FA
18.766948,,301,,,3,C6,0A,00,,,,,
18.816483,,300,,,8,03,A5,64,5A,64,00,64,EB
18.816947,,301,,,3,43,0B,00,,,,,
18.866491,,300,,,8,03,A5,64,5A,64,00,64,FC
18.866963,,301,,,3,B5,0C,00,,,,,
18.916494,,300,,,8,03,A5,64,5A,64,00,64,ED
18.916958,,301,,,3,4E,0D,00,,,,,
18.9665,,300,,,8,03,A5,64,5A,64,00,64,FE
18.966976,,301,,,3,1D,0E,00,,,,,
19.016506,,300,,,8,03,A5,64,5A,64,00,64,EF
19.016974,,301,,,3,E8,0F,00,,,,,
19.066509,,300,,,8,03,A5,64,5A,64,00,64,70
19.066981,,301,,,3,E2,00,00,,,,,
19.116517,,300,,,8,03,A5,64,5A,64,00,64,61
19.116981,,301,,,3,B3,01,00,,,,,
19.16652,,300,,,8,03,A5,64,5A,64,00,64,72
19.166984,,301,,,3,6B,02,00,,,,,
19.216527,,300,,,8,03,A5,64,5A,64,00,64,63
19.216991,,301,,,3,96,03,00,,,,,
19.266532,,300,,,8,03,A5,64,5A,64,00,64,74
19.266996,,301,,,3,03,04,00,,,,,
19.316534,,300,,,8,03,A5,64,5A,64,00,64,65
19.316998,,301,,,3,54,05,00,,,,,
19.36654,,300,,,8,03,A5,64,5A,64,00,64,76
19.367012,,301,,,3,F5,06,00,,,,,
19.416546,,300,,,8,03,A5,64,5A,64,00,64,67
19.417014,,301,,,3,B8,07,00,,,,,
19.466552,,300,,,8,03,A5,64,5A,64,00,64,F8
19.46702,,301,,,3,80,08,00,,,,,
19.516559,,300,,,8,03,A5,64,5A,64,00,64,E9
19.517027,,301,,,3,88,09,00,,,,,
19.567341,,300,,,8,03,A5,64,5A,64,00,64,FA
19.567809,,301,,,3,C6,0A,00,,,,,
19.592912,,404,,,2,4A,00,,,,,,
19.617345,,300,,,8,03,A5,64,5A,64,00,64,EB
19.618401,,301,,,3,43,0B,00,,,,,
19.623349,,404,,,2,02,30,,,,,,
19.659484,,404,,,2,44,00,,,,,,
19.666574,,300,,,8,03,A5,64,5A,64,00,64,FC
19.667046,,301,,,3,B5,0C,00,,,,,
19.68566,,404,,,2,01,00,,,,,,
19.71658,,300,,,8,03,A5,64,5A,64,00,64,ED
19.717044,,301,,,3,4E,0D,00,,,,,
19.717348,,404,,,2,A3,01,,,,,,
19.748152,,404,,,2,20,00,,,,,,
19.766583,,300,,,8,03,A5,64,5A,64,00,64,FE
19.767059,,301,,,3,1D,0E,00,,,,,
19.779405,,404,,,2,21,00,,,,,,
19.816344,,404,,,2,22,00,,,,,,
19.816612,,300,,,8,03,A5,64,5A,64,00,64,EF
19.81708,,301,,,3,E8,0F,00,,,,,
19.841906,,404,,,2,23,00,,,,,,
19.866592,,300,,,8,03,A5,64,5A,64,00,64,70
19.867064,,301,,,3,E2,00,00,,,,,
19.873185,,404,,,2,24,00,,,,,,
19.904413,,404,,,2,25,00,,,,,,
19.916598,,300,,,8,03,A5,64,5A,64,00,64,61
19.917062,,301,,,3,B3,01,00,,,,,
19.935667,,404,,,2,26,00,,,,,,
19.966603,,300,,,8,03,A5,64,5A,64,00,64,72
19.967067,,301,,,3,6B,02,00,,,,,
19.971912,,404,,,2,27,00,,,,,,
19.998164,,404,,,2,4C,00,,,,,,
20.016611,,300,,,8,03,A5,64,5A,64,00,64,63
20.017075,,301,,,3,96,03,00,,,,,
20.029417,,404,,,2,46,00,,,,,,
20.060667,,404,,,2,4D,00,,,,,,
20.066613,,300,,,8,03,A5,64,5A,64,00,64,74
20.067077,,301,,,3,03,04,00,,,,,
20.09196,,404,,,2,50,00,,,,,,
20.116619,,300,,,8,03,A5,64,5A,64,00,64,65
20.117083,,301,,,3,54,05,00,,,,,
20.128458,,404,,,2,02,00,,,,,,
20.154428,,404,,,2,0A,00,,,,,,
20.166627,,300,,,8,03,A5,64,5A,64,00,64,76
20.167099,,301,,,3,F5,06,00,,,,,
20.185685,,404,,,2,04,00,,,,,,
20.216629,,300,,,8,03,A5,64,5A,64,00,64,67
20.217097,,301,,,3,B8,07,00,,,,,
20.217397,,404,,,2,B0,01,,,,,,
20.248181,,404,,,2,B1,01,,,,,,
20.266636,,300,,,8,03,A5,64,5A,64,00,64,F8
20.267104,,301,,,3,80,08,00,,,,,
20.316643,,300,,,8,03,A5,64,5A,64,00,64,E9
20.317111,,301,,,3,88,09,00,,,,,
20.366645,,300,,,8,03,A5,64,5A,64,00,64,FA
20.367113,,301,,,3,C6,0A,00,,,,,
20.416652,,300,,,8,03,A5,64,5A,64,00,64,EB
20.417116,,301,,,3,43,0B,00,,,,,
20.466657,,300,,,8,03,A5,64,5A,64,00,64,FC
20.467129,,301,,,3,B5,0C,00,,,,,
20.516663,,300,,,8,03,A5,64,5A,64,00,64,ED
20.517128,,301,,,3,4E,0D,00,,,,,
20.567445,,300,,,8,03,A5,64,5A,64,00,64,FE
20.567921,,301,,,3,1D,0E,00,,,,,
20.617448,,300,,,8,03,A5,64,5A,64,00,64,EF
20.618508,,301,,,3,E8,0F,00,,,,,
20.666676,,300,,,8,03,A5,64,5A,64,00,64,70
20.667149,,301,,,3,E2,00,00,,,,,
20.716683,,300,,,8,03,A5,64,5A,64,00,64,61
20.717147,,301,,,3,B3,01,00,,,,,
20.76669,,300,,,8,03,A5,64,5A,64,00,64,72
20.767154,,301,,,3,6B,02,00,,,,,
20.816692,,300,,,8,03,A5,64,5A,64,00,64,63
20.817156,,301,,,3,96,03,00,,,,,
20.866696,,300,,,8,03,A5,64,5A,64,00,64,74
20.86716,,301,,,3,03,04,00,,,,,
20.916703,,300,,,8,03,A5,64,5A,64,00,64,65
20.917167,,301,,,3,54,05,00,,,,,
20.966708,,300,,,8,03,A5,64,5A,64,00,64,76
20.96718,,301,,,3,F5,06,00,,,,,
21.016715,,300,,,8,03,A5,64,5A,64,00,64,67
21.017183,,301,,,3,B8,07,00,,,,,
21.066719,,300,,,8,03,A5,64,5A,64,00,64,F8
21.067187,,301,,,3,80,08,00,,,,,
21.116723,,300,,,8,03,A5,64,5A,64,00,64,E9
21.117191,,301,,,3,88,09,00,,,,,
21.166731,,300,,,8,03,A5,64,5A,64,00,64,FA
21.167199,,301,,,3,C6,0A,00,,,,,
21.216733,,300,,,8,03,A5,64,5A,64,00,64,EB
21.217197,,301,,,3,43,0B,00,,,,,
21.266741,,300,,,8,03,A5,64,5A,64,00,64,FC
21.267213,,301,,,3,B5,0C,00,,,,,
21.316743,,300,,,8,03,A5,64,5A,64,00,64,ED
21.317207,,301,,,3,4E,0D,00,,,,,
21.366749,,300,,,8,03,A5,64,5A,64,00,64,FE
21.367225,,301,,,3,1D,0E,00,,,,,
21.416756,,300,,,8,03,A5,64,5A,64,00,64,EF
21.417224,,301,,,3,E8,0F,00,,,,,
21.466761,,300,,,8,03,A5,64,5A,64,00,64,70
21.467233,,301,,,3,E2,00,00,,,,,
21.516767,,300,,,8,03,A5,64,5A,64,00,64,61
21.517231,,301,,,3,B3,01,00,,,,,
21.56755,,300,,,8,03,A5,64,5A,64,00,64,72
21.568014,,301,,,3,6B,02,00,,,,,
21.617552,,300,,,8,03,A5,64,5A,64,00,64,63
21.618612,,301,,,3,96,03,00,,,,,
21.666783,,300,,,8,03,A5,64,5A,64,00,64,74
21.667247,,301,,,3,03,04,00,,,,,
21.716786,,300,,,8,03,A5,64,5A,64,00,64,65
21.71725,,301,,,3,54,05,00,,,,,
21.766791,,300,,,8,03,A5,64,5A,64,00,64,76
21.767263,,301,,,3,F5,06,00,,,,,
21.816798,,300,,,8,03,A5,64,5A,64,00,64,67
21.817266,,301,,,3,B8,07,00,,,,,
21.866803,,300,,,8,03,A5,64,5A,64,00,64,F8
21.867271,,301,,,3,80,08,00,,,,,
21.916809,,300,,,8,03,A5,64,5A,64,00,64,E9
21.917277,,301,,,3,88,09,00,,,,,
21.966812,,300,,,8,03,A5,64,5A,64,00,64,FA
21.96728,,301,,,3,C6,0A,00,,,,,
22.016819,,300,,,8,03,A5,64,5A,64,00,64,EB
22.017283,,301,,,3,43,0B,00,,,,,
22.066825,,300,,,8,03,A5,64,5A,64,00,64,FC
22.067297,,301,,,3,B5,0C,00,,,,,
22.11683,,300,,,8,03,A5,64,5A,64,00,64,ED
22.117294,,301,,,3,4E,0D,00,,,,,
22.166833,,300,,,8,03,A5,64,5A,64,00,64,FE
22.167309,,301,,,3,1D,0E,00,,,,,
22.21684,,300,,,8,03,A5,64,5A,64,00,64,EF
22.217308,,301,,,3,E8,0F,00,,,,,
22.266844,,300,,,8,03,A5,64,5A,64,00,64,70
22.267316,,301,,,3,E2,00,00,,,,,
22.316851,,300,,,8,03,A5,64,5A,64,00,64,61
22.317315,,301,,,3,B3,01,00,,,,,
22.366856,,300,,,8,03,A5,64,5A,64,00,64,72
22.36732,,301,,,3,6B,02,00,,,,,
22.416859,,300,,,8,03,A5,64,5A,64,00,64,63
22.417323,,301,,,3,96,03,00,,,,,
22.466866,,300,,,8,03,A5,64,5A,64,00,64,74
22.46733,,301,,,3,03,04,00,,,,,
22.516869,,300,,,8,03,A5,64,5A,64,00,64,65
22.517333,,301,,,3,54,05,00,,,,,
22.567652,,300,,,8,03,5A,64,5A,64,00,64,36
22.56812,,301,,,3,F5,06,00,,,,,
22.617658,,300,,,8,03,5A,64,5A,64,00,64,27
22.618718,,301,,,3,B8,07,00,,,,,
22.666886,,300,,,8,03,5A,64,5A,64,00,64,B8
22.667354,,301,,,3,80,08,00,,,,,
22.716893,,300,,,8,03,5A,64,5A,64,00,64,A9
22.717361,,301,,,3,88,09,00,,,,,
22.766898,,300,,,8,03,5A,64,5A,64,00,64,BA
22.767362,,301,,,3,C6,0A,00,,,,,
22.8169,,300,,,8,03,5A,64,5A,64,00,64,AB
22.817364,,301,,,3,43,0B,00,,,,,
22.866909,,300,,,8,03,5A,64,5A,64,00,64,BC
22.867373,,301,,,3,B5,0C,00,,,,,
22.916912,,300,,,8,03,5A,64,5A,64,00,64,AD
22.917376,,301,,,3,4E,0D,00,,,,,
22.966918,,300,,,8,03,5A,64,5A,64,00,64,BE
22.967386,,301,,,3,1D,0E,00,,,,,
23.016924,,300,,,8,03,5A,64,5A,64,00,64,AF
23.017388,,301,,,3,E8,0F,00,,,,,
23.066928,,300,,,8,03,5A,64,5A,64,00,64,30
23.0674,,301,,,3,E2,00,00,,,,,
23.116933,,300,,,8,03,5A,64,5A,64,00,64,21
23.117405,,301,,,3,B3,01,00,,,,,
23.166939,,300,,,8,03,5A,64,5A,64,00,64,32
23.167403,,301,,,3,6B,02,00,,,,,
23.216946,,300,,,8,03,5A,64,5A,64,00,64,23
23.21741,,301,,,3,96,03,00,,,,,
23.266949,,300,,,8,03,5A,64,5A,64,00,64,34
23.267413,,301,,,3,03,04,00,,,,,
23.316956,,300,,,8,03,5A,64,5A,64,00,64,25
23.31742,,301,,,3,54,05,00,,,,,
23.366961,,300,,,8,03,5A,64,5A,64,00,64,36
23.367429,,301,,,3,F5,06,00,,,,,
23.416964,,300,,,8,03,5A,64,5A,64,00,64,27
23.417432,,301,,,3,B8,07,00,,,,,
23.466969,,300,,,8,03,5A,64,5A,64,00,64,B8
23.467437,,301,,,3,80,08,00,,,,,
23.516976,,300,,,8,03,5A,64,5A,64,00,64,A9
23.517444,,301,,,3,88,09,00,,,,,
23.567606,,300,,,8,03,5A,64,5A,64,00,64,BA
23.56829,,301,,,3,C6,0A,00,,,,,
23.617764,,300,,,8,03,5A,64,5A,64,00,64,AB
23.618228,,301,,,3,43,0B,00,,,,,
23.666994,,300,,,8,03,5A,64,5A,64,00,64,BC
23.667458,,301,,,3,B5,0C,00,,,,,
23.716997,,300,,,8,03,5A,64,5A,64,00,64,AD
23.717461,,301,,,3,4E,0D,00,,,,,
23.767002,,300,,,8,03,5A,64,5A,64,00,64,BE
23.76747,,301,,,3,1D,0E,00,,,,,
23.817005,,300,,,8,03,5A,64,5A,64,00,64,AF
23.817469,,301,,,3,E8,0F,00,,,,,
23.867011,,300,,,8,03,5A,64,5A,64,00,64,30
23.867483,,301,,,3,E2,00,00,,,,,
23.917017,,300,,,8,03,5A,64,5A,64,00,64,21
23.91749,,301,,,3,B3,01,00,,,,,
23.967023,,300,,,8,03,5A,64,5A,64,00,64,32
23.967487,,301,,,3,6B,02,00,,,,,
24.017026,,300,,,8,03,5A,64,5A,64,00,64,23
24.01749,,301,,,3,96,03,00,,,,,
24.067032,,300,,,8,03,5A,64,5A,64,00,64,34
24.067496,,301,,,3,03,04,00,,,,,
24.117037,,300,,,8,03,5A,64,5A,64,00,64,25
24.117501,,301,,,3,54,05,00,,,,,
24.167045,,300,,,8,03,5A,64,5A,64,00,64,36
24.167513,,301,,,3,F5,06,00,,,,,
24.217048,,300,,,8,03,5A,64,5A,64,00,64,27
24.217516,,301,,,3,B8,07,00,,,,,
24.267055,,300,,,8,03,5A,64,5A,64,00,64,B8
24.267523,,301,,,3,80,08,00,,,,,
24.317058,,300,,,8,03,5A,64,5A,64,00,64,A9
24.317526,,301,,,3,88,09,00,,,,,
24.367066,,300,,,8,03,5A,64,5A,64,00,64,BA
24.36753,,301,,,3,C6,0A,00,,,,,
24.417068,,300,,,8,03,5A,64,5A,64,00,64,AB
24.417533,,301,,,3,43,0B,00,,,,,
24.467075,,300,,,8,03,5A,64,5A,64,00,64,BC
24.467539,,301,,,3,B5,0C,00,,,,,
24.517078,,300,,,8,03,5A,64,5A,64,00,64,AD
24.517542,,301,,,3,4E,0D,00,,,,,
24.567863,,300,,,8,03,5A,64,5A,64,00,64,BE
24.568331,,301,,,3,1D,0E,00,,,,,
24.618807,,300,,,8,03,5A,64,5A,64,00,64,AF
24.619271,,301,,,3,E8,0F,00,,,,,
24.667096,,300,,,8,03,5A,64,5A,64,00,64,30
24.667568,,301,,,3,E2,00,00,,,,,
24.717103,,300,,,8,03,5A,64,5A,64,00,64,21
24.717575,,301,,,3,B3,01,00,,,,,
24.767105,,300,,,8,03,5A,64,5A,64,00,64,32
24.767569,,301,,,3,6B,02,00,,,,,
24.817112,,300,,,8,03,5A,64,5A,64,00,64,23
24.817576,,301,,,3,96,03,00,,,,,
24.867116,,300,,,8,03,5A,64,5A,64,00,64,34
24.86758,,301,,,3,03,04,00,,,,,
24.917123,,300,,,8,03,5A,64,5A,64,00,64,25
24.917587,,301,,,3,54,05,00,,,,,
24.967128,,300,,,8,03,5A,64,5A,64,00,64,36
24.967596,,301,,,3,F5,06,00,,,,,
25.017131,,300,,,8,03,5A,64,5A,64,00,64,27
25.017599,,301,,,3,B8,07,00,,,,,
25.067136,,300,,,8,03,5A,64,5A,64,00,64,B8
25.067604,,301,,,3,80,08,00,,,,,
25.118141,,300,,,8,03,5A,64,5A,64,00,64,A9
25.118609,,301,,,3,88,09,00,,,,,
25.168148,,300,,,8,03,5A,64,5A,64,00,64,BA
25.168612,,301,,,3,C6,0A,00,,,,,
25.218151,,300,,,8,03,5A,64,5A,64,00,64,AB
25.218615,,301,,,3,43,0B,00,,,,,
25.268158,,300,,,8,03,5A,64,5A,64,00,64,BC
25.268622,,301,,,3,B5,0C,00,,,,,
25.318161,,300,,,8,03,5A,64,5A,64,00,64,AD
25.318625,,301,,,3,4E,0D,00,,,,,
25.368166,,300,,,8,03,5A,64,5A,64,00,64,BE
25.368634,,301,,,3,1D,0E,00,,,,,
25.418172,,300,,,8,03,5A,64,5A,64,00,64,AF
25.418636,,301,,,3,E8,0F,00,,,,,
25.468181,,300,,,8,03,5A,64,5A,64,00,64,30
25.468653,,301,,,3,E2,00,00,,,,,
25.518183,,300,,,8,03,5A,64,5A,64,00,64,21
25.518655,,301,,,3,B3,01,00,,,,,
25.568965,,300,,,8,03,5A,64,5A,64,00,64,32
25.569429,,301,,,3,6B,02,00,,,,,
25.619288,,300,,,8,03,5A,64,5A,64,00,64,23
25.619752,,301,,,3,96,03,00,,,,,
25.669203,,300,,,8,03,5A,64,5A,64,00,64,34
25.669667,,301,,,3,03,04,00,,,,,
25.719206,,300,,,8,03,5A,64,5A,64,00,64,25
25.71967,,301,,,3,54,05,00,,,,,
25.769211,,300,,,8,03,5A,64,5A,64,00,64,36
25.769679,,301,,,3,F5,06,00,,,,,
25.819218,,300,,,8,03,5A,64,5A,64,00,64,27
25.819686,,301,,,3,B8,07,00,,,,,
25.869221,,300,,,8,03,5A,64,5A,64,00,64,B8
25.869689,,301,,,3,80,08,00,,,,,
25.919228,,300,,,8,03,5A,64,5A,64,00,64,A9
25.919696,,301,,,3,88,09,00,,,,,
25.969232,,300,,,8,03,5A,64,5A,64,00,64,BA
25.969696,,301,,,3,C6,0A,00,,,,,
26.019238,,300,,,8,03,5A,64,5A,64,00,64,AB
26.019702,,301,,,3,43,0B,00,,,,,
26.069243,,300,,,8,03,5A,64,5A,64,00,64,BC
26.069707,,301,,,3,B5,0C,00,,,,,
26.11944,,300,,,8,03,5A,64,5A,64,00,64,AD
26.119904,,301,,,3,4E,0D,00,,,,,
26.169251,,300,,,8,03,5A,64,5A,64,00,64,BE
26.169719,,301,,,3,1D,0E,00,,,,,
26.219257,,300,,,8,03,5A,64,5A,64,00,64,AF
26.219721,,301,,,3,E8,0F,00,,,,,
26.269262,,300,,,8,03,5A,64,5A,64,00,64,30
26.269734,,301,,,3,E2,00,00,,,,,
26.319268,,300,,,8,03,5A,64,5A,64,00,64,21
26.31974,,301,,,3,B3,01,00,,,,,
26.369272,,300,,,8,03,5A,64,5A,64,00,64,32
26.369736,,301,,,3,6B,02,00,,,,,
26.419278,,300,,,8,03,5A,64,5A,64,00,64,23
26.419742,,301,,,3,96,03,00,,,,,
26.469282,,300,,,8,03,5A,64,5A,64,00,64,34
26.469746,,301,,,3,03,04,00,,,,,
26.519289,,300,,,8,03,5A,64,5A,64,00,64,25
26.519753,,301,,,3,54,05,00,,,,,
26.570072,,300,,,8,03,5A,64,5A,64,00,64,36
26.57054,,301,,,3,F5,06,00,,,,,
26.619338,,300,,,8,03,5A,64,5A,64,00,64,27
26.619806,,301,,,3,B8,07,00,,,,,
26.669305,,300,,,8,03,5A,64,5A,64,00,64,B8
26.669773,,301,,,3,80,08,00,,,,,
26.719311,,300,,,8,03,5A,64,5A,64,00,64,A9
26.719779,,301,,,3,88,09,00,,,,,
26.769316,,300,,,8,03,5A,64,5A,64,00,64,BA
26.769781,,301,,,3,C6,0A,00,,,,,
26.819319,,300,,,8,03,5A,64,5A,64,00,64,AB
26.819783,,301,,,3,43,0B,00,,,,,
26.869325,,300,,,8,03,5A,64,5A,64,00,64,BC
26.869789,,301,,,3,B5,0C,00,,,,,
26.919335,,300,,,8,03,5A,64,5A,64,00,64,AD
26.9198,,301,,,3,4E,0D,00,,,,,
26.969334,,300,,,8,03,5A,64,5A,64,00,64,BE
26.969802,,301,,,3,1D,0E,00,,,,,
27.019341,,300,,,8,03,5A,64,5A,64,00,64,AF
27.019805,,301,,,3,E8,0F,00,,,,,
27.069345,,300,,,8,03,5A,64,5A,64,00,64,30
27.069818,,301,,,3,E2,00,00,,,,,
27.119352,,300,,,8,03,5A,64,5A,64,00,64,21
27.119824,,301,,,3,B3,01,00,,,,,
27.169358,,300,,,8,03,5A,64,5A,64,00,64,32
27.169822,,301,,,3,6B,02,00,,,,,
27.219361,,300,,,8,03,5A,64,5A,64,00,64,23
27.219825,,301,,,3,96,03,00,,,,,
27.269366,,300,,,8,03,5A,64,5A,64,00,64,34
27.26983,,301,,,3,03,04,00,,,,,
27.319372,,300,,,8,03,5A,64,5A,64,00,64,25
27.319836,,301,,,3,54,05,00,,,,,
27.369376,,300,,,8,03,5A,64,5A,64,00,64,36
27.369845,,301,,,3,F5,06,00,,,,,
27.419383,,300,,,8,03,5A,64,5A,64,00,64,27
27.419851,,301,,,3,B8,07,00,,,,,
27.46939,,300,,,8,03,5A,64,5A,64,00,64,B8
27.469858,,301,,,3,80,08,00,,,,,
27.519392,,300,,,8,03,5A,64,5A,64,00,64,A9
27.51986,,301,,,3,88,09,00,,,,,
27.570177,,300,,,8,03,5A,64,5A,64,00,64,BA
27.570641,,301,,,3,C6,0A,00,,,,,
27.593748,,404,,,2,4A,00,,,,,,
27.619406,,300,,,8,03,5A,64,5A,64,00,64,AB
27.61987,,301,,,3,43,0B,00,,,,,
27.628726,,404,,,2,02,30,,,,,,
27.655062,,404,,,2,44,00,,,,,,
27.669409,,300,,,8,03,5A,64,5A,64,00,64,BC
27.669873,,301,,,3,B5,0C,00,,,,,
27.686323,,404,,,2,01,00,,,,,,
27.717564,,404,,,2,A3,01,,,,,,
27.719417,,300,,,8,03,5A,64,5A,64,00,64,AD
27.719881,,301,,,3,4E,0D,00,,,,,
27.748816,,404,,,2,20,00,,,,,,
27.769418,,300,,,8,03,5A,64,5A,64,00,64,BE
27.769886,,301,,,3,1D,0E,00,,,,,
27.785416,,404,,,2,21,00,,,,,,
27.811141,,404,,,2,22,00,,,,,,
27.819425,,300,,,8,03,5A,64,5A,64,00,64,AF
27.819889,,301,,,3,E8,0F,00,,,,,
27.842362,,404,,,2,23,00,,,,,,
27.869428,,300,,,8,03,5A,64,5A,64,00,64,30
27.8699,,301,,,3,E2,00,00,,,,,
27.873725,,404,,,2,24,00,,,,,,
27.904902,,404,,,2,25,00,,,,,,
27.919436,,300,,,8,03,5A,64,5A,64,00,64,21
27.919908,,301,,,3,B3,01,00,,,,,
27.941064,,404,,,2,26,00,,,,,,
27.967372,,404,,,2,27,00,,,,,,
27.969441,,300,,,8,03,5A,64,5A,64,00,64,32
27.969905,,301,,,3,6B,02,00,,,,,
27.998624,,404,,,2,4C,00,,,,,,
28.019445,,300,,,8,03,5A,64,5A,64,00,64,23
28.019909,,301,,,3,96,03,00,,,,,
28.029874,,404,,,2,46,00,,,,,,
28.06114,,404,,,2,4D,00,,,,,,
28.069452,,300,,,8,03,5A,64,5A,64,00,64,34
28.069916,,301,,,3,03,04,00,,,,,
