15:43:15.694,1,401,0,0,8,15,a0,0,0,45,0,0,0
15:43:15.758,1,203,0,0,8,0,0,0,0,0,0,0,0
15:43:15.820,1,201,0,0,5,0,0,0,0,62,,,
15:43:15.883,1,206,0,0,8,0,0,0,0,0,0,0,0
15:43:15.946,1,201,0,0,5,0,0,0,0,62,,,
15:43:16.009,1,665,0,0,8,0,0,0,53,4c,18,53,0
15:43:16.072,1,206,0,0,8,0,0,0,0,0,0,0,0
15:43:16.135,1,201,0,0,5,0,0,0,0,62,,,
15:43:16.198,1,300,0,0,8,3,5a,64,5a,64,0,64,21
15:43:16.262,1,203,0,0,8,0,0,0,0,0,0,0,0
15:43:16.325,1,404,0,0,2,a3,1,,,,,,
15:43:16.387,1,401,0,0,8,17,a0,0,0,46,0,0,0
15:43:16.450,1,201,0,0,5,0,0,0,0,62,,,
15:43:16.513,1,400,0,0,8,1,0,c,0,0,0,0,0
15:43:16.577,1,206,0,0,8,0,0,0,0,0,0,0,0
15:43:16.640,1,201,0,0,5,0,0,0,0,62,,,
15:43:16.702,1,300,0,0,8,3,5a,64,5a,64,0,64,ab
15:43:16.765,1,404,0,0,2,a,0,,,,,,
15:43:16.828,1,404,0,0,2,b0,1,,,,,,
15:43:16.891,1,401,0,0,8,15,a0,0,0,45,0,0,0
15:43:16.954,1,203,0,0,8,0,0,0,0,0,0,0,0
15:43:17.017,1,400,0,0,8,1,0,c,0,0,0,0,0
15:43:17.081,1,206,0,0,8,0,0,0,0,0,0,0,0
15:43:17.144,1,201,0,0,5,0,0,0,0,62,,,
15:43:17.206,1,400,0,0,8,1,0,c,0,0,0,0,0
15:43:17.269,1,206,0,0,8,0,0,0,0,0,0,0,0
15:43:17.332,1,201,0,0,5,0,0,0,0,62,,,
15:43:17.395,1,401,0,0,8,17,a0,0,0,45,0,0,0
15:43:17.458,1,203,0,0,8,0,0,0,0,0,0,0,0
15:43:17.521,1,201,0,0,5,0,0,0,0,62,,,
15:43:17.584,1,206,0,0,8,0,0,0,0,0,0,0,0
15:43:17.647,1,201,0,0,5,0,0,0,0,62,,,
15:43:17.711,1,400,0,0,8,1,0,c,0,0,0,0,0
15:43:17.773,1,206,0,0,8,0,0,0,0,0,0,0,0
15:43:17.837,1,201,0,0,5,0,0,0,0,62,,,
15:43:17.899,1,401,0,0,8,19,a0,0,0,46,0,0,0
15:43:17.963,1,203,0,0,8,0,0,0,0,0,0,0,0
15:43:18.026,1,201,0,0,5,0,0,0,0,63,,,
15:43:18.088,1,401,0,0,8,17,a0,0,0,49,0,0,0
15:43:18.151,1,201,0,0,5,0,0,0,0,63,,,
15:43:18.214,1,400,0,0,8,1,0,c,0,0,0,0,0
15:43:18.277,1,206,0,0,8,0,0,0,0,0,0,0,0
15:43:18.340,1,201,0,0,5,0,0,0,0,63,,,
15:43:18.404,1,300,0,0,8,3,a5,64,5a,64,0,64,ed
15:43:18.466,1,206,0,0,8,0,0,0,0,0,0,0,0
15:43:18.530,1,201,0,0,5,0,0,0,0,63,,,
15:43:18.592,1,401,0,0,8,98,9f,0,0,ff,3,0,0
15:43:18.655,1,203,0,0,8,0,0,0,0,0,0,0,0
15:43:18.719,1,400,0,0,8,1,0,2c,0,0,0,0,0
15:43:18.784,1,206,0,0,8,0,0,0,0,0,0,0,0
15:43:18.845,1,201,0,0,5,0,0,0,0,63,,,
15:43:18.907,1,400,0,0,8,1,0,2c,0,0,0,0,0
15:43:18.970,1,204,0,0,8,0,0,0,0,0,0,0,0
15:43:19.033,1,201,0,0,5,0,0,0,0,63,,,
15:43:19.097,1,401,0,0,8,33,9f,0,0,dd,8,0,0
15:43:19.160,1,203,0,0,8,0,0,0,0,0,0,0,0
15:43:19.224,1,400,0,0,8,1,0,2c,0,0,0,0,0
15:43:19.287,1,206,0,0,8,0,0,0,0,0,0,0,0
15:43:19.350,1,201,0,0,5,0,0,0,0,63,,,
15:43:19.414,1,400,0,0,8,1,0,2c,0,0,0,0,0
15:43:19.478,1,206,0,0,8,0,0,0,0,0,0,0,0
15:43:19.540,1,201,0,0,5,0,0,0,0,63,,,
15:43:19.603,1,300,0,0,8,3,a5,64,5a,64,0,64,65
15:43:19.667,1,402,0,0,8,5e,0,0,0,60,42,9,0
15:43:19.729,1,201,0,0,5,0,0,0,0,63,,,
15:43:19.792,1,300,0,0,8,3,a5,64,5a,64,0,64,e9
15:43:19.856,1,203,0,0,8,0,0,0,0,0,0,0,0
15:43:19.921,1,400,0,0,8,1,0,2c,0,0,0,0,0
15:43:19.983,1,206,0,0,8,0,0,0,0,0,0,0,0
15:43:20.045,1,201,0,0,5,0,0,0,0,63,,,
15:43:20.107,1,400,0,0,8,1,0,2c,0,0,0,0,0
15:43:20.170,1,403,0,0,8,64,0,0,0,40,e3,9,0
15:43:20.233,1,201,0,0,5,0,0,0,0,63,,,
15:43:20.296,1,300,0,0,8,3,a5,64,5a,64,0,64,63
15:43:20.359,1,203,0,0,8,0,0,0,0,0,0,0,0
15:43:20.422,1,400,0,0,8,1,0,2c,0,0,0,0,0
15:43:20.487,1,206,0,0,8,0,0,0,0,0,0,0,0
15:43:20.548,1,201,0,0,5,0,0,0,0,63,,,
15:43:20.611,1,400,0,0,8,1,0,2c,0,0,0,0,0
15:43:20.674,1,402,0,0,8,5e,0,0,0,60,42,9,0
15:43:20.737,1,201,0,0,5,0,0,0,0,63,,,
15:43:20.801,1,300,0,0,8,3,a5,64,5a,64,0,64,ed
15:43:20.869,1,203,0,0,8,0,0,0,0,0,0,0,0
15:43:20.934,1,400,0,0,8,1,0,2c,0,0,0,0,0
15:43:20.995,1,300,0,0,8,3,a5,64,5a,64,0,64,61
15:43:21.058,1,203,0,0,8,0,0,0,0,0,0,0,0
15:43:21.121,1,400,0,0,8,1,0,2c,0,0,0,0,0
15:43:21.184,1,206,0,0,8,0,0,0,0,0,0,0,0
15:43:21.250,1,201,0,0,5,0,0,0,0,63,,,
15:43:21.314,1,400,0,0,8,1,0,2c,0,0,0,0,0
15:43:21.378,1,206,0,0,8,0,0,0,0,0,0,0,0
15:43:21.440,1,201,0,0,5,0,0,0,0,63,,,
15:43:21.504,1,300,0,0,8,3,a5,64,5a,64,0,64,eb
15:43:21.566,1,206,0,0,8,0,0,0,0,0,0,0,0
15:43:21.629,1,400,0,0,8,1,0,2c,0,0,0,0,0
15:43:21.692,1,300,0,0,8,3,a5,64,5a,64,0,64,ef
15:43:21.755,1,203,0,0,8,0,0,0,0,0,0,0,0
15:43:21.818,1,400,0,0,8,1,0,2c,0,0,0,0,0
15:43:21.881,1,206,0,0,8,0,0,0,0,0,0,0,0
15:43:21.944,1,201,0,0,5,0,0,0,0,63,,,
15:43:22.007,1,401,0,0,8,27,9f,0,0,d2,8,0,0
15:43:22.071,1,206,0,0,8,0,0,0,0,0,0,0,0
15:43:22.133,1,201,0,0,5,0,0,0,0,63,,,
15:43:22.199,1,300,0,0,8,3,a5,64,5a,64,0,64,e9
15:43:22.261,1,203,0,0,8,0,0,0,0,0,0,0,0
15:43:22.323,1,400,0,0,8,1,0,2c,0,0,0,0,0
15:43:22.387,1,206,0,0,8,0,0,0,0,0,0,0,0
15:43:22.449,1,201,0,0,5,0,0,0,0,63,,,
15:43:22.513,1,401,0,0,8,1b,9f,0,0,b6,8,0,0
15:43:22.575,1,206,0,0,8,0,0,0,0,0,0,0,0
15:43:22.638,1,201,0,0,5,0,0,0,0,63,,,
15:43:22.701,1,300,0,0,8,3,a5,64,5a,64,0,64,63
15:43:22.764,1,203,0,0,8,0,0,0,0,0,0,0,0
15:43:22.827,1,400,0,0,8,1,0,2c,0,0,0,0,0
15:43:22.891,1,300,0,0,8,3,a5,64,5a,64,0,64,67
15:43:22.953,1,300,0,0,8,3,a5,64,5a,64,0,64,f8
15:43:23.016,1,400,0,0,8,1,0,2c,0,0,0,0,0
15:43:23.080,1,206,0,0,8,0,0,0,0,0,0,0,0
15:43:23.143,1,201,0,0,5,0,0,0,0,63,,,
15:43:23.205,1,301,0,0,3,4e,d,0,,,,,
15:43:23.270,1,206,0,0,8,0,0,0,0,0,0,0,0
15:43:23.331,1,400,0,0,8,1,0,2c,0,0,0,0,0
15:43:23.394,1,300,0,0,8,3,a5,64,5a,64,0,64,61
15:43:23.457,1,203,0,0,8,0,0,0,0,0,0,0,0
15:43:23.521,1,400,0,0,8,1,0,2c,0,0,0,0,0
15:43:23.584,1,206,0,0,8,0,0,0,0,0,0,0,0
15:43:23.646,1,201,0,0,5,0,0,0,0,63,,,
15:43:23.709,1,401,0,0,8,23,9f,0,0,f1,8,0,0
15:43:23.773,1,206,0,0,8,0,0,0,0,0,0,0,0
15:43:23.836,1,201,0,0,5,0,0,0,0,63,,,
15:43:23.891,1,300,0,0,8,3,a5,64,5a,64,0,64,eb
15:43:23.962,1,203,0,0,8,0,0,0,0,0,0,0,0
15:43:24.024,1,400,0,0,8,1,0,2c,0,0,0,0,0
15:43:24.087,1,206,0,0,8,0,0,0,0,0,0,0,0
15:43:24.151,1,201,0,0,5,0,0,0,0,63,,,
15:43:24.213,1,401,0,0,8,1f,9f,0,0,bf,8,0,0
15:43:24.280,1,404,0,0,2,44,0,,,,,,
15:43:24.339,1,404,0,0,2,1,0,,,,,,
15:43:24.402,1,300,0,0,8,3,a5,64,5a,64,0,64,65
15:43:24.465,1,203,0,0,8,0,0,0,0,0,0,0,0
15:43:24.528,1,404,0,0,2,24,0,,,,,,
15:43:24.591,1,404,0,0,2,25,0,,,,,,
15:43:24.655,1,300,0,0,8,3,a5,64,5a,64,0,64,fa
15:43:24.718,1,401,0,0,8,1d,9f,0,0,ca,8,0,0
15:43:24.780,1,404,0,0,2,50,0,,,,,,
15:43:24.843,1,404,0,0,2,2,0,,,,,,
15:43:24.906,1,404,0,0,2,4,0,,,,,,
15:43:24.969,1,404,0,0,2,b1,1,,,,,,
15:43:25.032,1,400,0,0,8,1,0,2c,0,0,0,0,0
15:43:25.095,1,300,0,0,8,3,a5,64,5a,64,0,64,63
15:43:25.158,1,203,0,0,8,0,0,0,0,0,0,0,0
15:43:25.226,1,400,0,0,8,1,0,2c,0,0,0,0,0
15:43:25.285,1,206,0,0,8,0,0,0,0,0,0,0,0
15:43:25.347,1,201,0,0,5,0,0,0,0,63,,,
15:43:25.411,1,401,0,0,8,17,9f,0,0,e6,8,0,0
15:43:25.473,1,206,0,0,8,0,0,0,0,0,0,0,0
15:43:25.536,1,400,0,0,8,1,0,2c,0,0,0,0,0
15:43:25.599,1,300,0,0,8,3,a5,64,5a,64,0,64,ed
15:43:25.662,1,203,0,0,8,0,0,0,0,0,0,0,0
15:43:25.725,1,400,0,0,8,1,0,2c,0,0,0,0,0
15:43:25.790,1,206,0,0,8,0,0,0,0,0,0,0,0
15:43:25.853,1,201,0,0,5,0,0,0,0,63,,,
15:43:25.915,1,401,0,0,8,19,9f,0,0,dd,8,0,0
15:43:25.978,1,206,0,0,8,0,0,0,0,0,0,0,0
15:43:26.042,1,201,0,0,5,0,0,0,0,63,,,
15:43:26.105,1,300,0,0,8,3,a5,64,5a,64,0,64,67
15:43:26.167,1,206,0,0,8,0,0,0,0,0,0,0,0
15:43:26.232,1,400,0,0,8,1,0,2c,0,0,0,0,0
15:43:26.293,1,300,0,0,8,3,a5,64,5a,64,0,64,eb
15:43:26.357,1,203,0,0,8,0,0,0,0,0,0,0,0
15:43:26.419,1,401,0,0,8,1b,9f,0,0,cb,8,0,0
15:43:26.483,1,206,0,0,8,0,0,0,0,0,0,0,0
15:43:26.546,1,201,0,0,5,0,0,0,0,63,,,
15:43:26.609,1,401,0,0,8,1d,9f,0,0,c9,8,0,0
15:43:26.672,1,206,0,0,8,0,0,0,0,0,0,0,0
15:43:26.735,1,400,0,0,8,1,0,2c,0,0,0,0,0
15:43:26.798,1,300,0,0,8,3,a5,64,5a,64,0,64,65
15:43:26.861,1,203,0,0,8,0,0,0,0,0,0,0,0
15:43:26.924,1,400,0,0,8,1,0,2c,0,0,0,0,0
15:43:26.987,1,206,0,0,8,0,0,0,0,0,0,0,0
15:43:27.050,1,201,0,0,5,0,0,0,0,63,,,
15:43:27.114,1,401,0,0,8,19,9f,0,0,cb,8,0,0
15:43:27.176,1,206,0,0,8,0,0,0,0,0,0,0,0
15:43:27.239,1,400,0,0,8,1,0,2c,0,0,0,0,0
15:43:27.302,1,300,0,0,8,3,a5,64,5a,64,0,64,ef
15:43:27.368,1,203,0,0,8,0,0,0,0,0,0,0,0
15:43:27.428,1,400,0,0,8,1,0,2c,0,0,0,0,0
15:43:27.491,1,300,0,0,8,3,a5,64,5a,64,0,64,63
15:43:27.557,1,300,0,0,8,3,a5,64,5a,64,0,64,74
15:43:27.617,1,401,0,0,8,f,9f,0,0,11,9,0,0
15:43:27.680,1,206,0,0,8,0,0,0,0,0,0,0,0
15:43:27.743,1,400,0,0,8,1,0,2c,0,0,0,0,0
15:43:27.806,1,300,0,0,8,3,a5,64,5a,64,0,64,e9
15:43:27.869,1,206,0,0,8,0,0,0,0,0,0,0,0
15:43:27.933,1,400,0,0,8,1,0,2c,0,0,0,0,0
15:43:27.997,1,666,0,0,8,52,8,5,0,52,95,36,2
15:43:28.061,1,203,0,0,8,0,0,0,0,0,0,0,0
15:43:28.121,1,401,0,0,8,d,9f,0,0,26,9,0,0
15:43:28.188,1,206,0,0,8,0,0,0,0,0,0,0,0
15:43:28.251,1,201,0,0,5,0,0,0,0,63,,,
15:43:28.313,1,401,0,0,8,d,9f,0,0,2b,9,0,0
15:43:28.376,1,206,0,0,8,0,0,0,0,0,0,0,0
15:43:28.440,1,400,0,0,8,1,0,2c,0,0,0,0,0
15:43:28.502,1,300,0,0,8,3,a5,64,5a,64,0,64,67
15:43:28.568,1,203,0,0,8,0,0,0,0,0,0,0,0
15:43:28.634,1,400,0,0,8,1,0,2c,0,0,0,0,0
15:43:28.695,1,300,0,0,8,3,a5,64,5a,64,0,64,eb
15:43:28.758,1,203,0,0,8,0,0,0,0,0,0,0,0
15:43:28.821,1,401,0,0,8,d,9f,0,0,21,9,0,0
15:43:28.884,1,206,0,0,8,0,0,0,0,0,0,0,0
15:43:28.949,1,400,0,0,8,1,0,2c,0,0,0,0,0
15:43:29.012,1,401,0,0,8,d,9f,0,0,21,9,0,0
15:43:29.075,1,206,0,0,8,0,0,0,0,0,0,0,0
15:43:29.139,1,400,0,0,8,1,0,2c,0,0,0,0,0
15:43:29.201,1,300,0,0,8,3,a5,64,5a,64,0,64,65
15:43:29.264,1,203,0,0,8,0,0,0,0,0,0,0,0
15:43:29.329,1,401,0,0,8,17,9f,0,0,e7,8,0,0
15:43:29.391,1,206,0,0,8,0,0,0,0,0,0,0,0
15:43:29.453,1,201,0,0,5,0,0,0,0,63,,,
15:43:29.517,1,401,0,0,8,15,9f,0,0,e7,8,0,0
15:43:29.579,1,206,0,0,8,0,0,0,0,0,0,0,0
15:43:29.642,1,400,0,0,8,1,0,2c,0,0,0,0,0
15:43:29.705,1,300,0,0,8,3,a5,64,5a,64,0,64,ef
15:43:29.768,1,206,0,0,8,0,0,0,0,0,0,0,0
15:43:29.832,1,400,0,0,8,1,0,2c,0,0,0,0,0
15:43:29.894,1,300,0,0,8,3,a5,64,5a,64,0,64,63
15:43:29.958,1,203,0,0,8,0,0,0,0,0,0,0,0
15:43:30.022,1,401,0,0,8,17,9f,0,0,a7,8,0,0
15:43:30.083,1,206,0,0,8,0,0,0,0,0,0,0,0
15:43:30.147,1,400,0,0,8,1,0,2c,0,0,0,0,0
15:43:30.210,1,403,0,0,8,64,0,0,0,40,e3,9,0
15:43:30.272,1,206,0,0,8,0,0,0,0,0,0,0,0
15:43:30.335,1,400,0,0,8,1,0,2c,0,0,0,0,0
15:43:30.398,1,300,0,0,8,3,a5,64,5a,64,0,64,ed
15:43:30.461,1,203,0,0,8,0,0,0,0,0,0,0,0
15:43:30.524,1,401,0,0,8,15,9f,0,0,a7,8,0,0
15:43:30.587,1,206,0,0,8,0,0,0,0,0,0,0,0
15:43:30.651,1,400,0,0,8,1,0,2c,0,0,0,0,0
15:43:30.713,1,401,0,0,8,13,9f,0,0,aa,8,0,0
15:43:30.776,1,206,0,0,8,0,0,0,0,0,0,0,0
15:43:30.839,1,400,0,0,8,1,0,2c,0,0,0,0,0
15:43:30.902,1,300,0,0,8,3,a5,64,5a,64,0,64,67
15:43:30.965,1,203,0,0,8,0,0,0,0,0,0,0,0
15:43:31.029,1,401,0,0,8,13,9f,0,0,aa,8,0,0
15:43:31.091,1,206,0,0,8,0,0,0,0,0,0,0,0
15:43:31.154,1,201,0,0,5,0,0,0,0,63,,,
15:43:31.217,1,401,0,0,8,11,9f,0,0,b5,8,0,0
15:43:31.281,1,206,0,0,8,0,0,0,0,0,0,0,0
15:43:31.343,1,400,0,0,8,1,0,2c,0,0,0,0,0
15:43:31.406,1,300,0,0,8,3,a5,64,5a,64,0,64,61
15:43:31.469,1,206,0,0,8,0,0,0,0,0,0,0,0
15:43:31.534,1,401,0,0,8,5,9f,0,0,b9,8,0,0
15:43:31.597,1,300,0,0,8,3,a5,64,5a,64,0,64,65
15:43:31.660,1,203,0,0,8,0,0,0,0,0,0,0,0
15:43:31.724,1,401,0,0,8,9,9f,0,0,e6,8,0,0
15:43:31.789,1,206,0,0,8,0,0,0,0,0,0,0,0
15:43:31.849,1,400,0,0,8,1,0,2c,0,0,0,0,0
15:43:31.912,1,401,0,0,8,9,9f,0,0,12,9,0,0
15:43:31.975,1,204,0,0,8,0,0,0,0,0,0,0,0
15:43:32.038,1,400,0,0,8,1,0,2c,0,0,0,0,0
15:43:32.101,1,300,0,0,8,3,a5,64,5a,64,0,64,ef
15:43:32.165,1,203,0,0,8,0,0,0,0,0,0,0,0
15:43:32.227,1,401,0,0,8,7,9f,0,0,fb,8,0,0
15:43:32.290,1,206,0,0,8,0,0,0,0,0,0,0,0
15:43:32.353,1,201,0,0,5,0,0,0,0,63,,,
15:43:32.417,1,401,0,0,8,7,9f,0,0,fc,8,0,0
15:43:32.480,1,206,0,0,8,0,0,0,0,0,0,0,0
15:43:32.543,1,201,0,0,5,0,0,0,0,63,,,
15:43:32.606,1,300,0,0,8,3,a5,64,5a,64,0,64,e9
15:43:32.669,1,404,0,0,2,4d,0,,,,,,
15:43:32.733,1,401,0,0,8,7,9f,0,0,fd,8,0,0
15:43:32.796,1,300,0,0,8,3,a5,64,5a,64,0,64,ed
15:43:32.859,1,203,0,0,8,0,0,0,0,0,0,0,0
15:43:32.922,1,401,0,0,8,7,9f,0,0,ff,8,0,0
15:43:32.985,1,206,0,0,8,0,0,0,0,0,0,0,0
15:43:33.050,1,201,0,0,5,0,0,0,0,63,,,
15:43:33.113,1,401,0,0,8,5,9f,0,0,3,9,0,0
15:43:33.177,1,206,0,0,8,0,0,0,0,0,0,0,0
15:43:33.239,1,201,0,0,5,0,0,0,0,63,,,
15:43:33.302,1,300,0,0,8,3,a5,64,5a,64,0,64,67
15:43:33.365,1,203,0,0,8,0,0,0,0,0,0,0,0
15:43:33.428,1,401,0,0,8,5,9f,0,0,13,9,0,0
15:43:33.491,1,206,0,0,8,0,0,0,0,0,0,0,0
15:43:33.554,1,201,0,0,5,0,0,0,0,63,,,
15:43:33.617,1,401,0,0,8,b,9f,0,0,e8,8,0,0
15:43:33.680,1,206,0,0,8,0,0,0,0,0,0,0,0
15:43:33.743,1,201,0,0,5,0,0,0,0,63,,,
15:43:33.807,1,300,0,0,8,3,a5,64,5a,64,0,64,61
15:43:33.869,1,206,0,0,8,0,0,0,0,0,0,0,0
15:43:33.934,1,401,0,0,8,d,9f,0,0,ce,8,0,0
15:43:33.996,1,666,0,0,8,52,8,5,0,52,95,36,2
15:43:34.060,1,400,0,0,8,1,0,2c,0,0,0,0,0
15:43:34.122,1,401,0,0,8,9,9f,0,0,d5,8,0,0
15:43:34.185,1,206,0,0,8,0,0,0,0,0,0,0,0
15:43:34.248,1,201,0,0,5,0,0,0,0,63,,,
15:43:34.312,1,401,0,0,8,9,9f,0,0,d3,8,0,0
15:43:34.374,1,206,0,0,8,0,0,0,0,0,0,0,0
15:43:34.437,1,401,0,0,8,9,9f,0,0,d3,8,0,0
15:43:34.500,1,300,0,0,8,3,a5,64,5a,64,0,64,ef
15:43:34.563,1,203,0,0,8,0,0,0,0,0,0,0,0
15:43:34.626,1,401,0,0,8,9,9f,0,0,cf,8,0,0
15:43:34.689,1,206,0,0,8,0,0,0,0,0,0,0,0
15:43:34.752,1,201,0,0,5,0,0,0,0,63,,,
15:43:34.815,1,401,0,0,8,9,9f,0,0,cf,8,0,0
15:43:34.878,1,206,0,0,8,0,0,0,0,0,0,0,0
15:43:34.941,1,401,0,0,8,9,9f,0,0,cf,8,0,0
15:43:35.005,1,300,0,0,8,3,a5,64,5a,64,0,64,e9
15:43:35.069,1,203,0,0,8,0,0,0,0,0,0,0,0
15:43:35.130,1,401,0,0,8,9,9f,0,0,d2,8,0,0
15:43:35.193,1,300,0,0,8,3,a5,64,5a,64,0,64,ed
15:43:35.256,1,201,0,0,5,0,0,0,0,63,,,
15:43:35.319,1,401,0,0,8,b,9f,0,0,d5,8,0,0
15:43:35.382,1,206,0,0,8,0,0,0,0,0,0,0,0
15:43:35.446,1,201,0,0,5,0,0,0,0,63,,,
15:43:35.508,1,401,0,0,8,5,9f,0,0,d5,8,0,0
15:43:35.571,1,206,0,0,8,0,0,0,0,0,0,0,0
15:43:35.634,1,401,0,0,8,5,9f,0,0,ee,8,0,0
15:43:35.697,1,300,0,0,8,3,a5,64,5a,64,0,64,67
15:43:35.760,1,400,0,0,8,1,0,2c,0,0,0,0,0
15:43:35.823,1,401,0,0,8,7,9f,0,0,ce,8,0,0
15:43:35.886,1,206,0,0,8,0,0,0,0,0,0,0,0
15:43:35.950,1,201,0,0,5,0,0,0,0,63,,,
15:43:36.012,1,401,0,0,8,5,9f,0,0,ce,8,0,0
15:43:36.075,1,206,0,0,8,0,0,0,0,0,0,0,0
15:43:36.138,1,401,0,0,8,5,9f,0,0,c3,8,0,0
15:43:36.201,1,300,0,0,8,3,a5,64,5a,64,0,64,61
15:43:36.265,1,400,0,0,8,1,0,2c,0,0,0,0,0
15:43:36.327,1,401,0,0,8,5,9f,0,0,cf,8,0,0
15:43:36.391,1,206,0,0,8,0,0,0,0,0,0,0,0
15:43:36.453,1,201,0,0,5,0,0,0,0,63,,,
15:43:36.516,1,401,0,0,8,5,9f,0,0,cf,8,0,0
15:43:36.580,1,206,0,0,8,0,0,0,0,0,0,0,0
15:43:36.642,1,401,0,0,8,5,9f,0,0,d2,8,0,0
15:43:36.706,1,300,0,0,8,3,a5,64,5a,64,0,64,eb
15:43:36.768,1,203,0,0,8,0,0,0,0,0,0,0,0
15:43:36.831,1,401,0,0,8,7,9f,0,0,ce,8,0,0
15:43:36.894,1,300,0,0,8,3,a5,64,5a,64,0,64,ef
15:43:36.957,1,300,0,0,8,3,a5,64,5a,64,0,64,70
15:43:37.020,1,200,0,0,8,5e,0,2f,42,9,0,0,0
15:43:37.084,1,206,0,0,8,0,0,0,0,0,0,0,0
15:43:37.148,1,401,0,0,8,9,9f,0,0,e0,8,0,0
15:43:37.211,1,403,0,0,8,64,0,0,0,40,e3,9,0
15:43:37.274,1,206,0,0,8,0,0,0,0,0,0,0,0
15:43:37.337,1,401,0,0,8,fa,9e,0,0,6,9,0,0
15:43:37.400,1,300,0,0,8,3,a5,64,5a,64,0,64,e9
15:43:37.463,1,400,0,0,8,1,0,2c,0,0,0,0,0
15:43:37.526,1,401,0,0,8,fd,9e,0,0,6,9,0,0
15:43:37.589,1,206,0,0,8,0,0,0,0,0,0,0,0
15:43:37.653,1,201,0,0,5,0,0,0,0,63,,,
15:43:37.715,1,402,0,0,8,5e,0,0,0,d4,40,9,0
15:43:37.779,1,206,0,0,8,0,0,0,0,0,0,0,0
15:43:37.843,1,401,0,0,8,fd,9e,0,0,2d,9,0,0
15:43:37.906,1,300,0,0,8,3,a5,64,5a,64,0,64,63
15:43:37.968,1,203,0,0,8,0,0,0,0,0,0,0,0
15:43:38.031,1,401,0,0,8,fa,9e,0,0,2d,9,0,0
15:43:38.094,1,300,0,0,8,3,a5,64,5a,64,0,64,67
15:43:38.157,1,300,0,0,8,3,a5,64,5a,64,0,64,f8
15:43:38.221,1,403,0,0,8,64,0,0,0,40,e3,9,0
15:43:38.283,1,206,0,0,8,0,0,0,0,0,0,0,0
15:43:38.347,1,401,0,0,8,f6,9e,0,0,2f,9,0,0
15:43:38.410,1,401,0,0,8,f6,9e,0,0,2f,9,0,0
15:43:38.472,1,206,0,0,8,0,0,0,0,0,0,0,0
15:43:38.535,1,401,0,0,8,f8,9e,0,0,2f,9,0,0
15:43:38.598,1,300,0,0,8,3,a5,64,5a,64,0,64,61
15:43:38.662,1,203,0,0,8,0,0,0,0,0,0,0,0
15:43:38.724,1,402,0,0,8,5e,0,0,0,b0,40,9,0
15:43:38.788,1,206,0,0,8,0,0,0,0,0,0,0,0
15:43:38.851,1,401,0,0,8,fa,9e,0,0,2f,9,0,0
15:43:38.913,1,401,0,0,8,fa,9e,0,0,2f,9,0,0
15:43:38.977,1,204,0,0,8,0,0,0,0,0,0,0,0
15:43:39.039,1,401,0,0,8,f8,9e,0,0,2f,9,0,0
15:43:39.103,1,300,0,0,8,3,a5,64,5a,64,0,64,eb
15:43:39.166,1,203,0,0,8,0,0,0,0,0,0,0,0
15:43:39.230,1,403,0,0,8,64,0,0,0,40,e3,9,0
15:43:39.292,1,206,0,0,8,0,0,0,0,0,0,0,0
15:43:39.355,1,201,0,0,5,0,0,0,0,63,,,
15:43:39.419,1,401,0,0,8,1,9f,0,0,11,9,0,0
15:43:39.483,1,206,0,0,8,0,0,0,0,0,0,0,0
15:43:39.545,1,401,0,0,8,ff,9e,0,0,11,9,0,0
15:43:39.608,1,300,0,0,8,3,a5,64,5a,64,0,64,65
15:43:39.671,1,400,0,0,8,1,0,2c,0,0,0,0,0
15:43:39.736,1,402,0,0,8,5e,0,0,0,b0,40,9,0
15:43:39.798,1,300,0,0,8,3,a5,64,5a,64,0,64,e9
15:43:39.861,1,203,0,0,8,0,0,0,0,0,0,0,0
15:43:39.924,1,401,0,0,8,ff,9e,0,0,df,8,0,0
15:43:39.988,1,206,0,0,8,0,0,0,0,0,0,0,0
15:43:40.050,1,401,0,0,8,1,9f,0,0,df,8,0,0
15:43:40.113,1,401,0,0,8,1,9f,0,0,e0,8,0,0
15:43:40.176,1,206,0,0,8,0,0,0,0,0,0,0,0
15:43:40.239,1,401,0,0,8,ff,9e,0,0,e0,8,0,0
15:43:40.302,1,300,0,0,8,3,a5,64,5a,64,0,64,63
15:43:40.365,1,203,0,0,8,0,0,0,0,0,0,0,0
15:43:40.428,1,404,0,0,2,22,0,,,,,,
15:43:40.492,1,206,0,0,8,0,0,0,0,0,0,0,0
15:43:40.555,1,401,0,0,8,fa,9e,0,0,e0,8,0,0
15:43:40.617,1,404,0,0,2,4c,0,,,,,,
15:43:40.681,1,404,0,0,2,4d,0,,,,,,
15:43:40.743,1,404,0,0,2,2,0,,,,,,
15:43:40.806,1,300,0,0,8,3,a5,64,5a,64,0,64,ed
15:43:40.870,1,203,0,0,8,0,0,0,0,0,0,0,0
15:43:40.935,1,401,0,0,8,7,9f,0,0,e2,8,0,0
15:43:40.995,1,300,0,0,8,3,a5,64,5a,64,0,64,61
15:43:41.060,1,300,0,0,8,3,a5,64,5a,64,0,64,72
15:43:41.121,1,401,0,0,8,1,9f,0,0,c1,8,0,0
15:43:41.184,1,206,0,0,8,0,0,0,0,0,0,0,0
15:43:41.247,1,401,0,0,8,1,9f,0,0,c1,8,0,0
15:43:41.311,1,401,0,0,8,1,9f,0,0,cb,8,0,0
15:43:41.373,1,400,0,0,8,1,0,2c,0,0,0,0,0
15:43:41.442,1,201,0,0,5,0,0,0,0,63,,,
15:43:41.499,1,300,0,0,8,3,a5,64,5a,64,0,64,eb
15:43:41.562,1,203,0,0,8,0,0,0,0,0,0,0,0
15:43:41.625,1,201,0,0,5,0,0,0,0,63,,,
15:43:41.689,1,206,0,0,8,0,0,0,0,0,0,0,0
15:43:41.751,1,201,0,0,5,0,0,0,0,63,,,
15:43:41.814,1,201,0,0,5,0,0,0,0,63,,,
15:43:41.877,1,400,0,0,8,1,0,2c,0,0,0,0,0
15:43:41.940,1,201,0,0,5,0,0,0,0,63,,,
15:43:42.003,1,300,0,0,8,3,a5,64,5a,64,0,64,65
15:43:42.066,1,203,0,0,8,0,0,0,0,0,0,0,0
15:43:42.130,1,300,0,0,8,3,a5,64,5a,64,0,64,f8
15:43:42.192,1,206,0,0,8,0,0,0,0,0,0,0,0
15:43:42.256,1,300,0,0,8,3,a5,64,5a,64,0,64,fa
15:43:42.318,1,300,0,0,8,3,a5,64,5a,64,0,64,fc
15:43:42.381,1,206,0,0,8,0,0,0,0,0,0,0,0
15:43:42.444,1,300,0,0,8,3,a5,64,5a,64,0,64,fe
15:43:42.507,1,300,0,0,8,3,a5,64,5a,64,0,64,ef
15:43:42.570,1,203,0,0,8,0,0,0,0,0,0,0,0
15:43:42.633,1,201,0,0,5,0,0,0,0,63,,,
15:43:42.697,1,300,0,0,8,3,a5,64,5a,64,0,64,63
15:43:42.760,1,301,0,0,3,3,4,0,,,,,
15:43:42.822,1,201,0,0,5,0,0,0,0,63,,,
15:43:42.886,1,206,0,0,8,0,0,0,0,0,0,0,0
15:43:42.949,1,201,0,0,5,0,0,0,0,63,,,
15:43:43.012,1,665,0,0,8,0,0,0,53,4c,18,53,0
15:43:43.074,1,400,0,0,8,1,0,2c,0,0,0,0,0
15:43:43.137,1,201,0,0,5,0,0,0,0,63,,,
15:43:43.200,1,300,0,0,8,3,a5,64,5a,64,0,64,ed
15:43:43.263,1,203,0,0,8,0,0,0,0,0,0,0,0
15:43:43.326,1,300,0,0,8,3,a5,64,5a,64,0,64,70
15:43:43.389,1,206,0,0,8,0,0,0,0,0,0,0,0
15:43:43.515,1,300,0,0,8,3,a5,64,5a,64,0,64,74
15:43:43.579,1,400,0,0,8,1,0,2c,0,0,0,0,0
15:43:43.643,1,201,0,0,5,0,0,0,0,63,,,
15:43:43.706,1,300,0,0,8,3,a5,64,5a,64,0,64,67
15:43:43.768,1,203,0,0,8,0,0,0,0,0,0,0,0
15:43:43.831,1,201,0,0,5,0,0,0,0,63,,,
15:43:43.898,1,206,0,0,8,0,0,0,0,0,0,0,0
15:43:43.958,1,201,0,0,5,0,0,0,0,63,,,
15:43:44.021,1,201,0,0,5,0,0,0,0,63,,,
15:43:44.083,1,400,0,0,8,1,0,2c,0,0,0,0,0
15:43:44.147,1,201,0,0,5,0,0,0,0,63,,,
15:43:44.211,1,300,0,0,8,3,a5,64,5a,64,0,64,61
15:43:44.272,1,400,0,0,8,1,0,2c,0,0,0,0,0
15:43:44.335,1,201,0,0,5,0,0,0,0,63,,,
15:43:44.399,1,300,0,0,8,3,a5,64,5a,64,0,64,65
15:43:44.462,1,401,0,0,8,f4,9e,0,0,2b,9,0,0
15:43:44.526,1,201,0,0,5,0,0,0,0,63,,,
15:43:44.588,1,206,0,0,8,0,0,0,0,0,0,0,0
15:43:44.651,1,201,0,0,5,0,0,0,0,63,,,
15:43:44.715,1,402,0,0,8,5e,0,0,0,20,40,9,0
15:43:44.777,1,400,0,0,8,1,0,2c,0,0,0,0,0
15:43:44.840,1,201,0,0,5,0,0,0,0,63,,,
15:43:44.904,1,300,0,0,8,3,a5,64,5a,64,0,64,ef
15:43:44.966,1,401,0,0,8,f6,9e,0,0,f8,8,0,0
15:43:45.029,1,201,0,0,5,0,0,0,0,63,,,
15:43:45.092,1,206,0,0,8,0,0,0,0,0,0,0,0
15:43:45.156,1,201,0,0,5,0,0,0,0,63,,,
15:43:45.218,1,403,0,0,8,64,0,0,0,40,e3,9,0
15:43:45.281,1,400,0,0,8,1,0,2c,0,0,0,0,0
15:43:45.344,1,201,0,0,5,0,0,0,0,63,,,
15:43:45.407,1,300,0,0,8,3,a5,64,5a,64,0,64,e9
15:43:45.470,1,203,0,0,8,0,0,0,0,0,0,0,0
15:43:45.533,1,201,0,0,5,0,0,0,0,63,,,
15:43:45.597,1,300,0,0,8,3,a5,64,5a,64,0,64,ed
15:43:45.660,1,300,0,0,8,3,a5,64,5a,64,0,64,fe
15:43:45.722,1,402,0,0,8,5e,0,0,0,20,40,9,0
15:43:45.785,1,400,0,0,8,1,0,2c,0,0,0,0,0
15:43:45.848,1,300,0,0,8,3,a5,64,5a,64,0,64,72
15:43:45.914,1,300,0,0,8,3,a5,64,5a,64,0,64,74
15:43:45.974,1,204,0,0,8,0,0,0,0,0,0,0,0
15:43:46.037,1,300,0,0,8,3,a5,64,5a,64,0,64,76
15:43:46.100,1,300,0,0,8,3,a5,64,5a,64,0,64,67
15:43:46.164,1,401,0,0,8,f2,9e,0,0,8,9,0,0
15:43:46.228,1,403,0,0,8,64,0,0,0,40,e3,9,0
15:43:46.291,1,400,0,0,8,1,0,2c,0,0,0,0,0
15:43:46.353,1,300,0,0,8,3,a5,64,5a,64,0,64,fc
15:43:46.416,1,300,0,0,8,3,a5,64,5a,64,0,64,fe
15:43:46.479,1,400,0,0,8,1,0,2c,0,0,0,0,0
15:43:46.543,1,300,0,0,8,3,a5,64,5a,64,0,64,70
15:43:46.605,1,300,0,0,8,3,a5,64,5a,64,0,64,61
15:43:46.668,1,401,0,0,8,f8,9e,0,0,ce,8,0,0
15:43:46.732,1,402,0,0,8,5e,0,0,0,fc,3f,9,0
15:43:46.794,1,206,0,0,8,0,0,0,0,0,0,0,0
15:43:46.860,1,300,0,0,8,3,a5,64,5a,64,0,64,76
15:43:46.920,1,300,0,0,8,3,a5,64,5a,64,0,64,f8
15:43:46.984,1,204,0,0,8,0,0,0,0,0,0,0,0
15:43:47.047,1,300,0,0,8,3,a5,64,5a,64,0,64,fa
15:43:47.111,1,300,0,0,8,3,a5,64,5a,64,0,64,eb
15:43:47.179,1,400,0,0,8,1,0,2c,0,0,0,0,0
15:43:47.236,1,403,0,0,8,64,0,0,0,40,e3,9,0
15:43:47.299,1,300,0,0,8,3,a5,64,5a,64,0,64,ef
15:43:47.362,1,203,0,0,8,0,0,0,0,0,0,0,0
15:43:47.425,1,300,0,0,8,3,a5,64,5a,64,0,64,72
15:43:47.488,1,400,0,0,8,1,0,2c,0,0,0,0,0
15:43:47.551,1,300,0,0,8,3,a5,64,5a,64,0,64,74
15:43:47.615,1,300,0,0,8,3,a5,64,5a,64,0,64,76
15:43:47.677,1,400,0,0,8,1,0,2c,0,0,0,0,0
15:43:47.741,1,402,0,0,8,5e,0,0,0,fc,3f,9,0
15:43:47.804,1,300,0,0,8,3,a5,64,5a,64,0,64,e9
15:43:47.866,1,203,0,0,8,0,0,0,0,0,0,0,0
15:43:47.929,1,300,0,0,8,3,a5,64,5a,64,0,64,fc
15:43:47.992,1,400,0,0,8,1,0,2c,0,0,0,0,0
15:43:48.055,1,300,0,0,8,3,a5,64,5a,64,0,64,fe
15:43:48.121,1,300,0,0,8,3,a5,64,5a,64,0,64,70
15:43:48.182,1,400,0,0,8,1,0,2c,0,0,0,0,0
15:43:48.244,1,404,0,0,2,2,30,,,,,,
15:43:48.307,1,300,0,0,8,3,a5,64,5a,64,0,64,63
15:43:48.370,1,203,0,0,8,0,0,0,0,0,0,0,0
15:43:48.433,1,404,0,0,2,22,0,,,,,,
15:43:48.496,1,206,0,0,8,0,0,0,0,0,0,0,0
15:43:48.559,1,300,0,0,8,3,a5,64,5a,64,0,64,f8
15:43:48.623,1,404,0,0,2,4c,0,,,,,,
15:43:48.686,1,404,0,0,2,4d,0,,,,,,
15:43:48.749,1,404,0,0,2,2,0,,,,,,
15:43:48.811,1,404,0,0,2,4,0,,,,,,
15:43:48.875,1,404,0,0,2,b1,1,,,,,,
15:43:48.937,1,300,0,0,8,3,a5,64,5a,64,0,64,70
15:43:49.000,1,666,0,0,8,52,8,5,0,52,95,36,2
15:43:49.063,1,203,0,0,8,0,0,0,0,0,0,0,0
15:43:49.126,1,300,0,0,8,3,a5,64,5a,64,0,64,74
15:43:49.190,1,206,0,0,8,0,0,0,0,0,0,0,0
15:43:49.254,1,403,0,0,8,64,0,0,0,40,e3,9,0
15:43:49.316,1,300,0,0,8,3,a5,64,5a,64,0,64,f8
15:43:49.379,1,206,0,0,8,0,0,0,0,0,0,0,0
15:43:49.443,1,300,0,0,8,3,a5,64,5a,64,0,64,fa
15:43:49.505,1,300,0,0,8,3,a5,64,5a,64,0,64,eb
15:43:49.568,1,203,0,0,8,0,0,0,0,0,0,0,0
15:43:49.631,1,300,0,0,8,3,a5,64,5a,64,0,64,fe
15:43:49.694,1,206,0,0,8,0,0,0,0,0,0,0,0
15:43:49.757,1,402,0,0,8,5e,0,0,0,b4,3f,9,0
15:43:49.823,1,300,0,0,8,3,a5,64,5a,64,0,64,72
15:43:49.883,1,206,0,0,8,0,0,0,0,0,0,0,0
15:43:49.946,1,300,0,0,8,3,a5,64,5a,64,0,64,74
15:43:50.009,1,300,0,0,8,3,a5,64,5a,64,0,64,65
15:43:50.072,1,203,0,0,8,0,0,0,0,0,0,0,0
15:43:50.135,1,300,0,0,8,3,a5,64,5a,64,0,64,f8
15:43:50.198,1,400,0,0,8,1,0,2c,0,0,0,0,0
15:43:50.261,1,203,0,0,8,0,0,0,0,0,0,0,0
15:43:50.325,1,300,0,0,8,3,a5,64,5a,64,0,64,fc
15:43:50.391,1,206,0,0,8,0,0,0,0,0,0,0,0
15:43:50.450,1,300,0,0,8,3,a5,64,5a,64,0,64,fe
15:43:50.513,1,300,0,0,8,3,a5,64,5a,64,0,64,70
15:43:50.576,1,401,0,0,8,f8,9e,0,0,c3,8,0,0
15:43:50.639,1,300,0,0,8,3,a5,64,5a,64,0,64,72
15:43:50.702,1,300,0,0,8,3,a5,64,5a,64,0,64,63
15:43:50.765,1,203,0,0,8,0,0,0,0,0,0,0,0
15:43:50.828,1,300,0,0,8,3,a5,64,5a,64,0,64,76
15:43:50.900,1,206,0,0,8,0,0,0,0,0,0,0,0
15:43:50.961,1,300,0,0,8,3,a5,64,5a,64,0,64,f8
15:43:51.024,1,300,0,0,8,3,a5,64,5a,64,0,64,fa
15:43:51.087,1,206,0,0,8,0,0,0,0,0,0,0,0
15:43:51.149,1,300,0,0,8,3,a5,64,5a,64,0,64,fc
15:43:51.214,1,300,0,0,8,3,a5,64,5a,64,0,64,fe
15:43:51.277,1,401,0,0,8,ea,9e,0,0,c8,8,0,0
15:43:51.339,1,300,0,0,8,3,a5,64,5a,64,0,64,70
15:43:51.402,1,400,0,0,8,1,0,2c,0,0,0,0,0
15:43:51.465,1,203,0,0,8,0,0,0,0,0,0,0,0
15:43:51.528,1,300,0,0,8,3,a5,64,5a,64,0,64,74
15:43:51.592,1,206,0,0,8,0,0,0,0,0,0,0,0
15:43:51.655,1,300,0,0,8,3,a5,64,5a,64,0,64,76
15:43:51.717,1,300,0,0,8,3,a5,64,5a,64,0,64,f8
15:43:51.781,1,401,0,0,8,e8,9e,0,0,26,9,0,0
15:43:51.844,1,300,0,0,8,3,a5,64,5a,64,0,64,fa
15:43:51.907,1,300,0,0,8,3,a5,64,5a,64,0,64,eb
15:43:51.970,1,203,0,0,8,0,0,0,0,0,0,0,0
15:43:52.034,1,200,0,0,8,5e,0,63,41,9,0,2,0
15:43:52.097,1,206,0,0,8,0,0,0,0,0,0,0,0
15:43:52.160,1,300,0,0,8,3,a5,64,5a,64,0,64,70
15:43:52.223,1,300,0,0,8,3,a5,64,5a,64,0,64,72
15:43:52.285,1,401,0,0,8,ea,9e,0,0,20,9,0,0
15:43:52.348,1,300,0,0,8,3,a5,64,5a,64,0,64,74
15:43:52.411,1,300,0,0,8,3,a5,64,5a,64,0,64,76
15:43:52.475,1,401,0,0,8,ea,9e,0,0,f2,8,0,0
15:43:52.538,1,300,0,0,8,3,a5,64,5a,64,0,64,f8
15:43:52.601,1,400,0,0,8,1,0,2c,0,0,0,0,0
15:43:52.664,1,203,0,0,8,0,0,0,0,0,0,0,0
15:43:52.726,1,300,0,0,8,3,a5,64,5a,64,0,64,fc
15:43:52.790,1,206,0,0,8,0,0,0,0,0,0,0,0
15:43:52.854,1,300,0,0,8,3,a5,64,5a,64,0,64,fe
15:43:52.915,1,300,0,0,8,3,a5,64,5a,64,0,64,70
15:43:52.979,1,204,0,0,8,0,0,0,0,0,0,0,0
15:43:53.041,1,300,0,0,8,3,a5,64,5a,64,0,64,72
15:43:53.105,1,400,0,0,8,1,0,2c,0,0,0,0,0
15:43:53.168,1,203,0,0,8,0,0,0,0,0,0,0,0
15:43:53.231,1,300,0,0,8,3,a5,64,5a,64,0,64,76
15:43:53.294,1,206,0,0,8,0,0,0,0,0,0,0,0
15:43:53.356,1,300,0,0,8,3,a5,64,5a,64,0,64,f8
15:43:53.420,1,300,0,0,8,3,a5,64,5a,64,0,64,fa
15:43:53.484,1,401,0,0,8,f2,9e,0,0,e8,8,0,0
15:43:53.547,1,300,0,0,8,3,a5,64,5a,64,0,64,fc
15:43:53.610,1,300,0,0,8,3,a5,64,5a,64,0,64,ed
15:43:53.673,1,203,0,0,8,0,0,0,0,0,0,0,0
15:43:53.736,1,300,0,0,8,3,a5,64,5a,64,0,64,70
15:43:53.799,1,300,0,0,8,3,a5,64,5a,64,0,64,61
15:43:53.862,1,201,0,0,5,0,0,0,0,63,,,
15:43:53.925,1,300,0,0,8,3,a5,64,5a,64,0,64,74
15:43:53.988,1,401,0,0,8,f2,9e,0,0,c7,8,0,0
15:43:54.051,1,300,0,0,8,3,a5,64,5a,64,0,64,76
15:43:54.114,1,300,0,0,8,3,a5,64,5a,64,0,64,f8
15:43:54.177,1,401,0,0,8,f2,9e,0,0,c8,8,0,0
15:43:54.240,1,300,0,0,8,3,a5,64,5a,64,0,64,fa
15:43:54.303,1,300,0,0,8,3,a5,64,5a,64,0,64,eb
15:43:54.366,1,203,0,0,8,0,0,0,0,0,0,0,0
15:43:54.429,1,300,0,0,8,3,a5,64,5a,64,0,64,fe
15:43:54.492,1,206,0,0,8,0,0,0,0,0,0,0,0
15:43:54.555,1,300,0,0,8,3,a5,64,5a,64,0,64,70
15:43:54.618,1,300,0,0,8,3,a5,64,5a,64,0,64,72
15:43:54.681,1,401,0,0,8,f4,9e,0,0,c6,8,0,0
15:43:54.744,1,300,0,0,8,3,a5,64,5a,64,0,64,74
15:43:54.807,1,300,0,0,8,3,a5,64,5a,64,0,64,65
15:43:54.870,1,203,0,0,8,0,0,0,0,0,0,0,0
15:43:54.934,1,300,0,0,8,3,a5,64,5a,64,0,64,f8
15:43:54.997,1,206,0,0,8,0,0,0,0,0,0,0,0
15:43:55.060,1,300,0,0,8,3,a5,64,5a,64,0,64,fa
15:43:55.123,1,300,0,0,8,3,a5,64,5a,64,0,64,fc
15:43:55.186,1,401,0,0,8,f2,9e,0,0,c7,8,0,0
15:43:55.249,1,300,0,0,8,3,a5,64,5a,64,0,64,fe
15:43:55.312,1,400,0,0,8,1,0,2c,0,0,0,0,0
15:43:55.375,1,401,0,0,8,f2,9e,0,0,c3,8,0,0
15:43:55.438,1,300,0,0,8,3,a5,64,5a,64,0,64,72
15:43:55.501,1,300,0,0,8,3,a5,64,5a,64,0,64,63
15:43:55.564,1,203,0,0,8,0,0,0,0,0,0,0,0
15:43:55.627,1,300,0,0,8,3,a5,64,5a,64,0,64,76
15:43:55.690,1,401,0,0,8,f0,9e,0,0,c2,8,0,0
15:43:55.753,1,300,0,0,8,3,a5,64,5a,64,0,64,f8
15:43:55.816,1,300,0,0,8,3,a5,64,5a,64,0,64,fa
15:43:55.879,1,401,0,0,8,f0,9e,0,0,c3,8,0,0
15:43:55.942,1,300,0,0,8,3,a5,64,5a,64,0,64,fc
15:43:56.005,1,300,0,0,8,3,a5,64,5a,64,0,64,ed
15:43:56.068,1,203,0,0,8,0,0,0,0,0,0,0,0
15:43:56.131,1,300,0,0,8,3,a5,64,5a,64,0,64,70
15:43:56.194,1,401,0,0,8,e8,9e,0,0,dd,8,0,0
15:43:56.257,1,300,0,0,8,3,a5,64,5a,64,0,64,72
15:43:56.320,1,404,0,0,2,a3,1,,,,,,
15:43:56.384,1,401,0,0,8,e2,9e,0,0,2a,9,0,0
15:43:56.447,1,300,0,0,8,3,a5,64,5a,64,0,64,76
15:43:56.510,1,300,0,0,8,3,a5,64,5a,64,0,64,67
15:43:56.573,1,203,0,0,8,0,0,0,0,0,0,0,0
15:43:56.636,1,300,0,0,8,3,a5,64,5a,64,0,64,fa
15:43:56.700,1,206,0,0,8,0,0,0,0,0,0,0,0
15:43:56.764,1,201,0,0,5,0,0,0,0,63,,,
15:43:56.827,1,404,0,0,2,b0,1,,,,,,
15:43:56.890,1,401,0,0,8,e6,9e,0,0,1a,9,0,0
15:43:56.953,1,300,0,0,8,3,a5,64,5a,64,0,64,70
15:43:57.016,1,400,0,0,8,1,0,2c,0,0,0,0,0
15:43:57.079,1,401,0,0,8,f2,9e,0,0,d9,8,0,0
15:43:57.142,1,300,0,0,8,3,a5,64,5a,64,0,64,74
15:43:57.206,1,300,0,0,8,3,a5,64,5a,64,0,64,65
15:43:57.268,1,203,0,0,8,0,0,0,0,0,0,0,0
15:43:57.331,1,300,0,0,8,3,a5,64,5a,64,0,64,f8
15:43:57.394,1,401,0,0,8,ee,9e,0,0,ba,8,0,0
15:43:57.457,1,300,0,0,8,3,a5,64,5a,64,0,64,fa
15:43:57.520,1,300,0,0,8,3,a5,64,5a,64,0,64,fc
15:43:57.584,1,206,0,0,8,0,0,0,0,0,0,0,0
15:43:57.648,1,300,0,0,8,3,a5,64,5a,64,0,64,fe
15:43:57.711,1,300,0,0,8,3,a5,64,5a,64,0,64,ef
15:43:57.774,1,203,0,0,8,0,0,0,0,0,0,0,0
15:43:57.837,1,300,0,0,8,3,a5,64,5a,64,0,64,72
15:43:57.900,1,401,0,0,8,f0,9e,0,0,b8,8,0,0
15:43:57.963,1,201,0,0,5,0,0,0,0,63,,,
15:43:58.026,1,200,0,0,8,5e,0,1,41,9,0,1,0
15:43:58.089,1,206,0,0,8,0,0,0,0,0,0,0,0
15:43:58.152,1,300,0,0,8,3,a5,64,5a,64,0,64,f8
15:43:58.215,1,400,0,0,8,1,0,2c,0,0,0,0,0
15:43:58.278,1,403,0,0,8,64,0,0,0,40,e3,9,0
15:43:58.341,1,300,0,0,8,3,a5,64,5a,64,0,64,fc
15:43:58.404,1,300,0,0,8,3,a5,64,5a,64,0,64,ed
15:43:58.467,1,203,0,0,8,0,0,0,0,0,0,0,0
15:43:58.530,1,300,0,0,8,3,a5,64,5a,64,0,64,70
15:43:58.593,1,206,0,0,8,0,0,0,0,0,0,0,0
15:43:58.656,1,300,0,0,8,3,a5,64,5a,64,0,64,72
15:43:58.719,1,400,0,0,8,1,0,2c,0,0,0,0,0
15:43:58.784,1,402,0,0,8,5e,0,0,0,0,3f,9,0
15:43:58.847,1,300,0,0,8,3,a5,64,5a,64,0,64,76
15:43:58.910,1,300,0,0,8,3,a5,64,5a,64,0,64,67
15:43:58.973,1,203,0,0,8,0,0,0,0,0,0,0,0
15:43:59.036,1,300,0,0,8,3,a5,64,5a,64,0,64,fa
15:43:59.100,1,206,0,0,8,0,0,0,0,0,0,0,0
15:43:59.162,1,201,0,0,5,0,0,0,0,63,,,
15:43:59.225,1,300,0,0,8,3,a5,64,5a,64,0,64,fe
15:43:59.288,1,206,0,0,8,0,0,0,0,0,0,0,0
15:43:59.351,1,300,0,0,8,3,a5,64,5a,64,0,64,70
15:43:59.416,1,400,0,0,8,1,0,2c,0,0,0,0,0
15:43:59.477,1,206,0,0,8,0,0,0,0,0,0,0,0
15:43:59.540,1,300,0,0,8,3,a5,64,5a,64,0,64,74
15:43:59.603,1,401,0,0,8,ec,9e,0,0,bb,8,0,0
15:43:59.666,1,203,0,0,8,0,0,0,0,0,0,0,0
15:43:59.729,1,300,0,0,8,3,a5,64,5a,64,0,64,f8
15:43:59.794,1,206,0,0,8,0,0,0,0,0,0,0,0
15:43:59.855,1,300,0,0,8,3,a5,64,5a,64,0,64,fa
15:43:59.918,1,400,0,0,8,1,0,2c,0,0,0,0,0
15:43:59.984,1,204,0,0,8,0,0,0,0,0,0,0,0
15:44:00.049,1,300,0,0,8,3,a5,64,5a,64,0,64,fe
15:44:00.107,1,300,0,0,8,3,a5,64,5a,64,0,64,ef
15:44:00.170,1,203,0,0,8,0,0,0,0,0,0,0,0
15:44:00.234,1,300,0,0,8,3,a5,64,5a,64,0,64,72
15:44:00.297,1,206,0,0,8,0,0,0,0,0,0,0,0
15:44:00.360,1,300,0,0,8,3,a5,64,5a,64,0,64,74
15:44:00.423,1,400,0,0,8,1,0,2c,0,0,0,0,0
15:44:00.486,1,206,0,0,8,0,0,0,0,0,0,0,0
15:44:00.551,1,300,0,0,8,3,a5,64,5a,64,0,64,f8
15:44:00.612,1,400,0,0,8,1,0,2c,0,0,0,0,0
15:44:00.675,1,203,0,0,8,0,0,0,0,0,0,0,0
15:44:00.738,1,300,0,0,8,3,a5,64,5a,64,0,64,fc
15:44:00.801,1,401,0,0,8,ea,9e,0,0,d0,8,0,0
15:44:00.864,1,201,0,0,5,0,0,0,0,63,,,
15:44:00.927,1,400,0,0,8,1,0,2c,0,0,0,0,0
15:44:00.990,1,206,0,0,8,0,0,0,0,0,0,0,0
15:44:01.053,1,300,0,0,8,3,a5,64,5a,64,0,64,72
15:44:01.116,1,400,0,0,8,1,0,2c,0,0,0,0,0
15:44:01.179,1,206,0,0,8,0,0,0,0,0,0,0,0
15:44:01.242,1,300,0,0,8,3,a5,64,5a,64,0,64,76
15:44:01.305,1,401,0,0,8,ea,9e,0,0,cf,8,0,0
15:44:01.369,1,203,0,0,8,0,0,0,0,0,0,0,0
15:44:01.432,1,300,0,0,8,3,a5,64,5a,64,0,64,fa
15:44:01.495,1,206,0,0,8,0,0,0,0,0,0,0,0
15:44:01.559,1,300,0,0,8,3,a5,64,5a,64,0,64,fc
15:44:01.622,1,400,0,0,8,1,0,2c,0,0,0,0,0
15:44:01.686,1,206,0,0,8,0,0,0,0,0,0,0,0
15:44:01.748,1,300,0,0,8,3,a5,64,5a,64,0,64,70
15:44:01.813,1,401,0,0,8,ea,9e,0,0,d0,8,0,0
15:44:01.876,1,203,0,0,8,0,0,0,0,0,0,0,0
15:44:01.939,1,300,0,0,8,3,a5,64,5a,64,0,64,74
15:44:02.002,1,300,0,0,8,3,a5,64,5a,64,0,64,65
15:44:02.065,1,203,0,0,8,0,0,0,0,0,0,0,0
15:44:02.128,1,400,0,0,8,1,0,2c,0,0,0,0,0
15:44:02.191,1,206,0,0,8,0,0,0,0,0,0,0,0
15:44:02.254,1,300,0,0,8,3,a5,64,5a,64,0,64,fa
15:44:02.317,1,400,0,0,8,1,0,2c,0,0,0,0,0
15:44:02.380,1,206,0,0,8,0,0,0,0,0,0,0,0
15:44:02.443,1,300,0,0,8,3,a5,64,5a,64,0,64,fe
15:44:02.506,1,300,0,0,8,3,a5,64,5a,64,0,64,ef
15:44:02.569,1,203,0,0,8,0,0,0,0,0,0,0,0
15:44:02.632,1,400,0,0,8,1,0,2c,0,0,0,0,0
15:44:02.695,1,206,0,0,8,0,0,0,0,0,0,0,0
15:44:02.758,1,300,0,0,8,3,a5,64,5a,64,0,64,74
15:44:02.821,1,400,0,0,8,1,0,2c,0,0,0,0,0
15:44:02.884,1,206,0,0,8,0,0,0,0,0,0,0,0
15:44:02.947,1,300,0,0,8,3,a5,64,5a,64,0,64,f8
15:44:03.010,1,300,0,0,8,3,a5,64,5a,64,0,64,e9
15:44:03.073,1,203,0,0,8,0,0,0,0,0,0,0,0
15:44:03.136,1,300,0,0,8,3,a5,64,5a,64,0,64,fc
15:44:03.199,1,206,0,0,8,0,0,0,0,0,0,0,0
15:44:03.262,1,201,0,0,5,0,0,0,0,63,,,
15:44:03.325,1,400,0,0,8,1,0,2c,0,0,0,0,0
15:44:03.388,1,206,0,0,8,0,0,0,0,0,0,0,0
15:44:03.454,1,300,0,0,8,3,a5,64,5a,64,0,64,72
15:44:03.517,1,401,0,0,8,e0,9e,0,0,13,9,0,0
15:44:03.580,1,206,0,0,8,0,0,0,0,0,0,0,0
15:44:03.643,1,300,0,0,8,3,a5,64,5a,64,0,64,76
15:44:03.706,1,300,0,0,8,3,a5,64,5a,64,0,64,67
15:44:03.770,1,203,0,0,8,0,0,0,0,0,0,0,0
15:44:03.832,1,400,0,0,8,1,0,2c,0,0,0,0,0
15:44:03.895,1,206,0,0,8,0,0,0,0,0,0,0,0
15:44:03.958,1,300,0,0,8,3,a5,64,5a,64,0,64,fc
15:44:04.023,1,665,0,0,8,0,0,0,53,4c,18,53,0
15:44:04.085,1,206,0,0,8,0,0,0,0,0,0,0,0
15:44:04.148,1,300,0,0,8,3,a5,64,5a,64,0,64,70
15:44:04.211,1,300,0,0,8,3,a5,64,5a,64,0,64,61
15:44:04.275,1,203,0,0,8,0,0,0,0,0,0,0,0
15:44:04.338,1,404,0,0,2,a3,1,,,,,,
15:44:04.405,1,206,0,0,8,0,0,0,0,0,0,0,0
15:44:04.464,1,201,0,0,5,0,0,0,0,63,,,
15:44:04.529,1,404,0,0,2,25,0,,,,,,
15:44:04.590,1,404,0,0,2,27,0,,,,,,
15:44:04.653,1,404,0,0,2,46,0,,,,,,
15:44:04.718,1,401,0,0,8,e4,9e,0,0,d3,8,0,0
15:44:04.779,1,404,0,0,2,a,0,,,,,,
15:44:04.842,1,404,0,0,2,b0,1,,,,,,
15:44:04.905,1,300,0,0,8,3,a5,64,5a,64,0,64,ef
15:44:04.968,1,203,0,0,8,0,0,0,0,0,0,0,0
15:44:05.031,1,400,0,0,8,1,0,2c,0,0,0,0,0
15:44:05.094,1,206,0,0,8,0,0,0,0,0,0,0,0
15:44:05.157,1,300,0,0,8,3,a5,64,5a,64,0,64,74
15:44:05.220,1,400,0,0,8,1,0,2c,0,0,0,0,0
15:44:05.284,1,403,0,0,8,64,0,0,0,40,e3,9,0
15:44:05.348,1,300,0,0,8,3,a5,64,5a,64,0,64,f8
15:44:05.410,1,300,0,0,8,3,a5,64,5a,64,0,64,e9
15:44:05.476,1,203,0,0,8,0,0,0,0,0,0,0,0
15:44:05.539,1,400,0,0,8,1,0,2c,0,0,0,0,0
15:44:05.602,1,300,0,0,8,3,a5,64,5a,64,0,64,ed
15:44:05.665,1,201,0,0,5,0,0,0,0,63,,,
15:44:05.728,1,400,0,0,8,1,0,2c,0,0,0,0,0
15:44:05.791,1,402,0,0,8,5e,0,0,0,4c,3e,9,0
15:44:05.854,1,300,0,0,8,3,a5,64,5a,64,0,64,72
15:44:05.917,1,401,0,0,8,ea,9e,0,0,b6,8,0,0
15:44:05.981,1,204,0,0,8,0,0,0,0,0,0,0,0
15:44:06.043,1,300,0,0,8,3,a5,64,5a,64,0,64,76
15:44:06.106,1,300,0,0,8,3,a5,64,5a,64,0,64,67
15:44:06.169,1,203,0,0,8,0,0,0,0,0,0,0,0
15:44:06.232,1,400,0,0,8,1,0,2c,0,0,0,0,0
15:44:06.295,1,403,0,0,8,64,0,0,0,40,e3,9,0
15:44:06.358,1,300,0,0,8,3,a5,64,5a,64,0,64,fc
15:44:06.421,1,401,0,0,8,e8,9e,0,0,b3,8,0,0
15:44:06.484,1,206,0,0,8,0,0,0,0,0,0,0,0
15:44:06.547,1,300,0,0,8,3,a5,64,5a,64,0,64,70
15:44:06.610,1,300,0,0,8,3,a5,64,5a,64,0,64,61
15:44:06.674,1,203,0,0,8,0,0,0,0,0,0,0,0
15:44:06.737,1,400,0,0,8,1,0,2c,0,0,0,0,0
15:44:06.799,1,206,0,0,8,0,0,0,0,0,0,0,0
15:44:06.862,1,201,0,0,5,0,0,0,0,63,,,
15:44:06.925,1,400,0,0,8,1,0,2c,0,0,0,0,0
15:44:06.988,1,204,0,0,8,0,0,0,0,0,0,0,0
15:44:07.051,1,300,0,0,8,3,a5,64,5a,64,0,64,fa
15:44:07.114,1,401,0,0,8,e4,9e,0,0,b8,8,0,0
15:44:07.178,1,203,0,0,8,0,0,0,0,0,0,0,0
15:44:07.240,1,400,0,0,8,1,0,2c,0,0,0,0,0
15:44:07.304,1,403,0,0,8,64,0,0,0,40,e3,9,0
15:44:07.367,1,201,0,0,5,0,0,0,0,63,,,
15:44:07.429,1,400,0,0,8,1,0,2c,0,0,0,0,0
15:44:07.492,1,206,0,0,8,0,0,0,0,0,0,0,0
15:44:07.555,1,300,0,0,8,3,a5,64,5a,64,0,64,74
15:44:07.618,1,401,0,0,8,e4,9e,0,0,d6,8,0,0
15:44:07.681,1,206,0,0,8,0,0,0,0,0,0,0,0
15:44:07.744,1,400,0,0,8,1,0,2c,0,0,0,0,0
15:44:07.808,1,300,0,0,8,3,a5,64,5a,64,0,64,e9
15:44:07.870,1,203,0,0,8,0,0,0,0,0,0,0,0
15:44:07.934,1,400,0,0,8,1,0,2c,0,0,0,0,0
15:44:08.002,1,206,0,0,8,0,0,0,0,0,0,0,0
15:44:08.060,1,300,0,0,8,3,a5,64,5a,64,0,64,fe
15:44:08.124,1,401,0,0,8,e4,9e,0,0,d4,8,0,0
15:44:08.186,1,206,0,0,8,0,0,0,0,0,0,0,0
15:44:08.250,1,300,0,0,8,3,a5,64,5a,64,0,64,72
15:44:08.313,1,401,0,0,8,e2,9e,0,0,d4,8,0,0
15:44:08.376,1,203,0,0,8,0,0,0,0,0,0,0,0
15:44:08.439,1,400,0,0,8,1,0,2c,0,0,0,0,0
15:44:08.502,1,206,0,0,8,0,0,0,0,0,0,0,0
15:44:08.565,1,201,0,0,5,0,0,0,0,63,,,
15:44:08.628,1,400,0,0,8,1,0,2c,0,0,0,0,0
15:44:08.691,1,206,0,0,8,0,0,0,0,0,0,0,0
15:44:08.759,1,300,0,0,8,3,a5,64,5a,64,0,64,fc
15:44:08.823,1,401,0,0,8,e4,9e,0,0,d5,8,0,0
15:44:08.886,1,206,0,0,8,0,0,0,0,0,0,0,0
15:44:08.949,1,300,0,0,8,3,a5,64,5a,64,0,64,70
15:44:09.013,1,401,0,0,8,e4,9e,0,0,d4,8,0,0
15:44:09.075,1,203,0,0,8,0,0,0,0,0,0,0,0
15:44:09.138,1,400,0,0,8,1,0,2c,0,0,0,0,0
15:44:09.202,1,206,0,0,8,0,0,0,0,0,0,0,0
15:44:09.264,1,201,0,0,5,0,0,0,0,63,,,
15:44:09.327,1,401,0,0,8,e4,9e,0,0,d4,8,0,0
15:44:09.392,1,206,0,0,8,0,0,0,0,0,0,0,0
15:44:09.453,1,300,0,0,8,3,a5,64,5a,64,0,64,fa
15:44:09.516,1,401,0,0,8,e4,9e,0,0,d1,8,0,0
15:44:09.579,1,206,0,0,8,0,0,0,0,0,0,0,0
15:44:09.642,1,400,0,0,8,1,0,2c,0,0,0,0,0
15:44:09.705,1,300,0,0,8,3,a5,64,5a,64,0,64,ef
15:44:09.768,1,203,0,0,8,0,0,0,0,0,0,0,0
15:44:09.831,1,400,0,0,8,1,0,2c,0,0,0,0,0
15:44:09.895,1,206,0,0,8,0,0,0,0,0,0,0,0
15:44:09.957,1,300,0,0,8,3,a5,64,5a,64,0,64,74
15:44:10.021,1,665,0,0,8,0,0,0,53,4c,18,53,0
15:44:10.083,1,206,0,0,8,0,0,0,0,0,0,0,0
15:44:10.146,1,400,0,0,8,1,0,2c,0,0,0,0,0
15:44:10.211,1,300,0,0,8,3,a5,64,5a,64,0,64,e9
15:44:10.273,1,203,0,0,8,0,0,0,0,0,0,0,0
15:44:10.335,1,400,0,0,8,1,0,2c,0,0,0,0,0
15:44:10.399,1,206,0,0,8,0,0,0,0,0,0,0,0
15:44:10.461,1,300,0,0,8,3,a5,64,5a,64,0,64,fe
15:44:10.525,1,401,0,0,8,dc,9e,0,0,17,9,0,0
15:44:10.587,1,206,0,0,8,0,0,0,0,0,0,0,0
15:44:10.650,1,400,0,0,8,1,0,2c,0,0,0,0,0
15:44:10.713,1,401,0,0,8,da,9e,0,0,14,9,0,0
15:44:10.776,1,203,0,0,8,0,0,0,0,0,0,0,0
15:44:10.839,1,400,0,0,8,1,0,2c,0,0,0,0,0
15:44:10.908,1,206,0,0,8,0,0,0,0,0,0,0,0
15:44:10.971,1,201,0,0,5,0,0,0,0,63,,,
15:44:11.042,1,401,0,0,8,dc,9e,0,0,14,9,0,0
15:44:11.098,1,206,0,0,8,0,0,0,0,0,0,0,0
15:44:11.162,1,300,0,0,8,3,a5,64,5a,64,0,64,fc
15:44:11.225,1,401,0,0,8,de,9e,0,0,14,9,0,0
15:44:11.287,1,206,0,0,8,0,0,0,0,0,0,0,0
15:44:11.350,1,400,0,0,8,1,0,2c,0,0,0,0,0
15:44:11.414,1,401,0,0,8,dc,9e,0,0,15,9,0,0
15:44:11.476,1,203,0,0,8,0,0,0,0,0,0,0,0
15:44:11.539,1,400,0,0,8,1,0,2c,0,0,0,0,0
15:44:11.603,1,206,0,0,8,0,0,0,0,0,0,0,0
15:44:11.665,1,201,0,0,5,0,0,0,0,63,,,
15:44:11.728,1,401,0,0,8,da,9e,0,0,15,9,0,0
15:44:11.791,1,206,0,0,8,0,0,0,0,0,0,0,0
15:44:11.855,1,400,0,0,8,1,0,2c,0,0,0,0,0
15:44:11.917,1,401,0,0,8,da,9e,0,0,15,9,0,0
15:44:11.980,1,204,0,0,8,0,0,0,0,0,0,0,0
15:44:12.043,1,400,0,0,8,1,0,2c,0,0,0,0,0
15:44:12.106,1,300,0,0,8,3,a5,64,5a,64,0,64,ef
15:44:12.170,1,203,0,0,8,0,0,0,0,0,0,0,0
15:44:12.233,1,401,0,0,8,dc,9e,0,0,13,9,0,0
15:44:12.300,1,206,0,0,8,0,0,0,0,0,0,0,0
15:44:12.361,1,300,0,0,8,3,a5,64,5a,64,0,64,74
15:44:12.424,1,401,0,0,8,dc,9e,0,0,fc,8,0,0
15:44:12.486,1,404,0,0,2,24,0,,,,,,
15:44:12.550,1,400,0,0,8,1,0,2c,0,0,0,0,0
15:44:12.612,1,404,0,0,2,4c,0,,,,,,
15:44:12.675,1,203,0,0,8,0,0,0,0,0,0,0,0
15:44:12.738,1,401,0,0,8,da,9e,0,0,c,9,0,0
15:44:12.802,1,206,0,0,8,0,0,0,0,0,0,0,0
15:44:12.864,1,201,0,0,5,0,0,0,0,63,,,
15:44:12.927,1,401,0,0,8,da,9e,0,0,f,9,0,0
15:44:12.992,1,204,0,0,8,0,0,0,0,0,0,0,0
15:44:13.054,1,400,0,0,8,1,0,2c,0,0,0,0,0
15:44:13.120,1,401,0,0,8,da,9e,0,0,f,9,0,0
15:44:13.181,1,206,0,0,8,0,0,0,0,0,0,0,0
15:44:13.244,1,400,0,0,8,1,0,2c,0,0,0,0,0
15:44:13.306,1,300,0,0,8,3,a5,64,5a,64,0,64,67
15:44:13.369,1,203,0,0,8,0,0,0,0,0,0,0,0
15:44:13.432,1,401,0,0,8,da,9e,0,0,e,9,0,0
15:44:13.496,1,206,0,0,8,0,0,0,0,0,0,0,0
15:44:13.559,1,400,0,0,8,1,0,2c,0,0,0,0,0
15:44:13.622,1,401,0,0,8,d8,9e,0,0,e,9,0,0
15:44:13.685,1,206,0,0,8,0,0,0,0,0,0,0,0
15:44:13.748,1,400,0,0,8,1,0,2c,0,0,0,0,0
15:44:13.811,1,300,0,0,8,3,a5,64,5a,64,0,64,61
15:44:13.874,1,203,0,0,8,0,0,0,0,0,0,0,0
15:44:13.937,1,401,0,0,8,d8,9e,0,0,f,9,0,0
15:44:14.000,1,206,0,0,8,0,0,0,0,0,0,0,0
15:44:14.063,1,201,0,0,5,0,0,0,0,63,,,
15:44:14.126,1,401,0,0,8,e0,9e,0,0,f2,8,0,0
15:44:14.189,1,206,0,0,8,0,0,0,0,0,0,0,0
15:44:14.253,1,300,0,0,8,3,a5,64,5a,64,0,64,fa
15:44:14.315,1,403,0,0,8,64,0,0,0,40,e3,9,0
15:44:14.378,1,203,0,0,8,0,0,0,0,0,0,0,0
15:44:14.442,1,401,0,0,8,e0,9e,0,0,c9,8,0,0
15:44:14.504,1,206,0,0,8,0,0,0,0,0,0,0,0
15:44:14.567,1,201,0,0,5,0,0,0,0,63,,,
15:44:14.630,1,401,0,0,8,d8,9e,0,0,c3,8,0,0
15:44:14.693,1,206,0,0,8,0,0,0,0,0,0,0,0
15:44:14.756,1,300,0,0,8,3,a5,64,5a,64,0,64,74
15:44:14.819,1,402,0,0,8,5e,0,0,0,74,3d,9,0
15:44:14.882,1,206,0,0,8,0,0,0,0,0,0,0,0
15:44:14.945,1,300,0,0,8,3,a5,64,5a,64,0,64,f8
15:44:15.008,1,300,0,0,8,3,a5,64,5a,64,0,64,e9
15:44:15.071,1,203,0,0,8,0,0,0,0,0,0,0,0
15:44:15.134,1,401,0,0,8,d8,9e,0,0,6,9,0,0
15:44:15.197,1,206,0,0,8,0,0,0,0,0,0,0,0
15:44:15.260,1,300,0,0,8,3,a5,64,5a,64,0,64,fe
15:44:15.323,1,403,0,0,8,64,0,0,0,40,e3,9,0
15:44:15.387,1,206,0,0,8,0,0,0,0,0,0,0,0
15:44:15.457,1,300,0,0,8,3,a[ 74982][E][TwaiCan.hpp:56] Send(): [twai] TWAI Write Error: ESP_ERR_TIMEOUT
15:44:15.512,1,401,0,0,8,d8,9e,0,0,6,9,0,0
15:44:15.575,1,203,0,0,8,0,0,0,0,0,0,0,0
15:44:15.639,1,401,0,0,8,da,9e,0,0,6,9,0,0
15:44:15.702,1,206,0,0,8,0,0,0,0,0,0,0,0
15:44:15.765,1,400,0,0,8,1,0,2c,0,0,0,0,0
15:44:15.827,1,401,0,0,8,d8,9e,0,0,5,9,0,0
15:44:15.891,1,206,0,0,8,0,0,0,0,0,0,0,0
15:44:15.953,1,300,0,0,8,3,a5,64,5a,64,0,64,fc
15:44:16.017,1,666,0,0,8,52,8,5,0,52,95,36,2
15:44:16.083,1,203,0,0,8,0,0,0,0,0,0,0,0
15:44:16.142,1,401,0,0,8,da,9e,0,0,5,9,0,0
15:44:16.206,1,300,0,0,8,3,a5,64,5a,64,0,64,61
15:44:16.269,1,201,0,0,5,0,0,0,0,63,,,
15:44:16.333,1,401,0,0,8,e2,9e,0,0,e5,8,0,0
15:44:16.395,1,206,0,0,8,0,0,0,0,0,0,0,0
15:44:16.458,1,300,0,0,8,3,a5,64,5a,64,0,64,76
15:44:16.522,1,401,0,0,8,e2,9e,0,0,e5,8,0,0
15:44:16.585,1,206,0,0,8,0,0,0,0,0,0,0,0
15:44:16.647,1,401,0,0,8,d6,9e,0,0,ea,8,0,0
15:44:16.711,1,300,0,0,8,3,a5,64,5a,64,0,64,eb
15:44:16.773,1,203,0,0,8,0,0,0,0,0,0,0,0
15:44:16.836,1,401,0,0,8,de,9e,0,0,fb,8,0,0
15:44:16.899,1,206,0,0,8,0,0,0,0,0,0,0,0
15:44:16.962,1,400,0,0,8,1,0,2c,0,0,0,0,0
15:44:17.025,1,401,0,0,8,de,9e,0,0,fb,8,0,0
15:44:17.089,1,206,0,0,8,0,0,0,0,0,0,0,0
15:44:17.151,1,300,0,0,8,3,a5,64,5a,64,0,64,74
15:44:17.217,1,401,0,0,8,de,9e,0,0,ca,8,0,0
15:44:17.277,1,203,0,0,8,0,0,0,0,0,0,0,0
15:44:17.341,1,401,0,0,8,de,9e,0,0,cd,8,0,0
15:44:17.407,1,206,0,0,8,0,0,0,0,0,0,0,0
15:44:17.467,1,201,0,0,5,0,0,0,0,63,,,
15:44:17.531,1,401,0,0,8,de,9e,0,0,cd,8,0,0
15:44:17.594,1,206,0,0,8,0,0,0,0,0,0,0,0
15:44:17.657,1,300,0,0,8,3,a5,64,5a,64,0,64,fe
15:44:17.720,1,401,0,0,8,dc,9e,0,0,cf,8,0,0
15:44:17.784,1,206,0,0,8,0,0,0,0,0,0,0,0
15:44:17.847,1,401,0,0,8,de,9e,0,0,ce,8,0,0
15:44:17.910,1,300,0,0,8,3,a5,64,5a,64,0,64,63
15:44:17.973,1,203,0,0,8,0,0,0,0,0,0,0,0
15:44:18.036,1,401,0,0,8,de,9e,0,0,ce,8,0,0
15:44:18.099,1,206,0,0,8,0,0,0,0,0,0,0,0
15:44:18.162,1,201,0,0,5,0,0,0,0,63,,,
15:44:18.230,1,401,0,0,8,de,9e,0,0,ce,8,0,0
15:44:18.290,1,206,0,0,8,0,0,0,0,0,0,0,0
15:44:18.351,1,401,0,0,8,d6,9e,0,0,d8,8,0,0
15:44:18.414,1,401,0,0,8,d6,9e,0,0,d8,8,0,0
15:44:18.478,1,203,0,0,8,0,0,0,0,0,0,0,0
15:44:18.541,1,401,0,0,8,d6,9e,0,0,d8,8,0,0
15:44:18.603,1,206,0,0,8,0,0,0,0,0,0,0,0
15:44:18.666,1,201,0,0,5,0,0,0,0,63,,,
15:44:18.729,1,401,0,0,8,d6,9e,0,0,8,9,0,0
15:44:18.795,1,206,0,0,8,0,0,0,0,0,0,0,0
15:44:18.856,1,300,0,0,8,3,a5,64,5a,64,0,64,76
15:44:18.918,1,401,0,0,8,d6,9e,0,0,14,9,0,0
15:44:18.982,1,203,0,0,8,0,0,0,0,0,0,0,0
15:44:19.044,1,401,0,0,8,d6,9e,0,0,14,9,0,0
15:44:19.101,1,300,0,0,8,3,a5,64,5a,64,0,64,eb
15:44:19.171,1,400,0,0,8,1,0,2c,0,0,0,0,0
15:44:19.234,1,401,0,0,8,d4,9e,0,0,13,9,0,0
15:44:19.297,1,206,0,0,8,0,0,0,0,0,0,0,0
15:44:19.359,1,300,0,0,8,3,a5,64,5a,64,0,64,70
15:44:19.422,1,401,0,0,8,d6,9e,0,0,13,9,0,0
15:44:19.488,1,206,0,0,8,0,0,0,0,0,0,0,0
15:44:19.548,1,401,0,0,8,d6,9e,0,0,13,9,0,0
15:44:19.612,1,300,0,0,8,3,a5,64,5a,64,0,64,65
15:44:19.674,1,400,0,0,8,1,0,2c,0,0,0,0,0
15:44:19.737,1,401,0,0,8,d6,9e,0,0,fd,8,0,0
15:44:19.804,1,206,0,0,8,0,0,0,0,0,0,0,0
15:44:19.868,1,201,0,0,5,0,0,0,0,63,,,
15:44:19.931,1,401,0,0,8,d4,9e,0,0,fb,8,0,0
15:44:19.994,1,206,0,0,8,0,0,0,0,0,0,0,0
15:44:20.058,1,300,0,0,8,3,a5,64,5a,64,0,64,fe
15:44:20.120,1,401,0,0,8,d8,9e,0,0,fd,8,0,0
15:44:20.186,1,206,0,0,8,0,0,0,0,0,0,0,0
15:44:20.247,1,404,0,0,2,2,30,,,,,,
15:44:20.311,1,300,0,0,8,3,a5,64,5a,64,0,64,63
15:44:20.373,1,404,0,0,2,20,0,,,,,,
15:44:20.435,1,404,0,0,2,22,0,,,,,,
15:44:20.500,1,404,0,0,2,24,0,,,,,,
15:44:20.562,1,404,0,0,2,26,0,,,,,,
15:44:20.625,1,405,0,0,8,4c,0,0,0,0,24,0,0
15:44:20.688,1,206,0,0,8,0,0,0,0,0,0,0,0
15:44:20.751,1,401,0,0,8,d6,9e,0,0,fd,8,0,0
15:44:20.814,1,402,0,0,8,5e,0,0,0,8,3d,9,0
15:44:20.877,1,400,0,0,8,1,0,2c,0,0,0,0,0
15:44:20.940,1,401,0,0,8,ba,9f,0,0,b9,7,0,0
15:44:21.003,1,206,0,0,8,0,0,0,0,0,0,0,0
15:44:21.066,1,201,0,0,5,0,0,0,0,62,,,
15:44:21.129,1,401,0,0,8,bc,9f,0,0,31,1,0,0
15:44:21.193,1,206,0,0,8,0,0,0,0,0,0,0,0
15:44:21.255,1,401,0,0,8,bc,9f,0,0,31,1,0,0
15:44:21.319,1,403,0,0,8,64,0,0,0,40,e3,9,0
15:44:21.381,1,203,0,0,8,0,0,0,0,0,0,0,0
15:44:21.444,1,401,0,0,8,be,9f,0,0,46,0,0,0
15:44:21.507,1,300,0,0,8,3,5a,64,5a,64,0,64,ab
15:44:21.571,1,201,0,0,5,0,0,0,0,62,,,
15:44:21.633,1,401,0,0,8,c2,9f,0,0,46,0,0,0
15:44:21.697,1,206,0,0,8,0,0,0,0,0,0,0,0
15:44:21.759,1,401,0,0,8,c2,9f,0,0,46,0,0,0
15:44:21.822,1,402,0,0,8,5e,0,0,0,8,3d,9,0
15:44:21.885,1,206,0,0,8,0,0,0,0,0,0,0,0
15:44:21.949,1,401,0,0,8,c0,9f,0,0,46,0,0,0
15:44:22.011,1,300,0,0,8,3,5a,64,5a,64,0,64,25
15:44:22.074,1,400,0,0,8,1,0,c,0,0,0,0,0
15:44:22.137,1,401,0,0,8,c2,9f,0,0,45,0,0,0
15:44:22.201,1,206,0,0,8,0,0,0,0,0,0,0,0
