2024-09-25T12:39:05.927450100+00:00,,300,,,8,03,5A,64,5A,64,00,64,AB
2024-09-25T12:39:05.927914100+00:00,,301,,,3,43,0B,00,,,,,
2024-09-25T12:39:05.977455600+00:00,,300,,,8,03,5A,64,5A,64,00,64,BC
2024-09-25T12:39:05.977919600+00:00,,301,,,3,B5,0C,00,,,,,
2024-09-25T12:39:06.027460100+00:00,,300,,,8,03,5A,64,5A,64,00,64,AD
2024-09-25T12:39:06.027924100+00:00,,301,,,3,4E,0D,00,,,,,
2024-09-25T12:39:06.077465600+00:00,,300,,,8,03,5A,64,5A,64,00,64,BE
2024-09-25T12:39:06.077933600+00:00,,301,,,3,1D,0E,00,,,,,
2024-09-25T12:39:06.127469100+00:00,,300,,,8,03,5A,64,5A,64,00,64,AF
2024-09-25T12:39:06.127933100+00:00,,301,,,3,E8,0F,00,,,,,
2024-09-25T12:39:06.177475600+00:00,,300,,,8,03,5A,64,5A,64,00,64,30
2024-09-25T12:39:06.177947600+00:00,,301,,,3,E2,00,00,,,,,
2024-09-25T12:39:06.227479100+00:00,,300,,,8,03,5A,64,5A,64,00,64,21
2024-09-25T12:39:06.227951100+00:00,,301,,,3,B3,01,00,,,,,
2024-09-25T12:39:06.278109600+00:00,,300,,,8,03,5A,64,5A,64,00,64,32
2024-09-25T12:39:06.278573600+00:00,,301,,,3,6B,02,00,,,,,
2024-09-25T12:39:06.328269100+00:00,,300,,,8,03,5A,64,5A,64,00,64,23
2024-09-25T12:39:06.328733100+00:00,,301,,,3,96,03,00,,,,,
2024-09-25T12:39:06.377499600+00:00,,300,,,8,03,5A,64,5A,64,00,64,34
2024-09-25T12:39:06.377963600+00:00,,301,,,3,03,04,00,,,,,
2024-09-25T12:39:06.427502600+00:00,,300,,,8,03,5A,64,5A,64,00,64,25
2024-09-25T12:39:06.427966600+00:00,,301,,,3,54,05,00,,,,,
2024-09-25T12:39:06.477506100+00:00,,300,,,8,03,5A,64,5A,64,00,64,36
2024-09-25T12:39:06.477974100+00:00,,301,,,3,F5,06,00,,,,,
2024-09-25T12:39:06.527512100+00:00,,300,,,8,03,5A,64,5A,64,00,64,27
2024-09-25T12:39:06.527980600+00:00,,301,,,3,B8,07,00,,,,,
2024-09-25T12:39:06.577515600+00:00,,300,,,8,03,5A,64,5A,64,00,64,B8
2024-09-25T12:39:06.577984100+00:00,,301,,,3,80,08,00,,,,,
2024-09-25T12:39:06.627522100+00:00,,300,,,8,03,5A,64,5A,64,00,64,A9
2024-09-25T12:39:06.627990100+00:00,,301,,,3,88,09,00,,,,,
2024-09-25T12:39:06.677526100+00:00,,300,,,8,03,5A,64,5A,64,00,64,BA
2024-09-25T12:39:06.677990100+00:00,,301,,,3,C6,0A,00,,,,,
2024-09-25T12:39:06.727532600+00:00,,300,,,8,03,5A,64,5A,64,00,64,AB
2024-09-25T12:39:06.727996600+00:00,,301,,,3,43,0B,00,,,,,
2024-09-25T12:39:06.777536100+00:00,,300,,,8,03,5A,64,5A,64,00,64,BC
2024-09-25T12:39:06.778000100+00:00,,301,,,3,B5,0C,00,,,,,
2024-09-25T12:39:06.827544100+00:00,,300,,,8,03,5A,64,5A,64,00,64,AD
2024-09-25T12:39:06.828008100+00:00,,301,,,3,4E,0D,00,,,,,
2024-09-25T12:39:06.877548600+00:00,,300,,,8,03,5A,64,5A,64,00,64,BE
2024-09-25T12:39:06.878016600+00:00,,301,,,3,1D,0E,00,,,,,
2024-09-25T12:39:06.927552600+00:00,,300,,,8,03,5A,64,5A,64,00,64,AF
2024-09-25T12:39:06.928016600+00:00,,301,,,3,E8,0F,00,,,,,
2024-09-25T12:39:06.977557600+00:00,,300,,,8,03,5A,64,5A,64,00,64,30
2024-09-25T12:39:06.978029600+00:00,,301,,,3,E2,00,00,,,,,
2024-09-25T12:39:07.027565100+00:00,,300,,,8,03,5A,64,5A,64,00,64,21
2024-09-25T12:39:07.028037100+00:00,,301,,,3,B3,01,00,,,,,
2024-09-25T12:39:07.077566600+00:00,,300,,,8,03,5A,64,5A,64,00,64,32
2024-09-25T12:39:07.078030600+00:00,,301,,,3,6B,02,00,,,,,
2024-09-25T12:39:07.127573600+00:00,,300,,,8,03,5A,64,5A,64,00,64,23
2024-09-25T12:39:07.128037600+00:00,,301,,,3,96,03,00,,,,,
2024-09-25T12:39:07.177579100+00:00,,300,,,8,03,5A,64,5A,64,00,64,34
2024-09-25T12:39:07.178043100+00:00,,301,,,3,03,04,00,,,,,
2024-09-25T12:39:07.227583100+00:00,,300,,,8,03,5A,64,5A,64,00,64,25
2024-09-25T12:39:07.228047100+00:00,,301,,,3,54,05,00,,,,,
2024-09-25T12:39:07.278217100+00:00,,300,,,8,03,5A,64,5A,64,00,64,36
2024-09-25T12:39:07.278685600+00:00,,301,,,3,F5,06,00,,,,,
2024-09-25T12:39:07.329372100+00:00,,300,,,8,03,5A,64,5A,64,00,64,27
2024-09-25T12:39:07.329840100+00:00,,301,,,3,B8,07,00,,,,,
2024-09-25T12:39:07.378599600+00:00,,300,,,8,03,5A,64,5A,64,00,64,B8
2024-09-25T12:39:07.379067600+00:00,,301,,,3,80,08,00,,,,,
2024-09-25T12:39:07.428606100+00:00,,300,,,8,03,5A,64,5A,64,00,64,A9
2024-09-25T12:39:07.429074100+00:00,,301,,,3,88,09,00,,,,,
2024-09-25T12:39:07.478608600+00:00,,300,,,8,03,5A,64,5A,64,00,64,BA
2024-09-25T12:39:07.479072600+00:00,,301,,,3,C6,0A,00,,,,,
2024-09-25T12:39:07.528615600+00:00,,300,,,8,03,5A,64,5A,64,00,64,AB
2024-09-25T12:39:07.529079600+00:00,,301,,,3,43,0B,00,,,,,
2024-09-25T12:39:07.578619600+00:00,,300,,,8,03,5A,64,5A,64,00,64,BC
2024-09-25T12:39:07.579083600+00:00,,301,,,3,B5,0C,00,,,,,
2024-09-25T12:39:07.628625100+00:00,,300,,,8,03,5A,64,5A,64,00,64,AD
2024-09-25T12:39:07.629089100+00:00,,301,,,3,4E,0D,00,,,,,
2024-09-25T12:39:07.678632100+00:00,,300,,,8,03,5A,64,5A,64,00,64,BE
2024-09-25T12:39:07.679100100+00:00,,301,,,3,1D,0E,00,,,,,
2024-09-25T12:39:07.728634600+00:00,,300,,,8,03,5A,64,5A,64,00,64,AF
2024-09-25T12:39:07.729098600+00:00,,301,,,3,E8,0F,00,,,,,
2024-09-25T12:39:07.778642600+00:00,,300,,,8,03,5A,64,5A,64,00,64,30
2024-09-25T12:39:07.779114600+00:00,,301,,,3,E2,00,00,,,,,
2024-09-25T12:39:07.828647100+00:00,,300,,,8,03,5A,64,5A,64,00,64,21
2024-09-25T12:39:07.829119100+00:00,,301,,,3,B3,01,00,,,,,
2024-09-25T12:39:07.878652600+00:00,,300,,,8,03,5A,64,5A,64,00,64,32
2024-09-25T12:39:07.879116600+00:00,,301,,,3,6B,02,00,,,,,
2024-09-25T12:39:07.928656100+00:00,,300,,,8,03,5A,64,5A,64,00,64,23
2024-09-25T12:39:07.929120100+00:00,,301,,,3,96,03,00,,,,,
2024-09-25T12:39:07.978662100+00:00,,300,,,8,03,5A,64,5A,64,00,64,34
2024-09-25T12:39:07.979126100+00:00,,301,,,3,03,04,00,,,,,
2024-09-25T12:39:08.028666100+00:00,,300,,,8,03,5A,64,5A,64,00,64,25
2024-09-25T12:39:08.029130100+00:00,,301,,,3,54,05,00,,,,,
2024-09-25T12:39:08.078672600+00:00,,300,,,8,03,5A,64,5A,64,00,64,36
2024-09-25T12:39:08.079140600+00:00,,301,,,3,F5,06,00,,,,,
2024-09-25T12:39:08.128677100+00:00,,300,,,8,03,5A,64,5A,64,00,64,27
2024-09-25T12:39:08.129145100+00:00,,301,,,3,B8,07,00,,,,,
2024-09-25T12:39:08.178683600+00:00,,300,,,8,03,5A,64,5A,64,00,64,B8
2024-09-25T12:39:08.179151600+00:00,,301,,,3,80,08,00,,,,,
2024-09-25T12:39:08.229689100+00:00,,300,,,8,03,5A,64,5A,64,00,64,A9
2024-09-25T12:39:08.230157100+00:00,,301,,,3,88,09,00,,,,,
2024-09-25T12:39:08.280471600+00:00,,300,,,8,03,5A,64,5A,64,00,64,BA
2024-09-25T12:39:08.280935600+00:00,,301,,,3,C6,0A,00,,,,,
2024-09-25T12:39:08.330398100+00:00,,300,,,8,03,5A,64,5A,64,00,64,AB
2024-09-25T12:39:08.330862100+00:00,,301,,,3,43,0B,00,,,,,
2024-09-25T12:39:08.379705100+00:00,,300,,,8,03,5A,64,5A,64,00,64,BC
2024-09-25T12:39:08.380169100+00:00,,301,,,3,B5,0C,00,,,,,
2024-09-25T12:39:08.429711600+00:00,,300,,,8,03,5A,64,5A,64,00,64,AD
2024-09-25T12:39:08.430175600+00:00,,301,,,3,4E,0D,00,,,,,
2024-09-25T12:39:08.479711600+00:00,,300,,,8,03,5A,64,5A,64,00,64,BE
2024-09-25T12:39:08.480179600+00:00,,301,,,3,1D,0E,00,,,,,
2024-09-25T12:39:08.529719100+00:00,,300,,,8,03,5A,64,5A,64,00,64,AF
2024-09-25T12:39:08.530183100+00:00,,301,,,3,E8,0F,00,,,,,
2024-09-25T12:39:08.579723100+00:00,,300,,,8,03,5A,64,5A,64,00,64,30
2024-09-25T12:39:08.580195100+00:00,,301,,,3,E2,00,00,,,,,
2024-09-25T12:39:08.628698600+00:00,,3CF,,,C,,,,,,,,
2024-09-25T12:39:08.629729100+00:00,,300,,,8,03,5A,64,5A,64,00,64,21
2024-09-25T12:39:08.630201100+00:00,,301,,,3,B3,01,00,,,,,
2024-09-25T12:39:08.679733600+00:00,,300,,,8,03,5A,64,5A,64,00,64,32
2024-09-25T12:39:08.680197600+00:00,,301,,,3,6B,02,00,,,,,
2024-09-25T12:39:08.730011600+00:00,,300,,,8,03,5A,64,5A,64,00,64,23
2024-09-25T12:39:08.730476100+00:00,,301,,,3,96,03,00,,,,,
2024-09-25T12:39:08.748966600+00:00,,1EF39C79,,,3,,,,,,,,
2024-09-25T12:39:08.779744100+00:00,,300,,,8,03,5A,64,5A,64,00,64,34
2024-09-25T12:39:08.780208100+00:00,,301,,,3,03,04,00,,,,,
2024-09-25T12:39:08.809114600+00:00,,1E7F1C79,,,1,,,,,,,,
2024-09-25T12:39:08.829745600+00:00,,300,,,8,03,5A,64,5A,64,00,64,25
2024-09-25T12:39:08.830209600+00:00,,301,,,3,54,05,00,,,,,
2024-09-25T12:39:08.879754600+00:00,,300,,,8,03,5A,64,5A,64,00,64,36
2024-09-25T12:39:08.880222600+00:00,,301,,,3,F5,06,00,,,,,
2024-09-25T12:39:08.929403100+00:00,,79E,,,4,,,,,,,,
2024-09-25T12:39:08.929883600+00:00,,300,,,8,03,5A,64,5A,64,00,64,27
2024-09-25T12:39:08.930351600+00:00,,301,,,3,B8,07,00,,,,,
2024-09-25T12:39:08.979765100+00:00,,300,,,8,03,5A,64,5A,64,00,64,B8
2024-09-25T12:39:08.980233100+00:00,,301,,,3,80,08,00,,,,,
2024-09-25T12:39:09.030125100+00:00,,300,,,8,03,5A,64,5A,64,00,64,A9
2024-09-25T12:39:09.030593100+00:00,,301,,,3,88,09,00,,,,,
2024-09-25T12:39:09.049693600+00:00,,1E409208,,,3,,,,,,,,
2024-09-25T12:39:09.079775100+00:00,,300,,,8,03,5A,64,5A,64,00,64,BA
2024-09-25T12:39:09.080239100+00:00,,301,,,3,C6,0A,00,,,,,
2024-09-25T12:39:09.129780100+00:00,,300,,,8,03,5A,64,5A,64,00,64,AB
2024-09-25T12:39:09.130244100+00:00,,301,,,3,43,0B,00,,,,,
2024-09-25T12:39:09.130541100+00:00,,5D6,,,4,,,,,,,,
2024-09-25T12:39:09.179787600+00:00,,300,,,8,03,5A,64,5A,64,00,64,BC
2024-09-25T12:39:09.180251600+00:00,,301,,,3,B5,0C,00,,,,,
2024-09-25T12:39:09.229792600+00:00,,300,,,8,03,5A,64,5A,64,00,64,AD
2024-09-25T12:39:09.230256600+00:00,,301,,,3,4E,0D,00,,,,,
2024-09-25T12:39:09.230561100+00:00,,18F3B9F7,,,F,,,,,,,,
2024-09-25T12:39:09.250180600+00:00,,1E3,,,7,,,,,,,,
2024-09-25T12:39:09.279796100+00:00,,300,,,8,03,5A,64,5A,64,00,64,BE
2024-09-25T12:39:09.280264100+00:00,,301,,,3,1D,0E,00,,,,,
2024-09-25T12:39:09.310357600+00:00,,79F,,,8,67,14,59,75,53,8F,F8,EF
2024-09-25T12:39:09.330367100+00:00,,710,,,C,,,,,,,,
2024-09-25T12:39:09.330843100+00:00,,300,,,8,03,5A,64,5A,64,00,64,AF
2024-09-25T12:39:09.331307600+00:00,,301,,,3,E8,0F,00,,,,,
2024-09-25T12:39:09.350416600+00:00,,17514008,,,3,B8,55,24,,,,,
2024-09-25T12:39:09.379805600+00:00,,300,,,8,03,5A,64,5A,64,00,64,30
2024-09-25T12:39:09.380277600+00:00,,301,,,3,E2,00,00,,,,,
2024-09-25T12:39:09.429810600+00:00,,300,,,8,03,5A,64,5A,64,00,64,21
2024-09-25T12:39:09.430282600+00:00,,301,,,3,B3,01,00,,,,,
2024-09-25T12:39:09.430616600+00:00,,30644D,,,1,,,,,,,,
2024-09-25T12:39:09.450657600+00:00,,710,,,5,10,40,1B,84,00,,,
2024-09-25T12:39:09.479818600+00:00,,300,,,8,03,5A,64,5A,64,00,64,32
2024-09-25T12:39:09.480282600+00:00,,301,,,3,6B,02,00,,,,,
2024-09-25T12:39:09.529824100+00:00,,300,,,8,03,5A,64,5A,64,00,64,23
2024-09-25T12:39:09.530288100+00:00,,301,,,3,96,03,00,,,,,
2024-09-25T12:39:09.530852600+00:00,,610,,,4,,,,,,,,
2024-09-25T12:39:09.579825600+00:00,,300,,,8,03,5A,64,5A,64,00,64,34
2024-09-25T12:39:09.580289600+00:00,,301,,,3,03,04,00,,,,,
2024-09-25T12:39:09.629830600+00:00,,300,,,8,03,5A,64,5A,64,00,64,25
2024-09-25T12:39:09.630294600+00:00,,301,,,3,54,05,00,,,,,
2024-09-25T12:39:09.631092100+00:00,,401,,,8,AB,9E,00,00,EA,33,00,00
2024-09-25T12:39:09.651144100+00:00,,400,,,8,01,00,6C,10,A2,00,22,02
2024-09-25T12:39:09.679836600+00:00,,300,,,8,03,5A,64,5A,64,00,64,36
2024-09-25T12:39:09.680304600+00:00,,301,,,3,F5,06,00,,,,,
2024-09-25T12:39:09.729842100+00:00,,300,,,8,03,5A,64,5A,64,00,64,27
2024-09-25T12:39:09.730310100+00:00,,301,,,3,B8,07,00,,,,,
2024-09-25T12:39:09.731343600+00:00,,142,,,1,5F,,,,,,,
2024-09-25T12:39:09.751386100+00:00,,620,,,8,0F,B4,B7,8E,38,F3,C7,1C
2024-09-25T12:39:09.779848600+00:00,,300,,,8,03,5A,64,5A,64,00,64,B8
2024-09-25T12:39:09.780316600+00:00,,301,,,3,80,08,00,,,,,
2024-09-25T12:39:09.811800600+00:00,,38E,,,C,,,,,,,,
2024-09-25T12:39:09.829854100+00:00,,300,,,8,03,5A,64,5A,64,00,64,A9
2024-09-25T12:39:09.830322100+00:00,,301,,,3,88,09,00,,,,,
2024-09-25T12:39:09.831583100+00:00,,1F7B3E7F,,,F,,,,,,,,
2024-09-25T12:39:09.879857600+00:00,,300,,,8,03,5A,64,5A,64,00,64,BA
2024-09-25T12:39:09.880322100+00:00,,301,,,3,C6,0A,00,,,,,
2024-09-25T12:39:09.929863100+00:00,,300,,,8,03,5A,64,5A,64,00,64,AB
2024-09-25T12:39:09.930327100+00:00,,301,,,3,43,0B,00,,,,,
2024-09-25T12:39:09.931819100+00:00,,714,,,4,,,,,,,,
2024-09-25T12:39:09.951868600+00:00,,100100B1,,,3,B6,5D,02,,,,,
2024-09-25T12:39:09.979868600+00:00,,300,,,8,03,5A,64,5A,64,00,64,BC
2024-09-25T12:39:09.980332600+00:00,,301,,,3,B5,0C,00,,,,,
2024-09-25T12:39:10.029873600+00:00,,300,,,8,03,5A,64,5A,64,00,64,AD
2024-09-25T12:39:10.030337600+00:00,,301,,,3,4E,0D,00,,,,,
2024-09-25T12:39:10.032053100+00:00,,710,,,4,,,,,,,,
2024-09-25T12:39:10.032329600+00:00,,600,,,,,,,,,,,
2024-09-25T12:39:10.052101600+00:00,,400,,,8,05,80,36,28,00,00,12,28
2024-09-25T12:39:10.079878100+00:00,,300,,,8,03,5A,64,5A,64,00,64,BE
2024-09-25T12:39:10.080346100+00:00,,301,,,3,1D,0E,00,,,,,
2024-09-25T12:39:10.129883100+00:00,,300,,,8,03,5A,64,5A,64,00,64,AF
2024-09-25T12:39:10.130347600+00:00,,301,,,3,E8,0F,00,,,,,
2024-09-25T12:39:10.132287600+00:00,,401,,,8,B0,9A,00,00,FB,3B,00,60
2024-09-25T12:39:10.152333600+00:00,,400,,,8,01,00,6C,00,01,20,00,05
2024-09-25T12:39:10.179890100+00:00,,300,,,8,03,5A,64,5A,64,00,64,30
2024-09-25T12:39:10.180362100+00:00,,301,,,3,E2,00,00,,,,,
2024-09-25T12:39:10.229895100+00:00,,300,,,8,03,5A,64,5A,64,00,64,21
2024-09-25T12:39:10.230367100+00:00,,301,,,3,B3,01,00,,,,,
2024-09-25T12:39:10.232796100+00:00,,600,,,,,,,,,,,
2024-09-25T12:39:10.252574100+00:00,,400,,,8,01,00,6C,38,40,00,22,00
2024-09-25T12:39:10.280678600+00:00,,300,,,8,03,5A,64,5A,64,00,64,32
2024-09-25T12:39:10.281142600+00:00,,301,,,3,6B,02,00,,,,,
2024-09-25T12:39:10.312762600+00:00,,403,,,8,64,00,00,00,51,71,84,80
2024-09-25T12:39:10.330683600+00:00,,300,,,8,03,5A,64,5A,64,00,64,23
2024-09-25T12:39:10.331147600+00:00,,301,,,3,96,03,00,,,,,
2024-09-25T12:39:10.332775600+00:00,,10058C69,,,,,,,,,,,
2024-09-25T12:39:10.333032600+00:00,,720,,,,,,,,,,,
2024-09-25T12:39:10.352826100+00:00,,12484008,,,,,,,,,,,
2024-09-25T12:39:10.379910600+00:00,,300,,,8,03,5A,64,5A,64,00,64,34
2024-09-25T12:39:10.380374600+00:00,,301,,,3,03,04,00,,,,,
2024-09-25T12:39:10.429915600+00:00,,300,,,8,03,5A,64,5A,64,00,64,25
2024-09-25T12:39:10.430379600+00:00,,301,,,3,54,05,00,,,,,
2024-09-25T12:39:10.433029600+00:00,,10034D,,,2,00,08,,,,,,
2024-09-25T12:39:10.453072600+00:00,,400,,,8,01,00,6C,00,00,00,00,00
2024-09-25T12:39:10.479921100+00:00,,300,,,8,03,5A,64,5A,64,00,64,36
2024-09-25T12:39:10.480389100+00:00,,301,,,3,F5,06,00,,,,,
2024-09-25T12:39:10.529926600+00:00,,300,,,8,03,5A,64,5A,64,00,64,27
2024-09-25T12:39:10.530394600+00:00,,301,,,3,B8,07,00,,,,,
2024-09-25T12:39:10.533265100+00:00,,401,,,8,06,9E,00,00,42,61,04,20
2024-09-25T12:39:10.553315600+00:00,,,,,,,,,,,,,
2024-09-25T12:39:10.579932600+00:00,,300,,,8,03,5A,64,5A,64,00,64,B8
2024-09-25T12:39:10.580400600+00:00,,301,,,3,80,08,00,,,,,
2024-09-25T12:39:10.629937600+00:00,,300,,,8,03,5A,64,5A,64,00,64,A9
2024-09-25T12:39:10.630405600+00:00,,301,,,3,88,09,00,,,,,
2024-09-25T12:39:10.633504600+00:00,,401,,,8,16,9A,00,00,42,40,00,00
2024-09-25T12:39:10.653557600+00:00,,510,,,4,00,80,36,00,,,,
2024-09-25T12:39:10.679940100+00:00,,300,,,8,03,5A,64,5A,64,00,64,BA
2024-09-25T12:39:10.680404100+00:00,,301,,,3,C6,0A,00,,,,,
2024-09-25T12:39:10.729945600+00:00,,300,,,8,03,5A,64,5A,64,00,64,AB
2024-09-25T12:39:10.730409600+00:00,,301,,,3,43,0B,00,,,,,
2024-09-25T12:39:10.779950100+00:00,,300,,,8,03,5A,64,5A,64,00,64,BC
2024-09-25T12:39:10.780414100+00:00,,301,,,3,B5,0C,00,,,,,
2024-09-25T12:39:10.813955600+00:00,,4,,,,,,,,,,,
2024-09-25T12:39:10.829956100+00:00,,300,,,8,03,5A,64,5A,64,00,64,AD
2024-09-25T12:39:10.830420100+00:00,,301,,,3,4E,0D,00,,,,,
2024-09-25T12:39:10.834000600+00:00,,18408979,,,,,,,,,,,
2024-09-25T12:39:10.854054100+00:00,,710,,,4,90,40,1B,84,,,,
2024-09-25T12:39:10.879962100+00:00,,300,,,8,03,5A,64,5A,64,00,64,BE
2024-09-25T12:39:10.880430100+00:00,,301,,,3,1D,0E,00,,,,,
2024-09-25T12:39:10.929967100+00:00,,300,,,8,03,5A,64,5A,64,00,64,AF
2024-09-25T12:39:10.930431100+00:00,,301,,,3,E8,0F,00,,,,,
2024-09-25T12:39:10.934252100+00:00,,401,,,8,95,9A,00,00,F6,42,00,00
2024-09-25T12:39:10.954302100+00:00,,400,,,8,01,00,6C,D0,12,00,00,00
2024-09-25T12:39:10.979970100+00:00,,300,,,8,03,5A,64,5A,64,00,64,30
2024-09-25T12:39:10.980442100+00:00,,301,,,3,E2,00,00,,,,,
2024-09-25T12:39:11.029975600+00:00,,300,,,8,03,5A,64,5A,64,00,64,21
2024-09-25T12:39:11.030447600+00:00,,301,,,3,B3,01,00,,,,,
2024-09-25T12:39:11.034504100+00:00,,2,,,1,2B,,,,,,,
2024-09-25T12:39:11.054551100+00:00,,400,,,8,01,00,6C,00,00,60,00,21
2024-09-25T12:39:11.079983100+00:00,,300,,,8,03,5A,64,5A,64,00,64,32
2024-09-25T12:39:11.080447100+00:00,,301,,,3,6B,02,00,,,,,
2024-09-25T12:39:11.129988100+00:00,,300,,,8,03,5A,64,5A,64,00,64,23
2024-09-25T12:39:11.130452100+00:00,,301,,,3,96,03,00,,,,,
2024-09-25T12:39:11.134750100+00:00,,401,,,8,CF,99,00,00,F6,42,00,00
2024-09-25T12:39:11.154800100+00:00,,510,,,4,00,8A,1B,02,,,,
2024-09-25T12:39:11.179991100+00:00,,300,,,8,03,5A,64,5A,64,00,64,34
2024-09-25T12:39:11.180455100+00:00,,301,,,3,03,04,00,,,,,
2024-09-25T12:39:11.229996600+00:00,,300,,,8,03,5A,64,5A,64,00,64,25
2024-09-25T12:39:11.230460600+00:00,,301,,,3,54,05,00,,,,,
2024-09-25T12:39:11.255058100+00:00,,6091778,,,3,,,,,,,,
2024-09-25T12:39:11.280781100+00:00,,300,,,8,03,5A,64,5A,64,00,64,36
2024-09-25T12:39:11.281249100+00:00,,301,,,3,F5,06,00,,,,,
2024-09-25T12:39:11.315224100+00:00,,6D1,,,7,,,,,,,,
2024-09-25T12:39:11.330785600+00:00,,300,,,8,03,5A,64,5A,64,00,64,27
2024-09-25T12:39:11.331253600+00:00,,301,,,3,B8,07,00,,,,,
2024-09-25T12:39:11.335240100+00:00,,73C,,,4,,,,,,,,
2024-09-25T12:39:11.355288100+00:00,,A1,,,4,,,,,,,,
2024-09-25T12:39:11.380012600+00:00,,300,,,8,03,5A,64,5A,64,00,64,B8
2024-09-25T12:39:11.380480600+00:00,,301,,,3,80,08,00,,,,,
2024-09-25T12:39:11.430017600+00:00,,300,,,8,03,5A,64,5A,64,00,64,A9
2024-09-25T12:39:11.430485600+00:00,,301,,,3,88,09,00,,,,,
2024-09-25T12:39:11.435489100+00:00,,10E14D,,,9,,,,,,,,
2024-09-25T12:39:11.455529600+00:00,,510,,,4,00,80,36,88,,,,
2024-09-25T12:39:11.480025100+00:00,,300,,,8,03,5A,64,5A,64,00,64,BA
2024-09-25T12:39:11.480489100+00:00,,301,,,3,C6,0A,00,,,,,
2024-09-25T12:39:11.530030100+00:00,,300,,,8,03,5A,64,5A,64,00,64,AB
2024-09-25T12:39:11.530494100+00:00,,301,,,3,43,0B,00,,,,,
2024-09-25T12:39:11.535724100+00:00,,A,,,1,85,,,,,,,
2024-09-25T12:39:11.555782100+00:00,,6,,,,,,,,,,,
2024-09-25T12:39:11.580033100+00:00,,300,,,8,03,5A,64,5A,64,00,64,BC
2024-09-25T12:39:11.580497100+00:00,,301,,,3,B5,0C,00,,,,,
2024-09-25T12:39:11.630038600+00:00,,300,,,8,03,5A,64,5A,64,00,64,AD
2024-09-25T12:39:11.630502600+00:00,,301,,,3,4E,0D,00,,,,,
2024-09-25T12:39:11.680046100+00:00,,300,,,8,03,5A,64,5A,64,00,64,BE
2024-09-25T12:39:11.680514600+00:00,,301,,,3,1D,0E,00,,,,,
2024-09-25T12:39:11.730051600+00:00,,300,,,8,03,5A,64,5A,64,00,64,AF
2024-09-25T12:39:11.730515600+00:00,,301,,,3,E8,0F,00,,,,,
2024-09-25T12:39:11.736207100+00:00,,10E71E73,,,3,,,,,,,,
2024-09-25T12:39:11.780056100+00:00,,300,,,8,03,5A,64,5A,64,00,64,30
2024-09-25T12:39:11.780528100+00:00,,301,,,3,E2,00,00,,,,,
2024-09-25T12:39:11.816400600+00:00,,1AE,,,C,79,47,96,79,25,E7,5C,58
2024-09-25T12:39:11.830060100+00:00,,300,,,8,03,5A,64,5A,64,00,64,21
2024-09-25T12:39:11.830532100+00:00,,301,,,3,B3,01,00,,,,,
2024-09-25T12:39:11.856507600+00:00,,71C3166,,,7,,,,,,,,
2024-09-25T12:39:11.880065600+00:00,,300,,,8,03,5A,64,5A,64,00,64,32
2024-09-25T12:39:11.880529600+00:00,,301,,,3,6B,02,00,,,,,
2024-09-25T12:39:11.930070600+00:00,,300,,,8,03,5A,64,5A,64,00,64,23
2024-09-25T12:39:11.930534600+00:00,,301,,,3,96,03,00,,,,,
2024-09-25T12:39:11.936690600+00:00,,61997DE,,,4,,,,,,,,
2024-09-25T12:39:11.956741100+00:00,,79C71E7,,,F,,,,,,,,
2024-09-25T12:39:11.980075600+00:00,,300,,,8,03,5A,64,5A,64,00,64,34
2024-09-25T12:39:11.980539600+00:00,,301,,,3,03,04,00,,,,,
2024-09-25T12:39:12.030079600+00:00,,300,,,8,03,5A,64,5A,64,00,64,25
2024-09-25T12:39:12.030543600+00:00,,301,,,3,54,05,00,,,,,
2024-09-25T12:39:12.080084600+00:00,,300,,,8,03,5A,64,5A,64,00,64,36
2024-09-25T12:39:12.080552600+00:00,,301,,,3,F5,06,00,,,,,
2024-09-25T12:39:12.130089600+00:00,,300,,,8,03,5A,64,5A,64,00,64,27
2024-09-25T12:39:12.130557600+00:00,,301,,,3,B8,07,00,,,,,
2024-09-25T12:39:12.180097100+00:00,,300,,,8,03,5A,64,5A,64,00,64,B8
2024-09-25T12:39:12.180565100+00:00,,301,,,3,80,08,00,,,,,
2024-09-25T12:39:12.230102600+00:00,,300,,,8,03,5A,64,5A,64,00,64,A9
2024-09-25T12:39:12.230570600+00:00,,301,,,3,88,09,00,,,,,
2024-09-25T12:39:12.280883100+00:00,,300,,,8,03,5A,64,5A,64,00,64,BA
2024-09-25T12:39:12.281347100+00:00,,301,,,3,C6,0A,00,,,,,
2024-09-25T12:39:12.307965600+00:00,,404,,,2,4A,00,,,,,,
2024-09-25T12:39:12.330888600+00:00,,300,,,8,03,5A,64,5A,64,00,64,AB
2024-09-25T12:39:12.331352600+00:00,,301,,,3,43,0B,00,,,,,
2024-09-25T12:39:12.338371600+00:00,,404,,,2,02,30,,,,,,
2024-09-25T12:39:12.374704600+00:00,,404,,,2,44,00,,,,,,
2024-09-25T12:39:12.380118100+00:00,,300,,,8,03,5A,64,5A,64,00,64,BC
2024-09-25T12:39:12.380582100+00:00,,301,,,3,B5,0C,00,,,,,
2024-09-25T12:39:12.400660100+00:00,,404,,,2,01,00,,,,,,
2024-09-25T12:39:12.430124600+00:00,,300,,,8,03,5A,64,5A,64,00,64,AD
2024-09-25T12:39:12.430588600+00:00,,301,,,3,4E,0D,00,,,,,
2024-09-25T12:39:12.431796600+00:00,,404,,,2,A3,01,,,,,,
2024-09-25T12:39:12.463067600+00:00,,404,,,2,20,00,,,,,,
2024-09-25T12:39:12.480128600+00:00,,300,,,8,03,5A,64,5A,64,00,64,BE
2024-09-25T12:39:12.480596600+00:00,,301,,,3,1D,0E,00,,,,,
2024-09-25T12:39:12.494298100+00:00,,404,,,2,21,00,,,,,,
2024-09-25T12:39:12.525666600+00:00,,404,,,2,22,00,,,,,,
2024-09-25T12:39:12.530132100+00:00,,300,,,8,03,5A,64,5A,64,00,64,AF
2024-09-25T12:39:12.530596100+00:00,,301,,,3,E8,0F,00,,,,,
2024-09-25T12:39:12.563451100+00:00,,404,,,2,23,00,,,,,,
2024-09-25T12:39:12.580136100+00:00,,300,,,8,03,5A,64,5A,64,00,64,30
2024-09-25T12:39:12.580608100+00:00,,301,,,3,E2,00,00,,,,,
2024-09-25T12:39:12.588057100+00:00,,404,,,2,24,00,,,,,,
2024-09-25T12:39:12.619565600+00:00,,404,,,2,25,00,,,,,,
2024-09-25T12:39:12.630144100+00:00,,300,,,8,03,5A,64,5A,64,00,64,21
2024-09-25T12:39:12.630616100+00:00,,301,,,3,B3,01,00,,,,,
2024-09-25T12:39:12.650744100+00:00,,404,,,2,26,00,,,,,,
2024-09-25T12:39:12.680147100+00:00,,300,,,8,03,5A,64,5A,64,00,64,32
2024-09-25T12:39:12.680611100+00:00,,301,,,3,6B,02,00,,,,,
2024-09-25T12:39:12.681875100+00:00,,404,,,2,27,00,,,,,,
2024-09-25T12:39:12.718520100+00:00,,404,,,2,4C,00,,,,,,
2024-09-25T12:39:12.730154100+00:00,,300,,,8,03,5A,64,5A,64,00,64,23
2024-09-25T12:39:12.730618100+00:00,,301,,,3,96,03,00,,,,,
2024-09-25T12:39:12.744487600+00:00,,404,,,2,46,00,,,,,,
2024-09-25T12:39:12.775562600+00:00,,404,,,2,4D,00,,,,,,
2024-09-25T12:39:12.780156600+00:00,,300,,,8,03,5A,64,5A,64,00,64,34
2024-09-25T12:39:12.780620600+00:00,,301,,,3,03,04,00,,,,,
2024-09-25T12:39:12.806811100+00:00,,404,,,2,50,00,,,,,,
2024-09-25T12:39:12.830162600+00:00,,300,,,8,03,5A,64,5A,64,00,64,25
2024-09-25T12:39:12.830626600+00:00,,301,,,3,54,05,00,,,,,
2024-09-25T12:39:12.838105100+00:00,,404,,,2,02,00,,,,,,
2024-09-25T12:39:12.874676600+00:00,,404,,,2,0A,00,,,,,,
2024-09-25T12:39:12.880166600+00:00,,300,,,8,03,5A,64,5A,64,00,64,36
2024-09-25T12:39:12.880634600+00:00,,301,,,3,F5,06,00,,,,,
2024-09-25T12:39:12.900736600+00:00,,404,,,2,04,00,,,,,,
2024-09-25T12:39:12.930172600+00:00,,300,,,8,03,5A,64,5A,64,00,64,27
2024-09-25T12:39:12.930641100+00:00,,301,,,3,B8,07,00,,,,,
2024-09-25T12:39:12.931817100+00:00,,404,,,2,B0,01,,,,,,
2024-09-25T12:39:12.963192100+00:00,,404,,,2,B1,01,,,,,,
2024-09-25T12:39:12.980177100+00:00,,300,,,8,03,5A,64,5A,64,00,64,B8
2024-09-25T12:39:12.980645600+00:00,,301,,,3,80,08,00,,,,,
2024-09-25T12:39:13.030182600+00:00,,300,,,8,03,5A,64,5A,64,00,64,A9
2024-09-25T12:39:13.030650600+00:00,,301,,,3,88,09,00,,,,,
2024-09-25T12:39:13.080190100+00:00,,300,,,8,03,5A,64,5A,64,00,64,BA
2024-09-25T12:39:13.080654100+00:00,,301,,,3,C6,0A,00,,,,,
2024-09-25T12:39:13.130195100+00:00,,300,,,8,03,5A,64,5A,64,00,64,AB
2024-09-25T12:39:13.130659100+00:00,,301,,,3,43,0B,00,,,,,
2024-09-25T12:39:13.180201100+00:00,,300,,,8,03,5A,64,5A,64,00,64,BC
2024-09-25T12:39:13.180665100+00:00,,301,,,3,B5,0C,00,,,,,
2024-09-25T12:39:13.230206100+00:00,,300,,,8,03,5A,64,5A,64,00,64,AD
2024-09-25T12:39:13.230670100+00:00,,301,,,3,4E,0D,00,,,,,
2024-09-25T12:39:13.280987600+00:00,,300,,,8,03,5A,64,5A,64,00,64,BE
2024-09-25T12:39:13.281455600+00:00,,301,,,3,1D,0E,00,,,,,
2024-09-25T12:39:13.330992100+00:00,,300,,,8,03,5A,64,5A,64,00,64,AF
2024-09-25T12:39:13.331456100+00:00,,301,,,3,E8,0F,00,,,,,
2024-09-25T12:39:13.380223100+00:00,,300,,,8,03,5A,64,5A,64,00,64,30
2024-09-25T12:39:13.380695100+00:00,,301,,,3,E2,00,00,,,,,
2024-09-25T12:39:13.430228100+00:00,,300,,,8,03,5A,64,5A,64,00,64,21
2024-09-25T12:39:13.430700100+00:00,,301,,,3,B3,01,00,,,,,
2024-09-25T12:39:13.480231100+00:00,,300,,,8,03,5A,64,5A,64,00,64,32
2024-09-25T12:39:13.480695100+00:00,,301,,,3,6B,02,00,,,,,
2024-09-25T12:39:13.530236600+00:00,,300,,,8,03,5A,64,5A,64,00,64,23
2024-09-25T12:39:13.530700600+00:00,,301,,,3,96,03,00,,,,,
2024-09-25T12:39:13.580240100+00:00,,300,,,8,03,5A,64,5A,64,00,64,34
2024-09-25T12:39:13.580704100+00:00,,301,,,3,03,04,00,,,,,
2024-09-25T12:39:13.630245100+00:00,,300,,,8,03,5A,64,5A,64,00,64,25
2024-09-25T12:39:13.630709100+00:00,,301,,,3,54,05,00,,,,,
2024-09-25T12:39:13.640607100+00:00,,31469EF,,,9,,,,,,,,
2024-09-25T12:39:13.660646100+00:00,,120,,,C,30,47,0D,E2,89,2C,A2,49
2024-09-25T12:39:13.680250100+00:00,,300,,,8,03,5A,64,5A,64,00,64,36
2024-09-25T12:39:13.680718100+00:00,,301,,,3,F5,06,00,,,,,
2024-09-25T12:39:13.730255600+00:00,,300,,,8,03,5A,64,5A,64,00,64,27
2024-09-25T12:39:13.730723600+00:00,,301,,,3,B8,07,00,,,,,
2024-09-25T12:39:13.740844100+00:00,,10694E,,,1,,,,,,,,
2024-09-25T12:39:13.760886100+00:00,,610,,,4,04,D1,0D,82,,,,
2024-09-25T12:39:13.780262600+00:00,,300,,,8,03,5A,64,5A,64,00,64,B8
2024-09-25T12:39:13.780730600+00:00,,301,,,3,80,08,00,,,,,
2024-09-25T12:39:13.830264100+00:00,,300,,,8,03,5A,64,5A,64,00,64,A9
2024-09-25T12:39:13.830732600+00:00,,301,,,3,88,09,00,,,,,
2024-09-25T12:39:13.841332100+00:00,,3CF,,,E,,,,,,,,
2024-09-25T12:39:13.861130100+00:00,,761,,,7,,,,,,,,
2024-09-25T12:39:13.880272600+00:00,,300,,,8,03,5A,64,5A,64,00,64,BA
2024-09-25T12:39:13.880736600+00:00,,301,,,3,C6,0A,00,,,,,
2024-09-25T12:39:13.930277600+00:00,,300,,,8,03,5A,64,5A,64,00,64,AB
2024-09-25T12:39:13.930741600+00:00,,301,,,3,43,0B,00,,,,,
2024-09-25T12:39:13.980282100+00:00,,300,,,8,03,5A,64,5A,64,00,64,BC
2024-09-25T12:39:13.980746100+00:00,,301,,,3,B5,0C,00,,,,,
2024-09-25T12:39:14.030287100+00:00,,300,,,8,03,5A,64,5A,64,00,64,AD
2024-09-25T12:39:14.030751100+00:00,,301,,,3,4E,0D,00,,,,,
2024-09-25T12:39:14.041550100+00:00,,610,,,4,,,,,,,,
2024-09-25T12:39:14.061598100+00:00,,490,,,4,00,80,3E,90,,,,
2024-09-25T12:39:14.080291600+00:00,,300,,,8,03,5A,64,5A,64,00,64,BE
2024-09-25T12:39:14.080759600+00:00,,301,,,3,1D,0E,00,,,,,
2024-09-25T12:39:14.130297100+00:00,,300,,,8,03,5A,64,5A,64,00,64,AF
2024-09-25T12:39:14.130761100+00:00,,301,,,3,E8,0F,00,,,,,
2024-09-25T12:39:14.141785600+00:00,,32D,,,8,B1,DB,0C,30,FB,4D,78,E3
2024-09-25T12:39:14.180300600+00:00,,300,,,8,03,5A,64,5A,64,00,64,30
2024-09-25T12:39:14.180772600+00:00,,301,,,3,E2,00,00,,,,,
2024-09-25T12:39:14.230305600+00:00,,300,,,8,03,5A,64,5A,64,00,64,21
2024-09-25T12:39:14.230777600+00:00,,301,,,3,B3,01,00,,,,,
2024-09-25T12:39:14.242024100+00:00,,125048EF,,,5,,,,,,,,
2024-09-25T12:39:14.280311100+00:00,,300,,,8,03,5A,64,5A,64,00,64,32
2024-09-25T12:39:14.280775100+00:00,,301,,,3,6B,02,00,,,,,
2024-09-25T12:39:14.331094100+00:00,,300,,,8,03,5A,64,5A,64,00,64,23
2024-09-25T12:39:14.331558100+00:00,,301,,,3,96,03,00,,,,,
2024-09-25T12:39:14.380324100+00:00,,300,,,8,03,5A,64,5A,64,00,64,34
2024-09-25T12:39:14.380788100+00:00,,301,,,3,03,04,00,,,,,
2024-09-25T12:39:14.430329100+00:00,,300,,,8,03,5A,64,5A,64,00,64,25
2024-09-25T12:39:14.430793100+00:00,,301,,,3,54,05,00,,,,,
2024-09-25T12:39:14.480333100+00:00,,300,,,8,03,5A,64,5A,64,00,64,36
2024-09-25T12:39:14.480801100+00:00,,301,,,3,F5,06,00,,,,,
2024-09-25T12:39:14.530338100+00:00,,300,,,8,03,5A,64,5A,64,00,64,27
2024-09-25T12:39:14.530806100+00:00,,301,,,3,B8,07,00,,,,,
2024-09-25T12:39:14.580342600+00:00,,300,,,8,03,5A,64,5A,64,00,64,B8
2024-09-25T12:39:14.580810600+00:00,,301,,,3,80,08,00,,,,,
2024-09-25T12:39:14.630347600+00:00,,300,,,8,03,5A,64,5A,64,00,64,A9
2024-09-25T12:39:14.630815600+00:00,,301,,,3,88,09,00,,,,,
2024-09-25T12:39:14.680352600+00:00,,300,,,8,03,5A,64,5A,64,00,64,BA
2024-09-25T12:39:14.680816600+00:00,,301,,,3,C6,0A,00,,,,,
2024-09-25T12:39:14.730357600+00:00,,300,,,8,03,5A,64,5A,64,00,64,AB
2024-09-25T12:39:14.730822100+00:00,,301,,,3,43,0B,00,,,,,
2024-09-25T12:39:14.780364600+00:00,,300,,,8,03,5A,64,5A,64,00,64,BC
2024-09-25T12:39:14.780828600+00:00,,301,,,3,B5,0C,00,,,,,
2024-09-25T12:39:14.830368100+00:00,,300,,,8,03,5A,64,5A,64,00,64,AD
2024-09-25T12:39:14.830832100+00:00,,301,,,3,4E,0D,00,,,,,
2024-09-25T12:39:14.880375100+00:00,,300,,,8,03,5A,64,5A,64,00,64,BE
2024-09-25T12:39:14.880843600+00:00,,301,,,3,1D,0E,00,,,,,
2024-09-25T12:39:14.930380600+00:00,,300,,,8,03,5A,64,5A,64,00,64,AF
2024-09-25T12:39:14.930844600+00:00,,301,,,3,E8,0F,00,,,,,
2024-09-25T12:39:14.980385100+00:00,,300,,,8,03,5A,64,5A,64,00,64,30
2024-09-25T12:39:14.980857100+00:00,,301,,,3,E2,00,00,,,,,
2024-09-25T12:39:15.030389100+00:00,,300,,,8,03,5A,64,5A,64,00,64,21
2024-09-25T12:39:15.030861100+00:00,,301,,,3,B3,01,00,,,,,
2024-09-25T12:39:15.080396100+00:00,,300,,,8,03,5A,64,5A,64,00,64,32
2024-09-25T12:39:15.080860100+00:00,,301,,,3,6B,02,00,,,,,
2024-09-25T12:39:15.130401600+00:00,,300,,,8,03,5A,64,5A,64,00,64,23
2024-09-25T12:39:15.130865600+00:00,,301,,,3,96,03,00,,,,,
2024-09-25T12:39:15.180406100+00:00,,300,,,8,03,5A,64,5A,64,00,64,34
2024-09-25T12:39:15.180870100+00:00,,301,,,3,03,04,00,,,,,
2024-09-25T12:39:15.230411100+00:00,,300,,,8,03,5A,64,5A,64,00,64,25
2024-09-25T12:39:15.230875100+00:00,,301,,,3,54,05,00,,,,,
2024-09-25T12:39:15.280416100+00:00,,300,,,8,03,5A,64,5A,64,00,64,36
2024-09-25T12:39:15.280884100+00:00,,301,,,3,F5,06,00,,,,,
2024-09-25T12:39:15.331197100+00:00,,300,,,8,03,5A,64,5A,64,00,64,27
2024-09-25T12:39:15.331665100+00:00,,301,,,3,B8,07,00,,,,,
2024-09-25T12:39:15.380426600+00:00,,300,,,8,03,5A,64,5A,64,00,64,B8
2024-09-25T12:39:15.380894600+00:00,,301,,,3,80,08,00,,,,,
2024-09-25T12:39:15.430431600+00:00,,300,,,8,03,5A,64,5A,64,00,64,A9
2024-09-25T12:39:15.430899600+00:00,,301,,,3,88,09,00,,,,,
2024-09-25T12:39:15.480438100+00:00,,300,,,8,03,5A,64,5A,64,00,64,BA
2024-09-25T12:39:15.480902100+00:00,,301,,,3,C6,0A,00,,,,,
2024-09-25T12:39:15.530443100+00:00,,300,,,8,03,5A,64,5A,64,00,64,AB
2024-09-25T12:39:15.530907100+00:00,,301,,,3,43,0B,00,,,,,
2024-09-25T12:39:15.580446100+00:00,,300,,,8,03,5A,64,5A,64,00,64,BC
2024-09-25T12:39:15.580910100+00:00,,301,,,3,B5,0C,00,,,,,
2024-09-25T12:39:15.630451600+00:00,,300,,,8,03,5A,64,5A,64,00,64,AD
2024-09-25T12:39:15.630915600+00:00,,301,,,3,4E,0D,00,,,,,
2024-09-25T12:39:15.680458600+00:00,,300,,,8,03,5A,64,5A,64,00,64,BE
2024-09-25T12:39:15.680926600+00:00,,301,,,3,1D,0E,00,,,,,
2024-09-25T12:39:15.730463600+00:00,,300,,,8,03,5A,64,5A,64,00,64,AF
2024-09-25T12:39:15.730927600+00:00,,301,,,3,E8,0F,00,,,,,
2024-09-25T12:39:15.780469100+00:00,,300,,,8,03,5A,64,5A,64,00,64,30
2024-09-25T12:39:15.780941100+00:00,,301,,,3,E2,00,00,,,,,
2024-09-25T12:39:15.830472100+00:00,,300,,,8,03,5A,64,5A,64,00,64,21
2024-09-25T12:39:15.830944100+00:00,,301,,,3,B3,01,00,,,,,
2024-09-25T12:39:15.880478600+00:00,,300,,,8,03,5A,64,5A,64,00,64,32
2024-09-25T12:39:15.880942600+00:00,,301,,,3,6B,02,00,,,,,
2024-09-25T12:39:15.930483600+00:00,,300,,,8,03,5A,64,5A,64,00,64,23
2024-09-25T12:39:15.930947600+00:00,,301,,,3,96,03,00,,,,,
2024-09-25T12:39:15.980488100+00:00,,300,,,8,03,5A,64,5A,64,00,64,34
2024-09-25T12:39:15.980952100+00:00,,301,,,3,03,04,00,,,,,
2024-09-25T12:39:16.030493100+00:00,,300,,,8,03,5A,64,5A,64,00,64,25
2024-09-25T12:39:16.030957100+00:00,,301,,,3,54,05,00,,,,,
2024-09-25T12:39:16.080499100+00:00,,300,,,8,03,5A,64,5A,64,00,64,36
2024-09-25T12:39:16.080967100+00:00,,301,,,3,F5,06,00,,,,,
2024-09-25T12:39:16.130504100+00:00,,300,,,8,03,5A,64,5A,64,00,64,27
2024-09-25T12:39:16.130972100+00:00,,301,,,3,B8,07,00,,,,,
2024-09-25T12:39:16.180503100+00:00,,300,,,8,03,5A,64,5A,64,00,64,B8
2024-09-25T12:39:16.180971100+00:00,,301,,,3,80,08,00,,,,,
2024-09-25T12:39:16.230512100+00:00,,300,,,8,03,5A,64,5A,64,00,64,A9
2024-09-25T12:39:16.230980100+00:00,,301,,,3,88,09,00,,,,,
2024-09-25T12:39:16.281299600+00:00,,300,,,8,03,5A,64,5A,64,00,64,BA
2024-09-25T12:39:16.281763600+00:00,,301,,,3,C6,0A,00,,,,,
2024-09-25T12:39:16.331299600+00:00,,300,,,8,03,5A,64,5A,64,00,64,AB
2024-09-25T12:39:16.331763600+00:00,,301,,,3,43,0B,00,,,,,
2024-09-25T12:39:16.380532100+00:00,,300,,,8,03,5A,64,5A,64,00,64,BC
2024-09-25T12:39:16.380996100+00:00,,301,,,3,B5,0C,00,,,,,
2024-09-25T12:39:16.430537100+00:00,,300,,,8,03,5A,64,5A,64,00,64,AD
2024-09-25T12:39:16.431001100+00:00,,301,,,3,4E,0D,00,,,,,
2024-09-25T12:39:16.480538100+00:00,,300,,,8,03,5A,64,5A,64,00,64,BE
2024-09-25T12:39:16.481006600+00:00,,301,,,3,1D,0E,00,,,,,
2024-09-25T12:39:16.530543600+00:00,,300,,,8,03,5A,64,5A,64,00,64,AF
2024-09-25T12:39:16.531007600+00:00,,301,,,3,E8,0F,00,,,,,
2024-09-25T12:39:16.580550600+00:00,,300,,,8,03,5A,64,5A,64,00,64,30
2024-09-25T12:39:16.581022600+00:00,,301,,,3,E2,00,00,,,,,
2024-09-25T12:39:16.630555600+00:00,,300,,,8,03,5A,64,5A,64,00,64,21
2024-09-25T12:39:16.631027600+00:00,,301,,,3,B3,01,00,,,,,
2024-09-25T12:39:16.680561100+00:00,,300,,,8,03,5A,64,5A,64,00,64,32
2024-09-25T12:39:16.681025100+00:00,,301,,,3,6B,02,00,,,,,
2024-09-25T12:39:16.730566100+00:00,,300,,,8,03,5A,64,5A,64,00,64,23
2024-09-25T12:39:16.731030100+00:00,,301,,,3,96,03,00,,,,,
2024-09-25T12:39:16.780572100+00:00,,300,,,8,03,5A,64,5A,64,00,64,34
2024-09-25T12:39:16.781036100+00:00,,301,,,3,03,04,00,,,,,
2024-09-25T12:39:16.830575600+00:00,,300,,,8,03,5A,64,5A,64,00,64,25
2024-09-25T12:39:16.831039600+00:00,,301,,,3,54,05,00,,,,,
2024-09-25T12:39:16.880579600+00:00,,300,,,8,03,5A,64,5A,64,00,64,36
2024-09-25T12:39:16.881047600+00:00,,301,,,3,F5,06,00,,,,,
2024-09-25T12:39:16.930584600+00:00,,300,,,8,03,5A,64,5A,64,00,64,27
2024-09-25T12:39:16.931052600+00:00,,301,,,3,B8,07,00,,,,,
2024-09-25T12:39:16.980590600+00:00,,300,,,8,03,5A,64,5A,64,00,64,B8
2024-09-25T12:39:16.981058600+00:00,,301,,,3,80,08,00,,,,,
2024-09-25T12:39:17.030595600+00:00,,300,,,8,03,5A,64,5A,64,00,64,A9
2024-09-25T12:39:17.031063600+00:00,,301,,,3,88,09,00,,,,,
2024-09-25T12:39:17.080601100+00:00,,300,,,8,03,5A,64,5A,64,00,64,BA
2024-09-25T12:39:17.081065100+00:00,,301,,,3,C6,0A,00,,,,,
2024-09-25T12:39:17.130606600+00:00,,300,,,8,03,5A,64,5A,64,00,64,AB
2024-09-25T12:39:17.131070600+00:00,,301,,,3,43,0B,00,,,,,
2024-09-25T12:39:17.180610100+00:00,,300,,,8,03,5A,64,5A,64,00,64,BC
2024-09-25T12:39:17.181074100+00:00,,301,,,3,B5,0C,00,,,,,
2024-09-25T12:39:17.230615100+00:00,,300,,,8,03,5A,64,5A,64,00,64,AD
2024-09-25T12:39:17.231079600+00:00,,301,,,3,4E,0D,00,,,,,
2024-09-25T12:39:17.281398100+00:00,,300,,,8,03,5A,64,5A,64,00,64,BE
2024-09-25T12:39:17.281866100+00:00,,301,,,3,1D,0E,00,,,,,
2024-09-25T12:39:17.331544600+00:00,,300,,,8,03,5A,64,5A,64,00,64,AF
2024-09-25T12:39:17.332008600+00:00,,301,,,3,E8,0F,00,,,,,
2024-09-25T12:39:17.380632600+00:00,,300,,,8,03,5A,64,5A,64,00,64,30
2024-09-25T12:39:17.381104600+00:00,,301,,,3,E2,00,00,,,,,
2024-09-25T12:39:17.430642100+00:00,,300,,,8,03,5A,64,5A,64,00,64,21
2024-09-25T12:39:17.431114100+00:00,,301,,,3,B3,01,00,,,,,
2024-09-25T12:39:17.480641100+00:00,,300,,,8,03,5A,64,5A,64,00,64,32
2024-09-25T12:39:17.481105100+00:00,,301,,,3,6B,02,00,,,,,
2024-09-25T12:39:17.530646100+00:00,,300,,,8,03,5A,64,5A,64,00,64,23
2024-09-25T12:39:17.531110100+00:00,,301,,,3,96,03,00,,,,,
2024-09-25T12:39:17.580651100+00:00,,300,,,8,03,5A,64,5A,64,00,64,34
2024-09-25T12:39:17.581115100+00:00,,301,,,3,03,04,00,,,,,
2024-09-25T12:39:17.630656100+00:00,,300,,,8,03,5A,64,5A,64,00,64,25
2024-09-25T12:39:17.631120100+00:00,,301,,,3,54,05,00,,,,,
2024-09-25T12:39:17.680661600+00:00,,300,,,8,03,5A,64,5A,64,00,64,36
2024-09-25T12:39:17.681129600+00:00,,301,,,3,F5,06,00,,,,,
2024-09-25T12:39:17.730666600+00:00,,300,,,8,03,5A,64,5A,64,00,64,27
2024-09-25T12:39:17.731134600+00:00,,301,,,3,B8,07,00,,,,,
2024-09-25T12:39:17.780673600+00:00,,300,,,8,03,5A,64,5A,64,00,64,B8
2024-09-25T12:39:17.781141600+00:00,,301,,,3,80,08,00,,,,,
2024-09-25T12:39:17.831025100+00:00,,300,,,8,03,5A,64,5A,64,00,64,A9
2024-09-25T12:39:17.831493100+00:00,,301,,,3,88,09,00,,,,,
2024-09-25T12:39:17.880684600+00:00,,300,,,8,03,5A,64,5A,64,00,64,BA
2024-09-25T12:39:17.881148600+00:00,,301,,,3,C6,0A,00,,,,,
2024-09-25T12:39:17.930690100+00:00,,300,,,8,03,5A,64,5A,64,00,64,AB
2024-09-25T12:39:17.931154100+00:00,,301,,,3,43,0B,00,,,,,
2024-09-25T12:39:17.980694600+00:00,,300,,,8,03,5A,64,5A,64,00,64,BC
2024-09-25T12:39:17.981158600+00:00,,301,,,3,B5,0C,00,,,,,
2024-09-25T12:39:18.030698600+00:00,,300,,,8,03,5A,64,5A,64,00,64,AD
2024-09-25T12:39:18.031163100+00:00,,301,,,3,4E,0D,00,,,,,
2024-09-25T12:39:18.080704100+00:00,,300,,,8,03,5A,64,5A,64,00,64,BE
2024-09-25T12:39:18.081172100+00:00,,301,,,3,1D,0E,00,,,,,
2024-09-25T12:39:18.130709100+00:00,,300,,,8,03,5A,64,5A,64,00,64,AF
2024-09-25T12:39:18.131173100+00:00,,301,,,3,E8,0F,00,,,,,
2024-09-25T12:39:18.180716100+00:00,,300,,,8,03,5A,64,5A,64,00,64,30
2024-09-25T12:39:18.181188100+00:00,,301,,,3,E2,00,00,,,,,
2024-09-25T12:39:18.230721600+00:00,,300,,,8,03,5A,64,5A,64,00,64,21
2024-09-25T12:39:18.231193600+00:00,,301,,,3,B3,01,00,,,,,
2024-09-25T12:39:18.281503600+00:00,,300,,,8,03,5A,64,5A,64,00,64,32
2024-09-25T12:39:18.281967600+00:00,,301,,,3,6B,02,00,,,,,
2024-09-25T12:39:18.331508600+00:00,,300,,,8,03,5A,64,5A,64,00,64,23
2024-09-25T12:39:18.331973100+00:00,,301,,,3,96,03,00,,,,,
2024-09-25T12:39:18.380737600+00:00,,300,,,8,03,5A,64,5A,64,00,64,34
2024-09-25T12:39:18.381201600+00:00,,301,,,3,03,04,00,,,,,
2024-09-25T12:39:18.430742600+00:00,,300,,,8,03,5A,64,5A,64,00,64,25
2024-09-25T12:39:18.431206600+00:00,,301,,,3,54,05,00,,,,,
2024-09-25T12:39:18.480747600+00:00,,300,,,8,03,5A,64,5A,64,00,64,36
2024-09-25T12:39:18.481215600+00:00,,301,,,3,F5,06,00,,,,,
2024-09-25T12:39:18.530752600+00:00,,300,,,8,03,5A,64,5A,64,00,64,27
2024-09-25T12:39:18.531220600+00:00,,301,,,3,B8,07,00,,,,,
2024-09-25T12:39:18.580757600+00:00,,300,,,8,03,5A,64,5A,64,00,64,B8
2024-09-25T12:39:18.581225600+00:00,,301,,,3,80,08,00,,,,,
2024-09-25T12:39:18.630762600+00:00,,300,,,8,03,5A,64,5A,64,00,64,A9
2024-09-25T12:39:18.631230600+00:00,,301,,,3,88,09,00,,,,,
2024-09-25T12:39:18.680767600+00:00,,300,,,8,03,5A,64,5A,64,00,64,BA
2024-09-25T12:39:18.681232100+00:00,,301,,,3,C6,0A,00,,,,,
2024-09-25T12:39:18.730773100+00:00,,300,,,8,03,5A,64,5A,64,00,64,AB
2024-09-25T12:39:18.731237100+00:00,,301,,,3,43,0B,00,,,,,
2024-09-25T12:39:18.780775100+00:00,,300,,,8,03,5A,64,5A,64,00,64,BC
2024-09-25T12:39:18.781239100+00:00,,301,,,3,B5,0C,00,,,,,
2024-09-25T12:39:18.830780100+00:00,,300,,,8,03,5A,64,5A,64,00,64,AD
2024-09-25T12:39:18.831244100+00:00,,301,,,3,4E,0D,00,,,,,
2024-09-25T12:39:18.880788100+00:00,,300,,,8,03,5A,64,5A,64,00,64,BE
2024-09-25T12:39:18.881256100+00:00,,301,,,3,1D,0E,00,,,,,
2024-09-25T12:39:18.930793100+00:00,,300,,,8,03,5A,64,5A,64,00,64,AF
2024-09-25T12:39:18.931257100+00:00,,301,,,3,E8,0F,00,,,,,
2024-09-25T12:39:18.980795600+00:00,,300,,,8,03,5A,64,5A,64,00,64,30
2024-09-25T12:39:18.981267600+00:00,,301,,,3,E2,00,00,,,,,
2024-09-25T12:39:19.030801100+00:00,,300,,,8,03,5A,64,5A,64,00,64,21
2024-09-25T12:39:19.031273100+00:00,,301,,,3,B3,01,00,,,,,
2024-09-25T12:39:19.080809600+00:00,,300,,,8,03,5A,64,5A,64,00,64,32
2024-09-25T12:39:19.081273600+00:00,,301,,,3,6B,02,00,,,,,
2024-09-25T12:39:19.130814600+00:00,,300,,,8,03,5A,64,5A,64,00,64,23
2024-09-25T12:39:19.131278600+00:00,,301,,,3,96,03,00,,,,,
2024-09-25T12:39:19.180817100+00:00,,300,,,8,03,5A,64,5A,64,00,64,34
2024-09-25T12:39:19.181281100+00:00,,301,,,3,03,04,00,,,,,
2024-09-25T12:39:19.230822100+00:00,,300,,,8,03,5A,64,5A,64,00,64,25
2024-09-25T12:39:19.231286100+00:00,,301,,,3,54,05,00,,,,,
2024-09-25T12:39:19.281607100+00:00,,300,,,8,03,5A,64,5A,64,00,64,36
2024-09-25T12:39:19.282075100+00:00,,301,,,3,F5,06,00,,,,,
2024-09-25T12:39:19.331612100+00:00,,300,,,8,03,5A,64,5A,64,00,64,27
2024-09-25T12:39:19.332080100+00:00,,301,,,3,B8,07,00,,,,,
2024-09-25T12:39:19.380838600+00:00,,300,,,8,03,5A,64,5A,64,00,64,B8
2024-09-25T12:39:19.381306600+00:00,,301,,,3,80,08,00,,,,,
2024-09-25T12:39:19.430843600+00:00,,300,,,8,03,5A,64,5A,64,00,64,A9
2024-09-25T12:39:19.431312100+00:00,,301,,,3,88,09,00,,,,,
2024-09-25T12:39:19.480849100+00:00,,300,,,8,03,5A,64,5A,64,00,64,BA
2024-09-25T12:39:19.481313600+00:00,,301,,,3,C6,0A,00,,,,,
2024-09-25T12:39:19.530854600+00:00,,300,,,8,03,5A,64,5A,64,00,64,AB
2024-09-25T12:39:19.531318600+00:00,,301,,,3,43,0B,00,,,,,
2024-09-25T12:39:19.580857600+00:00,,300,,,8,03,5A,64,5A,64,00,64,BC
2024-09-25T12:39:19.581321600+00:00,,301,,,3,B5,0C,00,,,,,
2024-09-25T12:39:19.630862600+00:00,,300,,,8,03,5A,64,5A,64,00,64,AD
2024-09-25T12:39:19.631326600+00:00,,301,,,3,4E,0D,00,,,,,
2024-09-25T12:39:19.680870100+00:00,,300,,,8,03,5A,64,5A,64,00,64,BE
2024-09-25T12:39:19.681338100+00:00,,301,,,3,1D,0E,00,,,,,
2024-09-25T12:39:19.730875600+00:00,,300,,,8,03,5A,64,5A,64,00,64,AF
2024-09-25T12:39:19.731339600+00:00,,301,,,3,E8,0F,00,,,,,
2024-09-25T12:39:19.780879100+00:00,,300,,,8,03,5A,64,5A,64,00,64,30
2024-09-25T12:39:19.781351100+00:00,,301,,,3,E2,00,00,,,,,
2024-09-25T12:39:19.830884100+00:00,,300,,,8,03,5A,64,5A,64,00,64,21
2024-09-25T12:39:19.831356100+00:00,,301,,,3,B3,01,00,,,,,
2024-09-25T12:39:19.880889100+00:00,,300,,,8,03,5A,64,5A,64,00,64,32
2024-09-25T12:39:19.881353100+00:00,,301,,,3,6B,02,00,,,,,
2024-09-25T12:39:19.930894100+00:00,,300,,,8,03,5A,64,5A,64,00,64,23
2024-09-25T12:39:19.931358100+00:00,,301,,,3,96,03,00,,,,,
2024-09-25T12:39:19.980898600+00:00,,300,,,8,03,5A,64,5A,64,00,64,34
2024-09-25T12:39:19.981362600+00:00,,301,,,3,03,04,00,,,,,
2024-09-25T12:39:20.030903600+00:00,,300,,,8,03,5A,64,5A,64,00,64,25
2024-09-25T12:39:20.031367600+00:00,,301,,,3,54,05,00,,,,,
2024-09-25T12:39:20.080909100+00:00,,300,,,8,03,5A,64,5A,64,00,64,36
2024-09-25T12:39:20.081377100+00:00,,301,,,3,F5,06,00,,,,,
2024-09-25T12:39:20.130914100+00:00,,300,,,8,03,5A,64,5A,64,00,64,27
2024-09-25T12:39:20.131382600+00:00,,301,,,3,B8,07,00,,,,,
2024-09-25T12:39:20.180922600+00:00,,300,,,8,03,5A,64,5A,64,00,64,B8
2024-09-25T12:39:20.181390600+00:00,,301,,,3,80,08,00,,,,,
2024-09-25T12:39:20.230928100+00:00,,300,,,8,03,5A,64,5A,64,00,64,A9
2024-09-25T12:39:20.231396100+00:00,,301,,,3,88,09,00,,,,,
2024-09-25T12:39:20.280932100+00:00,,300,,,8,03,5A,64,5A,64,00,64,BA
2024-09-25T12:39:20.281396100+00:00,,301,,,3,C6,0A,00,,,,,
2024-09-25T12:39:20.308783100+00:00,,404,,,2,4A,00,,,,,,
2024-09-25T12:39:20.331714600+00:00,,300,,,8,03,5A,64,5A,64,00,64,AB
2024-09-25T12:39:20.332178600+00:00,,301,,,3,43,0B,00,,,,,
2024-09-25T12:39:20.338981100+00:00,,404,,,2,02,30,,,,,,
2024-09-25T12:39:20.370029600+00:00,,404,,,2,44,00,,,,,,
2024-09-25T12:39:20.380942600+00:00,,300,,,8,03,5A,64,5A,64,00,64,BC
2024-09-25T12:39:20.381406600+00:00,,301,,,3,B5,0C,00,,,,,
2024-09-25T12:39:20.401196600+00:00,,404,,,2,01,00,,,,,,
2024-09-25T12:39:20.430949100+00:00,,300,,,8,03,5A,64,5A,64,00,64,AD
2024-09-25T12:39:20.431413100+00:00,,301,,,3,4E,0D,00,,,,,
2024-09-25T12:39:20.437849600+00:00,,404,,,2,A3,01,,,,,,
2024-09-25T12:39:20.463702100+00:00,,404,,,2,20,00,,,,,,
2024-09-25T12:39:20.480953600+00:00,,300,,,8,03,5A,64,5A,64,00,64,BE
2024-09-25T12:39:20.481421600+00:00,,301,,,3,1D,0E,00,,,,,
2024-09-25T12:39:20.494955100+00:00,,404,,,2,21,00,,,,,,
2024-09-25T12:39:20.526179100+00:00,,404,,,2,22,00,,,,,,
2024-09-25T12:39:20.530957100+00:00,,300,,,8,03,5A,64,5A,64,00,64,AF
2024-09-25T12:39:20.531421100+00:00,,301,,,3,E8,0F,00,,,,,
2024-09-25T12:39:20.557463100+00:00,,404,,,2,23,00,,,,,,
2024-09-25T12:39:20.580960600+00:00,,300,,,8,03,5A,64,5A,64,00,64,30
2024-09-25T12:39:20.581432600+00:00,,301,,,3,E2,00,00,,,,,
2024-09-25T12:39:20.595022100+00:00,,404,,,2,24,00,,,,,,
2024-09-25T12:39:20.619750100+00:00,,404,,,2,25,00,,,,,,
2024-09-25T12:39:20.630968600+00:00,,300,,,8,03,5A,64,5A,64,00,64,21
2024-09-25T12:39:20.631440600+00:00,,301,,,3,B3,01,00,,,,,
2024-09-25T12:39:20.651141100+00:00,,404,,,2,26,00,,,,,,
2024-09-25T12:39:20.680971100+00:00,,300,,,8,03,5A,64,5A,64,00,64,32
2024-09-25T12:39:20.681435100+00:00,,301,,,3,6B,02,00,,,,,
2024-09-25T12:39:20.682251100+00:00,,404,,,2,27,00,,,,,,
2024-09-25T12:39:20.713511600+00:00,,404,,,2,4C,00,,,,,,
2024-09-25T12:39:20.730979100+00:00,,300,,,8,03,5A,64,5A,64,00,64,23
2024-09-25T12:39:20.731443100+00:00,,301,,,3,96,03,00,,,,,
2024-09-25T12:39:20.750134600+00:00,,404,,,2,46,00,,,,,,
2024-09-25T12:39:20.776010100+00:00,,404,,,2,4D,00,,,,,,
2024-09-25T12:39:20.780981600+00:00,,300,,,8,03,5A,64,5A,64,00,64,34
2024-09-25T12:39:20.781445600+00:00,,301,,,3,03,04,00,,,,,
2024-09-25T12:39:20.807256600+00:00,,404,,,2,50,00,,,,,,
2024-09-25T12:39:20.830988100+00:00,,300,,,8,03,5A,64,5A,64,00,64,25
2024-09-25T12:39:20.831452100+00:00,,301,,,3,54,05,00,,,,,
2024-09-25T12:39:20.838758100+00:00,,404,,,2,02,00,,,,,,
2024-09-25T12:39:20.869778100+00:00,,404,,,2,0A,00,,,,,,
2024-09-25T12:39:20.880992600+00:00,,300,,,8,03,5A,64,5A,64,00,64,36
2024-09-25T12:39:20.881460600+00:00,,301,,,3,F5,06,00,,,,,
2024-09-25T12:39:20.906415100+00:00,,404,,,2,04,00,,,,,,
2024-09-25T12:39:20.930998600+00:00,,300,,,8,03,5A,64,5A,64,00,64,27
2024-09-25T12:39:20.931467100+00:00,,301,,,3,B8,07,00,,,,,
2024-09-25T12:39:20.932263100+00:00,,404,,,2,B0,01,,,,,,
2024-09-25T12:39:20.963560100+00:00,,404,,,2,B1,01,,,,,,
2024-09-25T12:39:20.981004100+00:00,,300,,,8,03,5A,64,5A,64,00,64,B8
2024-09-25T12:39:20.981472600+00:00,,301,,,3,80,08,00,,,,,
2024-09-25T12:39:21.031008100+00:00,,300,,,8,03,5A,64,5A,64,00,64,A9
2024-09-25T12:39:21.031476100+00:00,,301,,,3,88,09,00,,,,,
2024-09-25T12:39:21.081015100+00:00,,300,,,8,03,5A,64,5A,64,00,64,BA
2024-09-25T12:39:21.081479100+00:00,,301,,,3,C6,0A,00,,,,,
2024-09-25T12:39:21.131020600+00:00,,300,,,8,03,5A,64,5A,64,00,64,AB
2024-09-25T12:39:21.131484600+00:00,,301,,,3,43,0B,00,,,,,
2024-09-25T12:39:21.181024600+00:00,,300,,,8,03,5A,64,5A,64,00,64,BC
2024-09-25T12:39:21.181488600+00:00,,301,,,3,B5,0C,00,,,,,
2024-09-25T12:39:21.231029600+00:00,,300,,,8,03,5A,64,5A,64,00,64,AD
2024-09-25T12:39:21.231493600+00:00,,301,,,3,4E,0D,00,,,,,
2024-09-25T12:39:21.281810100+00:00,,300,,,8,03,5A,64,5A,64,00,64,BE
2024-09-25T12:39:21.282278100+00:00,,301,,,3,1D,0E,00,,,,,
2024-09-25T12:39:21.331819100+00:00,,300,,,8,03,5A,64,5A,64,00,64,AF
2024-09-25T12:39:21.332283100+00:00,,301,,,3,E8,0F,00,,,,,
2024-09-25T12:39:21.381045100+00:00,,300,,,8,03,5A,64,5A,64,00,64,30
2024-09-25T12:39:21.381517100+00:00,,301,,,3,E2,00,00,,,,,
2024-09-25T12:39:21.431050600+00:00,,300,,,8,03,5A,64,5A,64,00,64,21
2024-09-25T12:39:21.431522600+00:00,,301,,,3,B3,01,00,,,,,
2024-09-25T12:39:21.481056600+00:00,,300,,,8,03,5A,64,5A,64,00,64,32
2024-09-25T12:39:21.481520600+00:00,,301,,,3,6B,02,00,,,,,
2024-09-25T12:39:21.531061600+00:00,,300,,,8,03,5A,64,5A,64,00,64,23
2024-09-25T12:39:21.531525600+00:00,,301,,,3,96,03,00,,,,,
2024-09-25T12:39:21.581064100+00:00,,300,,,8,03,5A,64,5A,64,00,64,34
2024-09-25T12:39:21.581528100+00:00,,301,,,3,03,04,00,,,,,
2024-09-25T12:39:21.631069600+00:00,,300,,,8,03,5A,64,5A,64,00,64,25
2024-09-25T12:39:21.631533600+00:00,,301,,,3,54,05,00,,,,,
2024-09-25T12:39:21.681076600+00:00,,300,,,8,03,5A,64,5A,64,00,64,36
2024-09-25T12:39:21.681544600+00:00,,301,,,3,F5,06,00,,,,,
2024-09-25T12:39:21.731081600+00:00,,300,,,8,03,5A,64,5A,64,00,64,27
2024-09-25T12:39:21.731549600+00:00,,301,,,3,B8,07,00,,,,,
2024-09-25T12:39:21.781085600+00:00,,300,,,8,03,5A,64,5A,64,00,64,B8
2024-09-25T12:39:21.781553600+00:00,,301,,,3,80,08,00,,,,,
2024-09-25T12:39:21.831090600+00:00,,300,,,8,03,5A,64,5A,64,00,64,A9
2024-09-25T12:39:21.831558600+00:00,,301,,,3,88,09,00,,,,,
2024-09-25T12:39:21.881095100+00:00,,300,,,8,03,5A,64,5A,64,00,64,BA
2024-09-25T12:39:21.881559100+00:00,,301,,,3,C6,0A,00,,,,,
2024-09-25T12:39:21.931100100+00:00,,300,,,8,03,5A,64,5A,64,00,64,AB
2024-09-25T12:39:21.931564600+00:00,,301,,,3,43,0B,00,,,,,
2024-09-25T12:39:21.981105100+00:00,,300,,,8,03,5A,64,5A,64,00,64,BC
2024-09-25T12:39:21.981569100+00:00,,301,,,3,B5,0C,00,,,,,
2024-09-25T12:39:22.031110100+00:00,,300,,,8,03,5A,64,5A,64,00,64,AD
2024-09-25T12:39:22.031574100+00:00,,301,,,3,4E,0D,00,,,,,
2024-09-25T12:39:22.081117100+00:00,,300,,,8,03,5A,64,5A,64,00,64,BE
2024-09-25T12:39:22.081585100+00:00,,301,,,3,1D,0E,00,,,,,
2024-09-25T12:39:22.131122100+00:00,,300,,,8,03,5A,64,5A,64,00,64,AF
2024-09-25T12:39:22.131586600+00:00,,301,,,3,E8,0F,00,,,,,
2024-09-25T12:39:22.181276600+00:00,,300,,,8,03,5A,64,5A,64,00,64,30
2024-09-25T12:39:22.181748600+00:00,,301,,,3,E2,00,00,,,,,
2024-09-25T12:39:22.231133600+00:00,,300,,,8,03,5A,64,5A,64,00,64,21
2024-09-25T12:39:22.231605600+00:00,,301,,,3,B3,01,00,,,,,
2024-09-25T12:39:22.281950100+00:00,,300,,,8,03,5A,64,5A,64,00,64,32
2024-09-25T12:39:22.282414100+00:00,,301,,,3,6B,02,00,,,,,
2024-09-25T12:39:22.331919600+00:00,,300,,,8,03,5A,64,5A,64,00,64,23
2024-09-25T12:39:22.332383600+00:00,,301,,,3,96,03,00,,,,,
2024-09-25T12:39:22.381151600+00:00,,300,,,8,03,5A,64,5A,64,00,64,34
2024-09-25T12:39:22.381615600+00:00,,301,,,3,03,04,00,,,,,
2024-09-25T12:39:22.431153600+00:00,,300,,,8,03,5A,64,5A,64,00,64,25
2024-09-25T12:39:22.431617600+00:00,,301,,,3,54,05,00,,,,,
2024-09-25T12:39:22.481156600+00:00,,300,,,8,03,5A,64,5A,64,00,64,36
2024-09-25T12:39:22.481624600+00:00,,301,,,3,F5,06,00,,,,,
2024-09-25T12:39:22.531163100+00:00,,300,,,8,03,5A,64,5A,64,00,64,27
2024-09-25T12:39:22.531631100+00:00,,301,,,3,B8,07,00,,,,,
2024-09-25T12:39:22.581167600+00:00,,300,,,8,03,5A,64,5A,64,00,64,B8
2024-09-25T12:39:22.581635600+00:00,,301,,,3,80,08,00,,,,,
2024-09-25T12:39:22.631173600+00:00,,300,,,8,03,5A,64,5A,64,00,64,A9
2024-09-25T12:39:22.631641600+00:00,,301,,,3,88,09,00,,,,,
2024-09-25T12:39:22.681178100+00:00,,300,,,8,03,5A,64,5A,64,00,64,BA
2024-09-25T12:39:22.681642100+00:00,,301,,,3,C6,0A,00,,,,,
2024-09-25T12:39:22.731184600+00:00,,300,,,8,03,5A,64,5A,64,00,64,AB
2024-09-25T12:39:22.731648600+00:00,,301,,,3,43,0B,00,,,,,
2024-09-25T12:39:22.781188600+00:00,,300,,,8,03,5A,64,5A,64,00,64,BC
2024-09-25T12:39:22.781652600+00:00,,301,,,3,B5,0C,00,,,,,
2024-09-25T12:39:22.831195600+00:00,,300,,,8,03,5A,64,5A,64,00,64,AD
2024-09-25T12:39:22.831659600+00:00,,301,,,3,4E,0D,00,,,,,
2024-09-25T12:39:22.881199600+00:00,,300,,,8,03,5A,64,5A,64,00,64,BE
2024-09-25T12:39:22.881667600+00:00,,301,,,3,1D,0E,00,,,,,
2024-09-25T12:39:22.931203100+00:00,,300,,,8,03,5A,64,5A,64,00,64,AF
2024-09-25T12:39:22.931667100+00:00,,301,,,3,E8,0F,00,,,,,
2024-09-25T12:39:22.981209600+00:00,,300,,,8,03,5A,64,5A,64,00,64,30
2024-09-25T12:39:22.981681600+00:00,,301,,,3,E2,00,00,,,,,
2024-09-25T12:39:23.031216600+00:00,,300,,,8,03,5A,64,5A,64,00,64,21
2024-09-25T12:39:23.031688600+00:00,,301,,,3,B3,01,00,,,,,
2024-09-25T12:39:23.081218600+00:00,,300,,,8,03,5A,64,5A,64,00,64,32
2024-09-25T12:39:23.081682600+00:00,,301,,,3,6B,02,00,,,,,
2024-09-25T12:39:23.131227100+00:00,,300,,,8,03,5A,64,5A,64,00,64,23
2024-09-25T12:39:23.131691100+00:00,,301,,,3,96,03,00,,,,,
2024-09-25T12:39:23.181229600+00:00,,300,,,8,03,5A,64,5A,64,00,64,34
2024-09-25T12:39:23.181693600+00:00,,301,,,3,03,04,00,,,,,
2024-09-25T12:39:23.231234100+00:00,,300,,,8,03,5A,64,5A,64,00,64,25
2024-09-25T12:39:23.231698100+00:00,,301,,,3,54,05,00,,,,,
2024-09-25T12:39:23.282017600+00:00,,300,,,8,03,5A,64,5A,64,00,64,36
2024-09-25T12:39:23.282485600+00:00,,301,,,3,F5,06,00,,,,,
2024-09-25T12:39:23.332025100+00:00,,300,,,8,03,5A,64,5A,64,00,64,27
2024-09-25T12:39:23.332493100+00:00,,301,,,3,B8,07,00,,,,,
2024-09-25T12:39:23.381252100+00:00,,300,,,8,03,5A,64,5A,64,00,64,B8
2024-09-25T12:39:23.381720600+00:00,,301,,,3,80,08,00,,,,,
2024-09-25T12:39:23.431258100+00:00,,300,,,8,03,5A,64,5A,64,00,64,A9
2024-09-25T12:39:23.431726100+00:00,,301,,,3,88,09,00,,,,,
2024-09-25T12:39:23.481261100+00:00,,300,,,8,03,5A,64,5A,64,00,64,BA
2024-09-25T12:39:23.481725600+00:00,,301,,,3,C6,0A,00,,,,,
2024-09-25T12:39:23.531267600+00:00,,300,,,8,03,5A,64,5A,64,00,64,AB
2024-09-25T12:39:23.531731600+00:00,,301,,,3,43,0B,00,,,,,
2024-09-25T12:39:23.581270600+00:00,,300,,,8,03,5A,64,5A,64,00,64,BC
2024-09-25T12:39:23.581734600+00:00,,301,,,3,B5,0C,00,,,,,
2024-09-25T12:39:23.631277100+00:00,,300,,,8,03,5A,64,5A,64,00,64,AD
2024-09-25T12:39:23.631741100+00:00,,301,,,3,4E,0D,00,,,,,
2024-09-25T12:39:23.681281600+00:00,,300,,,8,03,5A,64,5A,64,00,64,BE
2024-09-25T12:39:23.681749600+00:00,,301,,,3,1D,0E,00,,,,,
2024-09-25T12:39:23.731289100+00:00,,300,,,8,03,5A,64,5A,64,00,64,AF
2024-09-25T12:39:23.731753100+00:00,,301,,,3,E8,0F,00,,,,,
2024-09-25T12:39:23.781294100+00:00,,300,,,8,03,5A,64,5A,64,00,64,30
2024-09-25T12:39:23.781766600+00:00,,301,,,3,E2,00,00,,,,,
2024-09-25T12:39:23.831297600+00:00,,300,,,8,03,5A,64,5A,64,00,64,21
2024-09-25T12:39:23.831770100+00:00,,301,,,3,B3,01,00,,,,,
2024-09-25T12:39:23.881302100+00:00,,300,,,8,03,5A,64,5A,64,00,64,32
2024-09-25T12:39:23.881766100+00:00,,301,,,3,6B,02,00,,,,,
2024-09-25T12:39:23.931306100+00:00,,300,,,8,03,5A,64,5A,64,00,64,23
2024-09-25T12:39:23.931770100+00:00,,301,,,3,96,03,00,,,,,
2024-09-25T12:39:23.981312100+00:00,,300,,,8,03,5A,64,5A,64,00,64,34
2024-09-25T12:39:23.981776100+00:00,,301,,,3,03,04,00,,,,,
2024-09-25T12:39:24.031319600+00:00,,300,,,8,03,5A,64,5A,64,00,64,25
2024-09-25T12:39:24.031783600+00:00,,301,,,3,54,05,00,,,,,
2024-09-25T12:39:24.081322100+00:00,,300,,,8,03,5A,64,5A,64,00,64,36
2024-09-25T12:39:24.081790100+00:00,,301,,,3,F5,06,00,,,,,
