402675,0,301,0,0,3,B5,0C,00
402685,1,203,0,0,8,00,00,00,00,00,00,00,00
402705,1,206,0,0,8,00,00,00,00,00,00,00,00
402725,0,300,0,0,8,03,5A,64,5A,64,00,64,AD
402725,0,301,0,0,3,4E,0D,00
402745,1,401,0,0,8,2A,9E,00,00,46,00,00,00
402765,1,400,0,0,8,01,00,0C,00,00,00,00,00
402775,0,300,0,0,8,03,5A,64,5A,64,00,64,BE
402775,1,201,0,0,5,2A,08,00,00,62
402775,0,301,0,0,3,1D,0E,00
402785,1,203,0,0,8,00,00,00,00,00,00,00,00
402815,1,206,0,0,8,00,00,00,00,00,00,00,00
402825,0,300,0,0,8,03,5A,64,5A,64,00,64,AF
402825,0,301,0,0,3,E8,0F,00
402825,1,403,0,0,8,64,00,00,00,40,E3,09,00
402845,1,401,0,0,8,32,9E,00,00,46,00,00,00
402865,1,400,0,0,8,01,00,0C,00,00,00,00,00
402875,0,300,0,0,8,03,5A,64,5A,64,00,64,30
402875,1,201,0,0,5,9E,07,00,00,62
402875,0,301,0,0,3,E2,00,00
402885,1,203,0,0,8,00,00,00,00,00,00,00,00
402915,1,206,0,0,8,00,00,00,00,00,00,00,00
402925,0,300,0,0,8,03,5A,64,5A,64,00,64,21
402925,0,301,0,0,3,B3,01,00
402945,1,401,0,0,8,32,9E,00,00,47,00,00,00
402965,1,400,0,0,8,01,00,0C,00,00,00,00,00
402975,0,300,0,0,8,03,5A,64,5A,64,00,64,32
402975,0,301,0,0,3,6B,02,00
402975,1,201,0,0,5,9E,07,00,00,62
402985,1,203,0,0,8,00,00,00,00,00,00,00,00
403015,1,206,0,0,8,00,00,00,00,00,00,00,00
403025,0,300,0,0,8,03,5A,64,5A,64,00,64,23
403025,0,301,0,0,3,96,03,00
403045,1,401,0,0,8,32,9E,00,00,47,00,00,00
403065,1,400,0,0,8,01,00,0C,00,00,00,00,00
403075,0,300,0,0,8,03,5A,64,5A,64,00,64,34
403075,0,301,0,0,3,03,04,00
403075,1,201,0,0,5,9E,07,00,00,62
403085,1,203,0,0,8,00,00,00,00,00,00,00,00
403115,1,206,0,0,8,00,00,00,00,00,00,00,00
403125,0,300,0,0,8,03,5A,64,5A,64,00,64,25
403125,0,301,0,0,3,54,05,00
403145,1,401,0,0,8,39,9E,00,00,47,00,00,00
403165,1,400,0,0,8,01,00,0C,00,00,00,00,00
403175,0,300,0,0,8,03,5A,64,5A,64,00,64,36
403175,0,301,0,0,3,F5,06,00
403175,1,201,0,0,5,9E,07,00,00,62
403185,1,203,0,0,8,00,00,00,00,00,00,00,00
403215,1,206,0,0,8,00,00,00,00,00,00,00,00
403225,0,300,0,0,8,03,5A,64,5A,64,00,64,27
403225,0,301,0,0,3,B8,07,00
403245,1,401,0,0,8,39,9E,00,00,47,00,00,00
403265,1,400,0,0,8,01,00,0C,00,00,00,00,00
403275,1,201,0,0,5,76,07,00,00,62
403275,0,300,0,0,8,03,5A,64,5A,64,00,64,B8
403275,0,301,0,0,3,80,08,00
403285,1,203,0,0,8,00,00,00,00,00,00,00,00
403315,1,206,0,0,8,00,00,00,00,00,00,00,00
403325,0,300,0,0,8,03,5A,64,5A,64,00,64,A9
403325,0,301,0,0,3,88,09,00
403325,1,402,0,0,8,57,00,00,00,0C,9A,08,00
403345,1,401,0,0,8,3B,9E,00,00,47,00,00,00
403365,1,400,0,0,8,01,00,0C,00,00,00,00,00
403375,0,300,0,0,8,03,5A,64,5A,64,00,64,BA
403375,0,301,0,0,3,C6,0A,00
403375,1,201,0,0,5,76,07,00,00,62
403385,1,203,0,0,8,00,00,00,00,00,00,00,00
403415,1,206,0,0,8,00,00,00,00,00,00,00,00
403425,0,300,0,0,8,03,5A,64,5A,64,00,64,AB
403425,0,301,0,0,3,43,0B,00
403445,1,401,0,0,8,3B,9E,00,00,46,00,00,00
403465,1,400,0,0,8,01,00,0C,00,00,00,00,00
403475,0,300,0,0,8,03,5A,64,5A,64,00,64,BC
403475,0,301,0,0,3,B5,0C,00
403475,1,201,0,0,5,76,07,00,00,62
403485,1,203,0,0,8,00,00,00,00,00,00,00,00
403515,1,206,0,0,8,00,00,00,00,00,00,00,00
403525,0,300,0,0,8,03,5A,64,5A,64,00,64,AD
403525,0,301,0,0,3,4E,0D,00
403545,1,401,0,0,8,3B,9E,00,00,46,00,00,00
403565,1,400,0,0,8,01,00,0C,00,00,00,00,00
403575,0,300,0,0,8,03,5A,64,5A,64,00,64,BE
403575,0,301,0,0,3,1D,0E,00
403575,1,201,0,0,5,76,07,00,00,62
403585,1,203,0,0,8,00,00,00,00,00,00,00,00
403595,1,204,0,0,8,00,00,00,00,00,00,00,00
403615,1,206,0,0,8,00,00,00,00,00,00,00,00
403615,1,202,0,0,8,E2,14,00,00,DE,7D,05,00
403625,0,300,0,0,8,03,5A,64,5A,64,00,64,AF
403625,0,301,0,0,3,E8,0F,00
403645,1,401,0,0,8,3F,9E,00,00,46,00,00,00
403665,1,400,0,0,8,01,00,0C,00,00,00,00,00
403675,0,300,0,0,8,03,5A,64,5A,64,00,64,30
403675,0,301,0,0,3,E2,00,00
403675,1,201,0,0,5,3A,07,00,00,62
403685,1,203,0,0,8,00,00,00,00,00,00,00,00
403715,1,206,0,0,8,00,00,00,00,00,00,00,00
403725,0,300,0,0,8,03,5A,64,5A,64,00,64,21
403725,0,301,0,0,3,B3,01,00
403745,1,401,0,0,8,3F,9E,00,00,47,00,00,00
403765,1,400,0,0,8,01,00,0C,00,00,00,00,00
403775,0,300,0,0,8,03,5A,64,5A,64,00,64,32
403775,0,301,0,0,3,6B,02,00
403775,1,201,0,0,5,3A,07,00,00,62
403785,1,203,0,0,8,00,00,00,00,00,00,00,00
403815,1,206,0,0,8,00,00,00,00,00,00,00,00
403825,0,300,0,0,8,03,5A,64,5A,64,00,64,23
403825,0,301,0,0,3,96,03,00
403835,1,403,0,0,8,64,00,00,00,40,E3,09,00
403855,1,401,0,0,8,45,9E,00,00,47,00,00,00
403875,1,400,0,0,8,01,00,0C,00,00,00,00,00
403875,0,300,0,0,8,03,5A,64,5A,64,00,64,34
403875,0,301,0,0,3,03,04,00
403875,1,201,0,0,5,3A,07,00,00,62
403885,1,203,0,0,8,00,00,00,00,00,00,00,00
403915,1,206,0,0,8,00,00,00,00,00,00,00,00
403925,0,300,0,0,8,03,5A,64,5A,64,00,64,25
403925,0,301,0,0,3,54,05,00
403955,1,401,0,0,8,45,9E,00,00,46,00,00,00
403975,1,400,0,0,8,01,00,0C,00,00,00,00,00
403975,0,300,0,0,8,03,5A,64,5A,64,00,64,36
403975,0,301,0,0,3,F5,06,00
403975,1,201,0,0,5,3A,07,00,00,62
403985,1,203,0,0,8,00,00,00,00,00,00,00,00
404015,1,206,0,0,8,00,00,00,00,00,00,00,00
404025,0,300,0,0,8,03,5A,64,5A,64,00,64,27
404025,0,301,0,0,3,B8,07,00
404055,1,401,0,0,8,45,9E,00,00,46,00,00,00
404075,1,400,0,0,8,01,00,0C,00,00,00,00,00
404075,0,300,0,0,8,03,5A,64,5A,64,00,64,B8
404075,0,301,0,0,3,80,08,00
404075,1,201,0,0,5,3A,07,00,00,62
404085,1,203,0,0,8,00,00,00,00,00,00,00,00
404115,1,206,0,0,8,00,00,00,00,00,00,00,00
404125,0,300,0,0,8,03,5A,64,5A,64,00,64,A9
404125,0,301,0,0,3,88,09,00
404155,1,401,0,0,8,47,9E,00,00,46,00,00,00
404175,1,400,0,0,8,01,00,0C,00,00,00,00,00
404175,0,300,0,0,8,03,5A,64,5A,64,00,64,BA
404175,0,301,0,0,3,C6,0A,00
404175,1,201,0,0,5,12,07,00,00,62
404185,1,203,0,0,8,00,00,00,00,00,00,00,00
404215,1,206,0,0,8,00,00,00,00,00,00,00,00
404225,0,300,0,0,8,03,5A,64,5A,64,00,64,AB
404225,0,301,0,0,3,43,0B,00
404255,1,401,0,0,8,47,9E,00,00,46,00,00,00
404275,1,400,0,0,8,01,00,0C,00,00,00,00,00
404275,0,300,0,0,8,03,5A,64,5A,64,00,64,BC
404275,1,201,0,0,5,12,07,00,00,62
404275,0,301,0,0,3,B5,0C,00
404285,1,203,0,0,8,00,00,00,00,00,00,00,00
404315,1,206,0,0,8,00,00,00,00,00,00,00,00
404325,0,300,0,0,8,03,5A,64,5A,64,00,64,AD
404325,0,301,0,0,3,4E,0D,00
404335,1,402,0,0,8,57,00,00,00,0C,9A,08,00
404355,1,401,0,0,8,4B,9E,00,00,46,00,00,00
404375,1,400,0,0,8,01,00,0C,00,00,00,00,00
404375,0,300,0,0,8,03,5A,64,5A,64,00,64,BE
404375,0,301,0,0,3,1D,0E,00
404375,1,201,0,0,5,12,07,00,00,62
404385,1,203,0,0,8,00,00,00,00,00,00,00,00
404415,1,206,0,0,8,00,00,00,00,00,00,00,00
404425,0,300,0,0,8,03,5A,64,5A,64,00,64,AF
404425,0,301,0,0,3,E8,0F,00
404455,1,401,0,0,8,4B,9E,00,00,46,00,00,00
404475,1,400,0,0,8,01,00,0C,00,00,00,00,00
404475,0,300,0,0,8,03,5A,64,5A,64,00,64,30
404475,0,301,0,0,3,E2,00,00
404475,1,201,0,0,5,12,07,00,00,62
404485,1,203,0,0,8,00,00,00,00,00,00,00,00
404515,1,206,0,0,8,00,00,00,00,00,00,00,00
404525,0,300,0,0,8,03,5A,64,5A,64,00,64,21
404525,0,301,0,0,3,B3,01,00
404555,1,401,0,0,8,4B,9E,00,00,46,00,00,00
404575,1,400,0,0,8,01,00,0C,00,00,00,00,00
404575,0,300,0,0,8,03,5A,64,5A,64,00,64,32
404575,0,301,0,0,3,6B,02,00
404575,1,201,0,0,5,E0,06,00,00,62
404585,1,203,0,0,8,00,00,00,00,00,00,00,00
404595,1,204,0,0,8,00,00,00,00,00,00,00,00
404615,1,206,0,0,8,00,00,00,00,00,00,00,00
404615,1,202,0,0,8,E2,14,00,00,E4,7D,05,00
404625,1,666,0,0,8,52,08,05,00,52,95,36,02
404625,0,300,0,0,8,03,5A,64,5A,64,00,64,23
404625,0,301,0,0,3,96,03,00
404635,1,665,0,0,8,00,00,00,53,4C,18,53,00
404645,1,200,0,0,8,57,00,EC,9C,08,00,02,00
404655,1,401,0,0,8,4D,9E,00,00,46,00,00,00
404675,1,400,0,0,8,01,00,0C,00,00,00,00,00
404675,0,300,0,0,8,03,5A,64,5A,64,00,64,34
404675,0,301,0,0,3,03,04,00
404675,1,201,0,0,5,E0,06,00,00,62
404685,1,203,0,0,8,00,00,00,00,00,00,00,00
404715,1,206,0,0,8,00,00,00,00,00,00,00,00
404725,0,300,0,0,8,03,5A,64,5A,64,00,64,25
404725,0,301,0,0,3,54,05,00
404755,1,401,0,0,8,4D,9E,00,00,46,00,00,00
404775,1,400,0,0,8,01,00,0C,00,00,00,00,00
404775,0,300,0,0,8,03,5A,64,5A,64,00,64,36
404775,0,301,0,0,3,F5,06,00
404775,1,201,0,0,5,E0,06,00,00,62
404785,1,203,0,0,8,00,00,00,00,00,00,00,00
404815,1,206,0,0,8,00,00,00,00,00,00,00,00
404825,0,300,0,0,8,03,5A,64,5A,64,00,64,27
404825,0,301,0,0,3,B8,07,00
404835,1,403,0,0,8,64,00,00,00,40,E3,09,00
404855,1,401,0,0,8,4F,9E,00,00,46,00,00,00
404875,1,400,0,0,8,01,00,0C,00,00,00,00,00
404875,0,300,0,0,8,03,5A,64,5A,64,00,64,B8
404875,0,301,0,0,3,80,08,00
404875,1,201,0,0,5,E0,06,00,00,62
404885,1,203,0,0,8,00,00,00,00,00,00,00,00
404915,1,206,0,0,8,00,00,00,00,00,00,00,00
404925,0,300,0,0,8,03,5A,64,5A,64,00,64,A9
404925,0,301,0,0,3,88,09,00
404955,1,401,0,0,8,4F,9E,00,00,46,00,00,00
404975,1,400,0,0,8,01,00,0C,00,00,00,00,00
404975,0,300,0,0,8,03,5A,64,5A,64,00,64,BA
404975,1,201,0,0,5,E0,06,00,00,62
404975,0,301,0,0,3,C6,0A,00
404985,1,203,0,0,8,00,00,00,00,00,00,00,00
405015,1,206,0,0,8,00,00,00,00,00,00,00,00
405025,0,300,0,0,8,03,5A,64,5A,64,00,64,AB
405025,0,301,0,0,3,43,0B,00
405055,1,401,0,0,8,4F,9E,00,00,46,00,00,00
405075,1,400,0,0,8,01,00,0C,00,00,00,00,00
405075,0,300,0,0,8,03,5A,64,5A,64,00,64,BC
405075,1,201,0,0,5,AE,06,00,00,62
405075,0,301,0,0,3,B5,0C,00
405085,1,203,0,0,8,00,00,00,00,00,00,00,00
405115,1,206,0,0,8,00,00,00,00,00,00,00,00
405125,0,300,0,0,8,03,5A,64,5A,64,00,64,AD
405125,0,301,0,0,3,4E,0D,00
405155,1,401,0,0,8,53,9E,00,00,46,00,00,00
405175,1,400,0,0,8,01,00,0C,00,00,00,00,00
405175,0,300,0,0,8,03,5A,64,5A,64,00,64,BE
405175,1,201,0,0,5,AE,06,00,00,62
405175,0,301,0,0,3,1D,0E,00
405185,1,203,0,0,8,00,00,00,00,00,00,00,00
405215,1,206,0,0,8,00,00,00,00,00,00,00,00
405225,0,300,0,0,8,03,5A,64,5A,64,00,64,AF
405225,0,301,0,0,3,E8,0F,00
405255,1,401,0,0,8,53,9E,00,00,46,00,00,00
405275,1,400,0,0,8,01,00,0C,00,00,00,00,00
405275,1,201,0,0,5,AE,06,00,00,62
405275,0,300,0,0,8,03,5A,64,5A,64,00,64,30
405275,0,301,0,0,3,E2,00,00
405285,1,203,0,0,8,00,00,00,00,00,00,00,00
405315,1,206,0,0,8,00,00,00,00,00,00,00,00
405325,0,300,0,0,8,03,5A,64,5A,64,00,64,21
405325,0,301,0,0,3,B3,01,00
405335,1,402,0,0,8,57,00,00,00,0C,9A,08,00
405355,1,401,0,0,8,53,9E,00,00,46,00,00,00
405375,1,400,0,0,8,01,00,0C,00,00,00,00,00
405375,0,300,0,0,8,03,5A,64,5A,64,00,64,32
405375,1,201,0,0,5,AE,06,00,00,62
405375,0,301,0,0,3,6B,02,00
405385,1,203,0,0,8,00,00,00,00,00,00,00,00
405415,1,206,0,0,8,00,00,00,00,00,00,00,00
405425,0,300,0,0,8,03,5A,64,5A,64,00,64,23
405425,0,301,0,0,3,96,03,00
405455,1,401,0,0,8,53,9E,00,00,46,00,00,00
405475,1,400,0,0,8,01,00,0C,00,00,00,00,00
405475,0,300,0,0,8,03,5A,64,5A,64,00,64,34
405475,1,201,0,0,5,72,06,00,00,62
405475,0,301,0,0,3,03,04,00
405485,1,203,0,0,8,00,00,00,00,00,00,00,00
405515,1,206,0,0,8,00,00,00,00,00,00,00,00
405525,0,300,0,0,8,03,5A,64,5A,64,00,64,25
405525,0,301,0,0,3,54,05,00
405555,1,401,0,0,8,53,9E,00,00,46,00,00,00
405575,1,400,0,0,8,01,00,0C,00,00,00,00,00
405575,1,201,0,0,5,72,06,00,00,62
405575,0,300,0,0,8,03,5A,64,5A,64,00,64,36
405575,0,301,0,0,3,F5,06,00
405585,1,203,0,0,8,00,00,00,00,00,00,00,00
405595,1,204,0,0,8,00,00,00,00,00,00,00,00
405615,1,206,0,0,8,00,00,00,00,00,00,00,00
405615,1,202,0,0,8,E2,14,00,00,E8,7D,05,00
405625,0,300,0,0,8,03,5A,64,5A,64,00,64,27
405625,0,301,0,0,3,B8,07,00
405655,1,401,0,0,8,55,9E,00,00,46,00,00,00
405675,1,400,0,0,8,01,00,0C,00,00,00,00,00
405675,0,300,0,0,8,03,5A,64,5A,64,00,64,B8
405675,1,201,0,0,5,72,06,00,00,62
405675,0,301,0,0,3,80,08,00
405685,1,203,0,0,8,00,00,00,00,00,00,00,00
405715,1,206,0,0,8,00,00,00,00,00,00,00,00
405725,0,300,0,0,8,03,5A,64,5A,64,00,64,A9
405725,0,301,0,0,3,88,09,00
405755,1,401,0,0,8,55,9E,00,00,46,00,00,00
405775,1,400,0,0,8,01,00,0C,00,00,00,00,00
405775,0,300,0,0,8,03,5A,64,5A,64,00,64,BA
405775,0,301,0,0,3,C6,0A,00
405775,1,201,0,0,5,72,06,00,00,62
405785,1,203,0,0,8,00,00,00,00,00,00,00,00
405815,1,206,0,0,8,00,00,00,00,00,00,00,00
405825,0,300,0,0,8,03,5A,64,5A,64,00,64,AB
405825,0,301,0,0,3,43,0B,00
405835,1,403,0,0,8,64,00,00,00,40,E3,09,00
405855,1,401,0,0,8,57,9E,00,00,46,00,00,00
405875,1,400,0,0,8,01,00,0C,00,00,00,00,00
405875,0,300,0,0,8,03,5A,64,5A,64,00,64,BC
405875,0,301,0,0,3,B5,0C,00
405875,1,201,0,0,5,72,06,00,00,62
405885,1,203,0,0,8,00,00,00,00,00,00,00,00
405915,1,206,0,0,8,00,00,00,00,00,00,00,00
405925,0,300,0,0,8,03,5A,64,5A,64,00,64,AD
405925,0,301,0,0,3,4E,0D,00
405955,1,401,0,0,8,57,9E,00,00,46,00,00,00
405975,0,300,0,0,8,03,5A,64,5A,64,00,64,BE
405975,1,400,0,0,8,01,00,0C,00,00,00,00,00
405975,0,301,0,0,3,1D,0E,00
405975,1,201,0,0,5,36,06,00,00,62
405985,1,203,0,0,8,00,00,00,00,00,00,00,00
406015,1,206,0,0,8,00,00,00,00,00,00,00,00
406025,0,300,0,0,8,03,5A,64,5A,64,00,64,AF
406025,0,301,0,0,3,E8,0F,00
406055,1,401,0,0,8,57,9E,00,00,46,00,00,00
406075,0,300,0,0,8,03,5A,64,5A,64,00,64,30
406075,0,301,0,0,3,E2,00,00
406075,1,400,0,0,8,01,00,0C,00,00,00,00,00
406075,1,201,0,0,5,36,06,00,00,62
406085,1,203,0,0,8,00,00,00,00,00,00,00,00
406115,1,206,0,0,8,00,00,00,00,00,00,00,00
406125,0,300,0,0,8,03,5A,64,5A,64,00,64,21
406125,0,301,0,0,3,B3,01,00
406155,1,401,0,0,8,5B,9E,00,00,46,00,00,00
406175,0,300,0,0,8,03,5A,64,5A,64,00,64,32
406175,0,301,0,0,3,6B,02,00
406175,1,201,0,0,5,36,06,00,00,62
406175,1,400,0,0,8,01,00,0C,00,00,00,00,00
406185,1,203,0,0,8,00,00,00,00,00,00,00,00
406215,1,206,0,0,8,00,00,00,00,00,00,00,00
406225,0,300,0,0,8,03,5A,64,5A,64,00,64,23
406225,0,301,0,0,3,96,03,00
406255,1,401,0,0,8,5B,9E,00,00,46,00,00,00
406275,1,201,0,0,5,36,06,00,00,62
406275,1,400,0,0,8,01,00,0C,00,00,00,00,00
406275,0,300,0,0,8,03,5A,64,5A,64,00,64,34
406275,0,301,0,0,3,03,04,00
406285,1,203,0,0,8,00,00,00,00,00,00,00,00
406315,1,206,0,0,8,00,00,00,00,00,00,00,00
406325,0,300,0,0,8,03,5A,64,5A,64,00,64,25
406325,0,301,0,0,3,54,05,00
406335,1,402,0,0,8,57,00,00,00,0C,9A,08,00
406355,1,401,0,0,8,5B,9E,00,00,46,00,00,00
406375,0,300,0,0,8,03,5A,64,5A,64,00,64,36
406375,0,301,0,0,3,F5,06,00
406375,1,201,0,0,5,36,06,00,00,62
406375,1,400,0,0,8,01,00,0C,00,00,00,00,00
406385,1,203,0,0,8,00,00,00,00,00,00,00,00
406415,1,206,0,0,8,00,00,00,00,00,00,00,00
406425,0,300,0,0,8,03,5A,64,5A,64,00,64,27
406425,0,301,0,0,3,B8,07,00
406455,1,401,0,0,8,5B,9E,00,00,46,00,00,00
406475,0,300,0,0,8,03,5A,64,5A,64,00,64,B8
406475,0,301,0,0,3,80,08,00
406475,1,201,0,0,5,FA,05,00,00,62
406475,1,400,0,0,8,01,00,0C,00,00,00,00,00
406485,1,203,0,0,8,00,00,00,00,00,00,00,00
406515,1,206,0,0,8,00,00,00,00,00,00,00,00
406525,0,300,0,0,8,03,5A,64,5A,64,00,64,A9
406525,0,301,0,0,3,88,09,00
406555,1,401,0,0,8,5B,9E,00,00,46,00,00,00
406575,0,300,0,0,8,03,5A,64,5A,64,00,64,BA
406575,0,301,0,0,3,C6,0A,00
406575,1,201,0,0,5,FA,05,00,00,62
406575,1,400,0,0,8,01,00,0C,00,00,00,00,00
406585,1,203,0,0,8,00,00,00,00,00,00,00,00
406595,1,204,0,0,8,00,00,00,00,00,00,00,00
406615,1,206,0,0,8,00,00,00,00,00,00,00,00
406615,1,202,0,0,8,E2,14,00,00,ED,7D,05,00
406625,0,300,0,0,8,03,5A,64,5A,64,00,64,AB
406625,0,301,0,0,3,43,0B,00
406655,1,401,0,0,8,5D,9E,00,00,46,00,00,00
406675,0,300,0,0,8,03,5A,64,5A,64,00,64,BC
406675,0,301,0,0,3,B5,0C,00
406675,1,201,0,0,5,FA,05,00,00,62
406675,1,400,0,0,8,01,00,0C,00,00,00,00,00
406685,1,203,0,0,8,00,00,00,00,00,00,00,00
406715,1,206,0,0,8,00,00,00,00,00,00,00,00
406725,0,300,0,0,8,03,5A,64,5A,64,00,64,AD
406725,0,301,0,0,3,4E,0D,00
406755,1,401,0,0,8,5D,9E,00,00,46,00,00,00
406775,0,300,0,0,8,03,5A,64,5A,64,00,64,BE
406775,0,301,0,0,3,1D,0E,00
406775,1,201,0,0,5,FA,05,00,00,62
406775,1,400,0,0,8,01,00,0C,00,00,00,00,00
406785,1,203,0,0,8,00,00,00,00,00,00,00,00
406815,1,206,0,0,8,00,00,00,00,00,00,00,00
406825,0,300,0,0,8,03,5A,64,5A,64,00,64,AF
406825,0,301,0,0,3,E8,0F,00
406835,1,403,0,0,8,64,00,00,00,40,E3,09,00
406855,1,401,0,0,8,5F,9E,00,00,46,00,00,00
406875,0,300,0,0,8,03,5A,64,5A,64,00,64,30
406875,0,301,0,0,3,E2,00,00
406875,1,201,0,0,5,FA,05,00,00,62
406875,1,400,0,0,8,01,00,0C,00,00,00,00,00
406885,1,203,0,0,8,00,00,00,00,00,00,00,00
406915,1,206,0,0,8,00,00,00,00,00,00,00,00
406925,0,300,0,0,8,03,5A,64,5A,64,00,64,21
406925,0,301,0,0,3,B3,01,00
406955,1,401,0,0,8,5F,9E,00,00,46,00,00,00
406975,0,300,0,0,8,03,5A,64,5A,64,00,64,32
406975,0,301,0,0,3,6B,02,00
406975,1,201,0,0,5,C8,05,00,00,62
406975,1,400,0,0,8,01,00,0C,00,00,00,00,00
406985,1,203,0,0,8,00,00,00,00,00,00,00,00
407015,1,206,0,0,8,00,00,00,00,00,00,00,00
407025,0,300,0,0,8,03,5A,64,5A,64,00,64,23
407025,0,301,0,0,3,96,03,00
407055,1,401,0,0,8,5F,9E,00,00,46,00,00,00
407075,0,300,0,0,8,03,5A,64,5A,64,00,64,34
407075,0,301,0,0,3,03,04,00
407075,1,201,0,0,5,C8,05,00,00,62
407075,1,400,0,0,8,01,00,0C,00,00,00,00,00
407085,1,203,0,0,8,00,00,00,00,00,00,00,00
407115,1,206,0,0,8,00,00,00,00,00,00,00,00
407125,0,300,0,0,8,03,5A,64,5A,64,00,64,25
407125,0,301,0,0,3,54,05,00
407155,1,401,0,0,8,5F,9E,00,00,46,00,00,00
407175,0,300,0,0,8,03,5A,64,5A,64,00,64,36
407175,0,301,0,0,3,F5,06,00
407175,1,201,0,0,5,C8,05,00,00,62
407175,1,400,0,0,8,01,00,0C,00,00,00,00,00
407185,1,203,0,0,8,00,00,00,00,00,00,00,00
407215,1,206,0,0,8,00,00,00,00,00,00,00,00
407225,0,300,0,0,8,03,5A,64,5A,64,00,64,27
407225,0,301,0,0,3,B8,07,00
407255,1,401,0,0,8,5F,9E,00,00,46,00,00,00
407275,0,404,0,0,2,4A,00
407275,1,405,0,0,8,4A,00,00,00,06,00,00,00
407275,1,201,0,0,5,C8,05,00,00,62
407275,0,300,0,0,8,03,5A,64,5A,64,00,64,B8
407275,0,301,0,0,3,80,08,00
407275,1,400,0,0,8,01,00,0C,00,00,00,00,00
407285,1,203,0,0,8,00,00,00,00,00,00,00,00
407305,0,404,0,0,2,02,30
407305,1,405,0,0,7,02,30,00,00,00,00,00
407315,1,206,0,0,8,00,00,00,00,00,00,00,00
407325,0,300,0,0,8,03,5A,64,5A,64,00,64,A9
407325,0,301,0,0,3,88,09,00
407335,1,402,0,0,8,57,00,00,00,0C,9A,08,00
407345,0,404,0,0,2,44,00
407345,1,405,0,0,6,44,00,00,00,50,46
407355,1,401,0,0,8,61,9E,00,00,46,00,00,00
407365,0,404,0,0,2,01,00
407365,1,405,0,0,8,01,00,00,00,00,04,06,04
407375,0,300,0,0,8,03,5A,64,5A,64,00,64,BA
407375,0,301,0,0,3,C6,0A,00
407375,1,201,0,0,5,C8,05,00,00,62
407375,1,400,0,0,8,01,00,0C,00,00,00,00,00
407385,1,203,0,0,8,00,00,00,00,00,00,00,00
407395,0,404,0,0,2,A3,01
407395,1,405,0,0,5,A3,01,00,00,06
407415,1,206,0,0,8,00,00,00,00,00,00,00,00
407425,0,300,0,0,8,03,5A,64,5A,64,00,64,AB
407425,0,301,0,0,3,43,0B,00
407425,0,404,0,0,2,20,00
407425,1,405,0,0,8,20,00,00,00,32,33,36,47
407455,1,401,0,0,8,61,9E,00,00,46,00,00,00
407465,0,404,0,0,2,21,00
407465,1,405,0,0,8,21,00,00,00,35,4C,41,31
407475,0,300,0,0,8,03,5A,64,5A,64,00,64,BC
407475,0,301,0,0,3,B5,0C,00
407475,1,201,0,0,5,C8,05,00,00,62
407475,1,400,0,0,8,01,00,0C,00,00,00,00,00
407485,1,203,0,0,8,00,00,00,00,00,00,00,00
407495,0,404,0,0,2,22,00
407495,1,405,0,0,8,22,00,00,00,30,30,34,52
407515,1,206,0,0,8,00,00,00,00,00,00,00,00
407525,0,404,0,0,2,23,00
407525,1,405,0,0,8,23,00,00,00,4D,30,30,30
407525,0,300,0,0,8,03,5A,64,5A,64,00,64,AD
407525,0,301,0,0,3,4E,0D,00
407555,0,404,0,0,2,24,00
407555,1,405,0,0,8,24,00,00,00,30,30,30,30
407555,1,401,0,0,8,61,9E,00,00,46,00,00,00
407575,0,300,0,0,8,03,5A,64,5A,64,00,64,BE
407575,0,301,0,0,3,1D,0E,00
407575,1,201,0,0,5,8C,05,00,00,62
407575,1,400,0,0,8,01,00,0C,00,00,00,00,00
407585,0,404,0,0,2,25,00
407585,1,405,0,0,8,25,00,00,00,30,30,30,30
407585,1,203,0,0,8,00,00,00,00,00,00,00,00
407595,1,204,0,0,8,00,00,00,00,00,00,00,00
407615,1,206,0,0,8,00,00,00,00,00,00,00,00
407615,1,202,0,0,8,E2,15,00,00,F1,7D,05,00
407615,0,404,0,0,2,26,00
407615,1,405,0,0,8,26,00,00,00,30,30,30,30
407625,1,666,0,0,8,52,08,05,00,52,95,36,02
407625,0,300,0,0,8,03,5A,64,5A,64,00,64,AF
407625,0,301,0,0,3,E8,0F,00
407635,1,665,0,0,8,00,00,00,53,4C,18,53,00
407645,1,200,0,0,8,57,00,A8,9C,08,00,00,00
407655,0,404,0,0,2,27,00
407655,1,405,0,0,6,27,00,00,00,30,30
407655,1,401,0,0,8,63,9E,00,00,46,00,00,00
407675,0,300,0,0,8,03,5A,64,5A,64,00,64,30
407675,0,301,0,0,3,E2,00,00
407675,1,201,0,0,5,8C,05,00,00,62
407675,1,400,0,0,8,01,00,0C,00,00,00,00,00
407675,0,404,0,0,2,4C,00
407675,1,405,0,0,8,4C,00,00,00,01,24,00,00
407685,1,203,0,0,8,00,00,00,00,00,00,00,00
407715,0,404,0,0,2,46,00
407715,1,405,0,0,5,46,00,00,00,00
407715,1,206,0,0,8,00,00,00,00,00,00,00,00
407725,0,300,0,0,8,03,5A,64,5A,64,00,64,21
407725,0,301,0,0,3,B3,01,00
407745,0,404,0,0,2,4D,00
407745,1,405,0,0,8,4D,00,00,00,00,00,00,00
407755,1,401,0,0,8,63,9E,00,00,46,00,00,00
407775,0,404,0,0,2,50,00
407775,1,405,0,0,8,50,00,00,00,80,00,7E,00
407775,1,201,0,0,5,8C,05,00,00,62
407775,0,300,0,0,8,03,5A,64,5A,64,00,64,32
407775,0,301,0,0,3,6B,02,00
407775,1,400,0,0,8,01,00,0C,00,00,00,00,00
407785,1,203,0,0,8,00,00,00,00,00,00,00,00
407805,0,404,0,0,2,02,00
407815,1,405,0,0,8,02,00,00,00,53,49,43,54
407815,1,206,0,0,8,00,00,00,00,00,00,00,00
407825,0,300,0,0,8,03,5A,64,5A,64,00,64,23
407825,0,301,0,0,3,96,03,00
407835,0,404,0,0,2,0A,00
407835,1,405,0,0,8,0A,00,00,00,30,3A,00,00
407835,1,403,0,0,8,64,00,00,00,40,E3,09,00
407855,1,401,0,0,8,65,9E,00,00,46,00,00,00
407865,0,404,0,0,2,04,00
407865,1,405,0,0,7,04,00,00,00,16,09,02
407875,0,300,0,0,8,03,5A,64,5A,64,00,64,34
407875,0,301,0,0,3,03,04,00
407875,1,201,0,0,5,8C,05,00,00,62
407875,1,400,0,0,8,01,00,0C,00,00,00,00,00
407885,1,203,0,0,8,00,00,00,00,00,00,00,00
407895,0,404,0,0,2,B0,01
407895,1,405,0,0,6,B0,01,00,00,00,00
407915,1,206,0,0,8,00,00,00,00,00,00,00,00
407925,0,300,0,0,8,03,5A,64,5A,64,00,64,25
407925,0,301,0,0,3,54,05,00
407925,0,404,0,0,2,B1,01
407925,1,405,0,0,6,B1,01,00,00,00,00
407955,1,401,0,0,8,65,9E,00,00,46,00,00,00
407975,0,300,0,0,8,03,5A,64,5A,64,00,64,36
407975,0,301,0,0,3,F5,06,00
407975,1,201,0,0,5,8C,05,00,00,62
407975,1,400,0,0,8,01,00,0C,00,00,00,00,00
407985,1,203,0,0,8,00,00,00,00,00,00,00,00
408015,1,206,0,0,8,00,00,00,00,00,00,00,00
408025,0,300,0,0,8,03,5A,64,5A,64,00,64,27
408025,0,301,0,0,3,B8,07,00
408055,1,401,0,0,8,65,9E,00,00,46,00,00,00
408075,0,300,0,0,8,03,5A,64,5A,64,00,64,B8
408075,0,301,0,0,3,80,08,00
408075,1,201,0,0,5,8C,05,00,00,62
408075,1,400,0,0,8,01,00,0C,00,00,00,00,00
408085,1,203,0,0,8,00,00,00,00,00,00,00,00
408115,1,206,0,0,8,00,00,00,00,00,00,00,00
408125,0,300,0,0,8,03,5A,64,5A,64,00,64,A9
408125,0,301,0,0,3,88,09,00
408155,1,401,0,0,8,67,9E,00,00,46,00,00,00
408175,0,300,0,0,8,03,5A,64,5A,64,00,64,BA
408175,0,301,0,0,3,C6,0A,00
408175,1,201,0,0,5,46,05,00,00,62
408175,1,400,0,0,8,01,00,0C,00,00,00,00,00
408185,1,203,0,0,8,00,00,00,00,00,00,00,00
408215,1,206,0,0,8,00,00,00,00,00,00,00,00
408225,0,300,0,0,8,03,5A,64,5A,64,00,64,AB
408225,0,301,0,0,3,43,0B,00
408255,1,401,0,0,8,67,9E,00,00,46,00,00,00
408275,0,300,0,0,8,03,5A,64,5A,64,00,64,BC
408275,0,301,0,0,3,B5,0C,00
408275,1,201,0,0,5,46,05,00,00,62
408275,1,400,0,0,8,01,00,0C,00,00,00,00,00
408285,1,203,0,0,8,00,00,00,00,00,00,00,00
408315,1,206,0,0,8,00,00,00,00,00,00,00,00
408325,0,300,0,0,8,03,5A,64,5A,64,00,64,AD
408325,0,301,0,0,3,4E,0D,00
408345,1,402,0,0,8,57,00,00,00,0C,9A,08,00
408365,1,401,0,0,8,67,9E,00,00,46,00,00,00
408375,0,300,0,0,8,03,5A,64,5A,64,00,64,BE
408375,0,301,0,0,3,1D,0E,00
408375,1,201,0,0,5,46,05,00,00,62
408385,1,400,0,0,8,01,00,0C,00,00,00,00,00
408385,1,203,0,0,8,00,00,00,00,00,00,00,00
408415,1,206,0,0,8,00,00,00,00,00,00,00,00
408425,0,300,0,0,8,03,5A,64,5A,64,00,64,AF
408425,0,301,0,0,3,E8,0F,00
408465,1,401,0,0,8,67,9E,00,00,46,00,00,00
408475,0,300,0,0,8,03,5A,64,5A,64,00,64,30
408475,0,301,0,0,3,E2,00,00
408475,1,201,0,0,5,46,05,00,00,62
408485,1,400,0,0,8,01,00,0C,00,00,00,00,00
408485,1,203,0,0,8,00,00,00,00,00,00,00,00
408515,1,206,0,0,8,00,00,00,00,00,00,00,00
408525,0,300,0,0,8,03,5A,64,5A,64,00,64,21
408525,0,301,0,0,3,B3,01,00
408565,1,401,0,0,8,67,9E,00,00,46,00,00,00
408575,0,300,0,0,8,03,5A,64,5A,64,00,64,32
408575,0,301,0,0,3,6B,02,00
408575,1,201,0,0,5,46,05,00,00,62
408585,1,400,0,0,8,01,00,0C,00,00,00,00,00
408585,1,203,0,0,8,00,00,00,00,00,00,00,00
408605,1,204,0,0,8,00,00,00,00,00,00,00,00
408615,1,206,0,0,8,00,00,00,00,00,00,00,00
408615,1,202,0,0,8,E2,14,00,00,F3,7D,05,00
408625,0,300,0,0,8,03,5A,64,5A,64,00,64,23
408625,0,301,0,0,3,96,03,00
408665,1,401,0,0,8,69,9E,00,00,46,00,00,00
408675,0,300,0,0,8,03,5A,64,5A,64,00,64,34
408675,0,301,0,0,3,03,04,00
408675,1,201,0,0,5,46,05,00,00,62
408685,1,400,0,0,8,01,00,0C,00,00,00,00,00
408685,1,203,0,0,8,00,00,00,00,00,00,00,00
408715,1,206,0,0,8,00,00,00,00,00,00,00,00
408725,0,300,0,0,8,03,5A,64,5A,64,00,64,25
408725,0,301,0,0,3,54,05,00
408765,1,401,0,0,8,69,9E,00,00,46,00,00,00
408775,0,300,0,0,8,03,5A,64,5A,64,00,64,36
408775,0,301,0,0,3,F5,06,00
408775,1,201,0,0,5,0A,05,00,00,62
408785,1,400,0,0,8,01,00,0C,00,00,00,00,00
408785,1,203,0,0,8,00,00,00,00,00,00,00,00
408815,1,206,0,0,8,00,00,00,00,00,00,00,00
408825,0,300,0,0,8,03,5A,64,5A,64,00,64,27
408825,0,301,0,0,3,B8,07,00
408845,1,403,0,0,8,64,00,00,00,40,E3,09,00
408865,1,401,0,0,8,6D,9E,00,00,46,00,00,00
408875,0,300,0,0,8,03,5A,64,5A,64,00,64,B8
408875,0,301,0,0,3,80,08,00
408875,1,201,0,0,5,0A,05,00,00,62
408885,1,400,0,0,8,01,00,0C,00,00,00,00,00
408885,1,203,0,0,8,00,00,00,00,00,00,00,00
408915,1,206,0,0,8,00,00,00,00,00,00,00,00
408925,0,300,0,0,8,03,5A,64,5A,64,00,64,A9
408925,0,301,0,0,3,88,09,00
408965,1,401,0,0,8,6D,9E,00,00,46,00,00,00
408975,0,300,0,0,8,03,5A,64,5A,64,00,64,BA
408975,0,301,0,0,3,C6,0A,00
408975,1,201,0,0,5,0A,05,00,00,62
408985,1,400,0,0,8,01,00,0C,00,00,00,00,00
408985,1,203,0,0,8,00,00,00,00,00,00,00,00
409015,1,206,0,0,8,00,00,00,00,00,00,00,00
409025,0,300,0,0,8,03,5A,64,5A,64,00,64,AB
409025,0,301,0,0,3,43,0B,00
409065,1,401,0,0,8,6D,9E,00,00,46,00,00,00
409075,0,300,0,0,8,03,5A,64,5A,64,00,64,BC
409075,0,301,0,0,3,B5,0C,00
409075,1,201,0,0,5,0A,05,00,00,62
409085,1,400,0,0,8,01,00,0C,00,00,00,00,00
409085,1,203,0,0,8,00,00,00,00,00,00,00,00
409115,1,206,0,0,8,00,00,00,00,00,00,00,00
409125,0,300,0,0,8,03,5A,64,5A,64,00,64,AD
409125,0,301,0,0,3,4E,0D,00
409165,1,401,0,0,8,6D,9E,00,00,46,00,00,00
409175,0,300,0,0,8,03,5A,64,5A,64,00,64,BE
409175,0,301,0,0,3,1D,0E,00
409175,1,201,0,0,5,0A,05,00,00,62
409185,1,400,0,0,8,01,00,0C,00,00,00,00,00
409185,1,203,0,0,8,00,00,00,00,00,00,00,00
409215,1,206,0,0,8,00,00,00,00,00,00,00,00
409225,0,300,0,0,8,03,5A,64,5A,64,00,64,AF
409225,0,301,0,0,3,E8,0F,00
409265,1,401,0,0,8,6D,9E,00,00,46,00,00,00
409275,0,300,0,0,8,03,5A,64,5A,64,00,64,30
409275,0,301,0,0,3,E2,00,00
409275,1,201,0,0,5,0A,05,00,00,62
409285,1,400,0,0,8,01,00,0C,00,00,00,00,00
409285,1,203,0,0,8,00,00,00,00,00,00,00,00
409315,1,206,0,0,8,00,00,00,00,00,00,00,00
409325,0,300,0,0,8,03,5A,64,5A,64,00,64,21
409325,0,301,0,0,3,B3,01,00
409345,1,402,0,0,8,57,00,00,00,0C,9A,08,00
409365,1,401,0,0,8,6D,9E,00,00,46,00,00,00
409375,0,300,0,0,8,03,5A,64,5A,64,00,64,32
409375,0,301,0,0,3,6B,02,00
409375,1,201,0,0,5,D8,04,00,00,62
409385,1,400,0,0,8,01,00,0C,00,00,00,00,00
409385,1,203,0,0,8,00,00,00,00,00,00,00,00
409415,1,206,0,0,8,00,00,00,00,00,00,00,00
409425,0,300,0,0,8,03,5A,64,5A,64,00,64,23
409425,0,301,0,0,3,96,03,00
409465,1,401,0,0,8,6D,9E,00,00,46,00,00,00
409475,0,300,0,0,8,03,5A,64,5A,64,00,64,34
409475,0,301,0,0,3,03,04,00
409475,1,201,0,0,5,D8,04,00,00,62
409485,1,400,0,0,8,01,00,0C,00,00,00,00,00
409485,1,203,0,0,8,00,00,00,00,00,00,00,00
409515,1,206,0,0,8,00,00,00,00,00,00,00,00
409525,0,300,0,0,8,03,5A,64,5A,64,00,64,25
409525,0,301,0,0,3,54,05,00
409565,1,401,0,0,8,6D,9E,00,00,46,00,00,00
409575,0,300,0,0,8,03,5A,64,5A,64,00,64,36
409575,0,301,0,0,3,F5,06,00
409575,1,201,0,0,5,D8,04,00,00,62
409585,1,400,0,0,8,01,00,0C,00,00,00,00,00
409585,1,203,0,0,8,00,00,00,00,00,00,00,00
409605,1,204,0,0,8,00,00,00,00,00,00,00,00
409615,1,206,0,0,8,00,00,00,00,00,00,00,00
409615,1,202,0,0,8,E2,15,00,00,F8,7D,05,00
409625,0,300,0,0,8,03,5A,64,5A,64,00,64,27
409625,0,301,0,0,3,B8,07,00
409665,1,401,0,0,8,6B,9E,00,00,46,00,00,00
409675,0,300,0,0,8,03,5A,64,5A,64,00,64,B8
409675,0,301,0,0,3,80,08,00
409675,1,201,0,0,5,D8,04,00,00,62
409685,1,400,0,0,8,01,00,0C,00,00,00,00,00
409685,1,203,0,0,8,00,00,00,00,00,00,00,00
409715,1,206,0,0,8,00,00,00,00,00,00,00,00
409725,0,300,0,0,8,03,5A,64,5A,64,00,64,A9
409725,0,301,0,0,3,88,09,00
409765,1,401,0,0,8,6B,9E,00,00,46,00,00,00
409775,0,300,0,0,8,03,5A,64,5A,64,00,64,BA
409775,0,301,0,0,3,C6,0A,00
409775,1,201,0,0,5,D8,04,00,00,62
409785,1,400,0,0,8,01,00,0C,00,00,00,00,00
409785,1,203,0,0,8,00,00,00,00,00,00,00,00
409815,1,206,0,0,8,00,00,00,00,00,00,00,00
409825,0,300,0,0,8,03,5A,64,5A,64,00,64,AB
409825,0,301,0,0,3,43,0B,00
409845,1,403,0,0,8,64,00,00,00,40,E3,09,00
409865,1,401,0,0,8,6F,9E,00,00,46,00,00,00
409875,0,300,0,0,8,03,5A,64,5A,64,00,64,BC
409875,0,301,0,0,3,B5,0C,00
409875,1,201,0,0,5,D8,04,00,00,62
409885,1,400,0,0,8,01,00,0C,00,00,00,00,00
409885,1,203,0,0,8,00,00,00,00,00,00,00,00
409915,1,206,0,0,8,00,00,00,00,00,00,00,00
409925,0,300,0,0,8,03,5A,64,5A,64,00,64,AD
409925,0,301,0,0,3,4E,0D,00
409965,1,401,0,0,8,6F,9E,00,00,46,00,00,00
409975,0,300,0,0,8,03,5A,64,5A,64,00,64,BE
409975,0,301,0,0,3,1D,0E,00
409975,1,201,0,0,5,92,04,00,00,62
409985,1,400,0,0,8,01,00,0C,00,00,00,00,00
409985,1,203,0,0,8,00,00,00,00,00,00,00,00
410015,1,206,0,0,8,00,00,00,00,00,00,00,00
410025,0,300,0,0,8,03,5A,64,5A,64,00,64,AF
410025,0,301,0,0,3,E8,0F,00
410065,1,401,0,0,8,6F,9E,00,00,46,00,00,00
410075,0,300,0,0,8,03,5A,64,5A,64,00,64,30
410075,0,301,0,0,3,E2,00,00
410075,1,201,0,0,5,92,04,00,00,62
410085,1,400,0,0,8,01,00,0C,00,00,00,00,00
410085,1,203,0,0,8,00,00,00,00,00,00,00,00
410115,1,206,0,0,8,00,00,00,00,00,00,00,00
410125,0,300,0,0,8,03,5A,64,5A,64,00,64,21
410125,0,301,0,0,3,B3,01,00
410165,1,401,0,0,8,6F,9E,00,00,46,00,00,00
410175,0,300,0,0,8,03,5A,64,5A,64,00,64,32
410175,0,301,0,0,3,6B,02,00
410175,1,201,0,0,5,92,04,00,00,62
410185,1,400,0,0,8,01,00,0C,00,00,00,00,00
410185,1,203,0,0,8,00,00,00,00,00,00,00,00
410215,1,206,0,0,8,00,00,00,00,00,00,00,00
410225,0,300,0,0,8,03,5A,64,5A,64,00,64,23
410225,0,301,0,0,3,96,03,00
410265,1,401,0,0,8,6F,9E,00,00,46,00,00,00
410275,0,300,0,0,8,03,5A,64,5A,64,00,64,34
410275,0,301,0,0,3,03,04,00
410275,1,201,0,0,5,92,04,00,00,62
410285,1,400,0,0,8,01,00,0C,00,00,00,00,00
410285,1,203,0,0,8,00,00,00,00,00,00,00,00
410315,1,206,0,0,8,00,00,00,00,00,00,00,00
410325,0,300,0,0,8,03,5A,64,5A,64,00,64,25
410325,0,301,0,0,3,54,05,00
410345,1,402,0,0,8,57,00,00,00,0C,9A,08,00
410365,1,401,0,0,8,71,9E,00,00,46,00,00,00
410375,0,300,0,0,8,03,5A,64,5A,64,00,64,36
410375,0,301,0,0,3,F5,06,00
410375,1,201,0,0,5,92,04,00,00,62
410385,1,400,0,0,8,01,00,0C,00,00,00,00,00
410385,1,203,0,0,8,00,00,00,00,00,00,00,00
410415,1,206,0,0,8,00,00,00,00,00,00,00,00
410425,0,300,0,0,8,03,5A,64,5A,64,00,64,27
410425,0,301,0,0,3,B8,07,00
410465,1,401,0,0,8,71,9E,00,00,46,00,00,00
410475,0,300,0,0,8,03,5A,64,5A,64,00,64,B8
410475,0,301,0,0,3,80,08,00
410475,1,201,0,0,5,92,04,00,00,62
410485,1,400,0,0,8,01,00,0C,00,00,00,00,00
410485,1,203,0,0,8,00,00,00,00,00,00,00,00
410515,1,206,0,0,8,00,00,00,00,00,00,00,00
410525,0,300,0,0,8,03,5A,64,5A,64,00,64,A9
410525,0,301,0,0,3,88,09,00
410565,1,401,0,0,8,71,9E,00,00,46,00,00,00
410575,0,300,0,0,8,03,5A,64,5A,64,00,64,BA
410575,0,301,0,0,3,C6,0A,00
410575,1,201,0,0,5,92,04,00,00,62
410585,1,400,0,0,8,01,00,0C,00,00,00,00,00
410585,1,203,0,0,8,00,00,00,00,00,00,00,00
410605,1,204,0,0,8,00,00,00,00,00,00,00,00
410615,1,206,0,0,8,00,00,00,00,00,00,00,00
410615,1,202,0,0,8,E2,14,00,00,FA,7D,05,00
410625,0,300,0,0,8,03,5A,64,5A,64,00,64,AB
410625,1,666,0,0,8,52,08,05,00,52,95,36,02
410625,0,301,0,0,3,43,0B,00
410635,1,665,0,0,8,00,00,00,53,4C,18,53,00
410645,1,200,0,0,8,57,00,6A,9C,08,00,01,00
410665,1,401,0,0,8,71,9E,00,00,46,00,00,00
410675,0,300,0,0,8,03,5A,64,5A,64,00,64,BC
410675,0,301,0,0,3,B5,0C,00
410675,1,201,0,0,5,56,04,00,00,62
410685,1,400,0,0,8,01,00,0C,00,00,00,00,00
410685,1,203,0,0,8,00,00,00,00,00,00,00,00
410715,1,206,0,0,8,00,00,00,00,00,00,00,00
410725,0,300,0,0,8,03,5A,64,5A,64,00,64,AD
410725,0,301,0,0,3,4E,0D,00
410765,1,401,0,0,8,71,9E,00,00,46,00,00,00
410775,0,300,0,0,8,03,5A,64,5A,64,00,64,BE
410775,0,301,0,0,3,1D,0E,00
410775,1,201,0,0,5,56,04,00,00,62
410785,1,400,0,0,8,01,00,0C,00,00,00,00,00
410785,1,203,0,0,8,00,00,00,00,00,00,00,00
410815,1,206,0,0,8,00,00,00,00,00,00,00,00
410825,0,300,0,0,8,03,5A,64,5A,64,00,64,AF
410825,0,301,0,0,3,E8,0F,00
410845,1,403,0,0,8,64,00,00,00,40,E3,09,00
410865,1,401,0,0,8,71,9E,00,00,46,00,00,00
410875,0,300,0,0,8,03,5A,64,5A,64,00,64,30
410875,0,301,0,0,3,E2,00,00
410875,1,201,0,0,5,56,04,00,00,62
410885,1,400,0,0,8,01,00,0C,00,00,00,00,00
410885,1,203,0,0,8,00,00,00,00,00,00,00,00
410915,1,206,0,0,8,00,00,00,00,00,00,00,00
410925,0,300,0,0,8,03,5A,64,5A,64,00,64,21
410925,0,301,0,0,3,B3,01,00
410965,1,401,0,0,8,71,9E,00,00,47,00,00,00
410975,0,300,0,0,8,03,5A,64,5A,64,00,64,32
410975,0,301,0,0,3,6B,02,00
410975,1,201,0,0,5,56,04,00,00,62
410985,1,400,0,0,8,01,00,0C,00,00,00,00,00
410985,1,203,0,0,8,00,00,00,00,00,00,00,00
411015,1,206,0,0,8,00,00,00,00,00,00,00,00
411025,0,300,0,0,8,03,5A,64,5A,64,00,64,23
411025,0,301,0,0,3,96,03,00
411065,1,401,0,0,8,71,9E,00,00,47,00,00,00
411075,0,300,0,0,8,03,5A,64,5A,64,00,64,34
411075,0,301,0,0,3,03,04,00
411075,1,201,0,0,5,56,04,00,00,62
411085,1,400,0,0,8,01,00,0C,00,00,00,00,00
411085,1,203,0,0,8,00,00,00,00,00,00,00,00
411115,1,206,0,0,8,00,00,00,00,00,00,00,00
411125,0,300,0,0,8,03,5A,64,5A,64,00,64,25
411125,0,301,0,0,3,54,05,00
411165,1,401,0,0,8,71,9E,00,00,47,00,00,00
411175,0,300,0,0,8,03,5A,64,5A,64,00,64,36
411175,0,301,0,0,3,F5,06,00
411175,1,201,0,0,5,56,04,00,00,62
411185,1,400,0,0,8,01,00,0C,00,00,00,00,00
411185,1,203,0,0,8,00,00,00,00,00,00,00,00
411215,1,206,0,0,8,00,00,00,00,00,00,00,00
411225,0,300,0,0,8,03,5A,64,5A,64,00,64,27
411225,0,301,0,0,3,B8,07,00
411265,1,401,0,0,8,71,9E,00,00,46,00,00,00
411275,0,300,0,0,8,03,5A,64,5A,64,00,64,B8
411275,0,301,0,0,3,80,08,00
411275,1,201,0,0,5,56,04,00,00,62
411285,1,400,0,0,8,01,00,0C,00,00,00,00,00
411285,1,203,0,0,8,00,00,00,00,00,00,00,00
411315,1,206,0,0,8,00,00,00,00,00,00,00,00
411325,0,300,0,0,8,03,5A,64,5A,64,00,64,A9
411325,0,301,0,0,3,88,09,00
411345,1,402,0,0,8,57,00,00,00,0C,9A,08,00
411365,1,401,0,0,8,71,9E,00,00,46,00,00,00
411375,0,300,0,0,8,03,5A,64,5A,64,00,64,BA
411375,0,301,0,0,3,C6,0A,00
411375,1,201,0,0,5,56,04,00,00,62
411385,1,400,0,0,8,01,00,0C,00,00,00,00,00
411385,1,203,0,0,8,00,00,00,00,00,00,00,00
411415,1,206,0,0,8,00,00,00,00,00,00,00,00
411425,0,300,0,0,8,03,5A,64,5A,64,00,64,AB
411425,0,301,0,0,3,43,0B,00
411465,1,401,0,0,8,71,9E,00,00,46,00,00,00
411475,0,300,0,0,8,03,5A,64,5A,64,00,64,BC
411475,0,301,0,0,3,B5,0C,00
411475,1,201,0,0,5,06,04,00,00,62
411485,1,400,0,0,8,01,00,0C,00,00,00,00,00
411485,1,203,0,0,8,00,00,00,00,00,00,00,00
411515,1,206,0,0,8,00,00,00,00,00,00,00,00
411525,0,300,0,0,8,03,5A,64,5A,64,00,64,AD
411525,0,301,0,0,3,4E,0D,00
411565,1,401,0,0,8,71,9E,00,00,46,00,00,00
411575,0,300,0,0,8,03,5A,64,5A,64,00,64,BE
411575,0,301,0,0,3,1D,0E,00
411575,1,201,0,0,5,06,04,00,00,62
411585,1,400,0,0,8,01,00,0C,00,00,00,00,00
411585,1,203,0,0,8,00,00,00,00,00,00,00,00
411605,1,204,0,0,8,00,00,00,00,00,00,00,00
411615,1,206,0,0,8,00,00,00,00,00,00,00,00
411615,1,202,0,0,8,E2,14,00,00,FE,7D,05,00
411625,0,300,0,0,8,03,5A,64,5A,64,00,64,AF
411625,0,301,0,0,3,E8,0F,00
411665,1,401,0,0,8,73,9E,00,00,46,00,00,00
411675,0,300,0,0,8,03,5A,64,5A,64,00,64,30
411675,0,301,0,0,3,E2,00,00
411675,1,201,0,0,5,06,04,00,00,62
411685,1,400,0,0,8,01,00,0C,00,00,00,00,00
411685,1,203,0,0,8,00,00,00,00,00,00,00,00
411715,1,206,0,0,8,00,00,00,00,00,00,00,00
411725,0,300,0,0,8,03,5A,64,5A,64,00,64,21
411725,0,301,0,0,3,B3,01,00
411765,1,401,0,0,8,73,9E,00,00,46,00,00,00
411775,0,300,0,0,8,03,5A,64,5A,64,00,64,32
411775,0,301,0,0,3,6B,02,00
411775,1,201,0,0,5,06,04,00,00,62
411785,1,400,0,0,8,01,00,0C,00,00,00,00,00
411785,1,203,0,0,8,00,00,00,00,00,00,00,00
411815,1,206,0,0,8,00,00,00,00,00,00,00,00
411825,0,300,0,0,8,03,5A,64,5A,64,00,64,23
411825,0,301,0,0,3,96,03,00
411845,1,403,0,0,8,64,00,00,00,40,E3,09,00
411865,1,401,0,0,8,75,9E,00,00,46,00,00,00
411875,0,300,0,0,8,03,5A,64,5A,64,00,64,34
411875,0,301,0,0,3,03,04,00
411875,1,201,0,0,5,06,04,00,00,62
411885,1,400,0,0,8,01,00,0C,00,00,00,00,00
411885,1,203,0,0,8,00,00,00,00,00,00,00,00
411915,1,206,0,0,8,00,00,00,00,00,00,00,00
411925,0,300,0,0,8,03,5A,64,5A,64,00,64,25
411925,0,301,0,0,3,54,05,00
411965,1,401,0,0,8,75,9E,00,00,46,00,00,00
411975,0,300,0,0,8,03,5A,64,5A,64,00,64,36
411975,0,301,0,0,3,F5,06,00
411975,1,201,0,0,5,06,04,00,00,62
411985,1,400,0,0,8,01,00,0C,00,00,00,00,00
411985,1,203,0,0,8,00,00,00,00,00,00,00,00
412015,1,206,0,0,8,00,00,00,00,00,00,00,00
412025,0,300,0,0,8,03,5A,64,5A,64,00,64,27
412025,0,301,0,0,3,B8,07,00
412065,1,401,0,0,8,75,9E,00,00,46,00,00,00
412075,0,300,0,0,8,03,5A,64,5A,64,00,64,B8
412075,0,301,0,0,3,80,08,00
412075,1,201,0,0,5,06,04,00,00,62
412085,1,400,0,0,8,01,00,0C,00,00,00,00,00
412085,1,203,0,0,8,00,00,00,00,00,00,00,00
412115,1,206,0,0,8,00,00,00,00,00,00,00,00
412125,0,300,0,0,8,03,5A,64,5A,64,00,64,A9
412125,0,301,0,0,3,88,09,00
412165,1,401,0,0,8,77,9E,00,00,46,00,00,00
412175,0,300,0,0,8,03,5A,64,5A,64,00,64,BA
412175,0,301,0,0,3,C6,0A,00
412175,1,201,0,0,5,06,04,00,00,62
412185,1,400,0,0,8,01,00,0C,00,00,00,00,00
412185,1,203,0,0,8,00,00,00,00,00,00,00,00
412215,1,206,0,0,8,00,00,00,00,00,00,00,00
412225,0,300,0,0,8,03,5A,64,5A,64,00,64,AB
412225,0,301,0,0,3,43,0B,00
412265,1,401,0,0,8,77,9E,00,00,46,00,00,00
412275,0,300,0,0,8,03,5A,64,5A,64,00,64,BC
412275,0,301,0,0,3,B5,0C,00
412275,1,201,0,0,5,B6,03,00,00,62
412285,1,400,0,0,8,01,00,0C,00,00,00,00,00
412285,1,203,0,0,8,00,00,00,00,00,00,00,00
412315,1,206,0,0,8,00,00,00,00,00,00,00,00
412325,0,300,0,0,8,03,5A,64,5A,64,00,64,AD
412325,0,301,0,0,3,4E,0D,00
412345,1,402,0,0,8,57,00,00,00,0C,9A,08,00
412365,1,401,0,0,8,75,9E,00,00,46,00,00,00
412375,0,300,0,0,8,03,5A,64,5A,64,00,64,BE
412375,0,301,0,0,3,1D,0E,00
412375,1,201,0,0,5,B6,03,00,00,62
412385,1,400,0,0,8,01,00,0C,00,00,00,00,00
412385,1,203,0,0,8,00,00,00,00,00,00,00,00
412415,1,206,0,0,8,00,00,00,00,00,00,00,00
412425,0,300,0,0,8,03,5A,64,5A,64,00,64,AF
412425,0,301,0,0,3,E8,0F,00
412465,1,401,0,0,8,75,9E,00,00,46,00,00,00
412475,0,300,0,0,8,03,5A,64,5A,64,00,64,30
412475,0,301,0,0,3,E2,00,00
412475,1,201,0,0,5,B6,03,00,00,62
412485,1,400,0,0,8,01,00,0C,00,00,00,00,00
412485,1,203,0,0,8,00,00,00,00,00,00,00,00
412515,1,206,0,0,8,00,00,00,00,00,00,00,00
412525,0,300,0,0,8,03,5A,64,5A,64,00,64,21
412525,0,301,0,0,3,B3,01,00
412565,1,401,0,0,8,75,9E,00,00,46,00,00,00
412575,0,300,0,0,8,03,5A,64,5A,64,00,64,32
412575,0,301,0,0,3,6B,02,00
412575,1,201,0,0,5,B6,03,00,00,62
412585,1,400,0,0,8,01,00,0C,00,00,00,00,00
412595,1,203,0,0,8,00,00,00,00,00,00,00,00
412605,1,204,0,0,8,00,00,00,00,00,00,00,00
412615,1,206,0,0,8,00,00,00,00,00,00,00,00
412615,1,202,0,0,8,E2,13,00,00,00,7E,05,00
412625,0,300,0,0,8,03,5A,64,5A,64,00,64,23
412625,0,301,0,0,3,96,03,00
412665,1,401,0,0,8,79,9E,00,00,46,00,00,00
412675,0,300,0,0,8,03,5A,64,5A,64,00,64,34
412675,0,301,0,0,3,03,04,00
412675,1,201,0,0,5,B6,03,00,00,62
412685,1,400,0,0,8,01,00,0C,00,00,00,00,00
412695,1,203,0,0,8,00,00,00,00,00,00,00,00
412715,1,206,0,0,8,00,00,00,00,00,00,00,00
412725,0,300,0,0,8,03,5A,64,5A,64,00,64,25
412725,0,301,0,0,3,54,05,00
412775,1,401,0,0,8,79,9E,00,00,47,00,00,00
412775,0,300,0,0,8,03,5A,64,5A,64,00,64,36
412775,0,301,0,0,3,F5,06,00
412775,1,201,0,0,5,B6,03,00,00,62
412785,1,203,0,0,8,00,00,00,00,00,00,00,00
412795,1,400,0,0,8,01,00,0C,00,00,00,00,00
412815,1,206,0,0,8,00,00,00,00,00,00,00,00
412825,0,300,0,0,8,03,5A,64,5A,64,00,64,27
412825,0,301,0,0,3,B8,07,00
412855,1,403,0,0,8,64,00,00,00,40,E3,09,00
412875,1,401,0,0,8,77,9E,00,00,47,00,00,00
412875,0,300,0,0,8,03,5A,64,5A,64,00,64,B8
412875,0,301,0,0,3,80,08,00
412875,1,201,0,0,5,B6,03,00,00,62
412885,1,203,0,0,8,00,00,00,00,00,00,00,00
412895,1,400,0,0,8,01,00,0C,00,00,00,00,00
412915,1,206,0,0,8,00,00,00,00,00,00,00,00
412925,0,300,0,0,8,03,5A,64,5A,64,00,64,A9
412925,0,301,0,0,3,88,09,00
412975,1,401,0,0,8,77,9E,00,00,46,00,00,00
412975,0,300,0,0,8,03,5A,64,5A,64,00,64,BA
412975,0,301,0,0,3,C6,0A,00
412975,1,201,0,0,5,B6,03,00,00,62
412995,1,203,0,0,8,00,00,00,00,00,00,00,00
412995,1,400,0,0,8,01,00,0C,00,00,00,00,00
413015,1,206,0,0,8,00,00,00,00,00,00,00,00
413025,0,300,0,0,8,03,5A,64,5A,64,00,64,AB
413025,0,301,0,0,3,43,0B,00
413075,1,401,0,0,8,77,9E,00,00,46,00,00,00
413075,0,300,0,0,8,03,5A,64,5A,64,00,64,BC
413075,0,301,0,0,3,B5,0C,00
413075,1,201,0,0,5,B6,03,00,00,62
413095,1,203,0,0,8,00,00,00,00,00,00,00,00
413095,1,400,0,0,8,01,00,0C,00,00,00,00,00
413115,1,206,0,0,8,00,00,00,00,00,00,00,00
413125,0,300,0,0,8,03,5A,64,5A,64,00,64,AD
413125,0,301,0,0,3,4E,0D,00
413175,1,401,0,0,8,79,9E,00,00,46,00,00,00
413175,0,300,0,0,8,03,5A,64,5A,64,00,64,BE
413175,0,301,0,0,3,1D,0E,00
413175,1,201,0,0,5,B6,03,00,00,62
413195,1,203,0,0,8,00,00,00,00,00,00,00,00
413195,1,400,0,0,8,01,00,0C,00,00,00,00,00
413215,1,206,0,0,8,00,00,00,00,00,00,00,00
413225,0,300,0,0,8,03,5A,64,5A,64,00,64,AF
413225,0,301,0,0,3,E8,0F,00
413275,1,401,0,0,8,79,9E,00,00,46,00,00,00
413275,0,300,0,0,8,03,5A,64,5A,64,00,64,30
413275,0,301,0,0,3,E2,00,00
413275,1,201,0,0,5,F8,02,00,00,62
413295,1,203,0,0,8,00,00,00,00,00,00,00,00
413295,1,400,0,0,8,01,00,0C,00,00,00,00,00
413315,1,206,0,0,8,00,00,00,00,00,00,00,00
413325,0,300,0,0,8,03,5A,64,5A,64,00,64,21
413325,0,301,0,0,3,B3,01,00
413355,1,402,0,0,8,57,00,00,00,0C,9A,08,00
413375,1,401,0,0,8,79,9E,00,00,46,00,00,00
413375,0,300,0,0,8,03,5A,64,5A,64,00,64,32
413375,0,301,0,0,3,6B,02,00
413375,1,201,0,0,5,E4,02,00,00,62
413395,1,203,0,0,8,00,00,00,00,00,00,00,00
413395,1,400,0,0,8,01,00,0C,00,00,00,00,00
413415,1,206,0,0,8,00,00,00,00,00,00,00,00
413425,0,300,0,0,8,03,5A,64,5A,64,00,64,23
413425,0,301,0,0,3,96,03,00
413475,1,401,0,0,8,79,9E,00,00,46,00,00,00
413475,0,300,0,0,8,03,5A,64,5A,64,00,64,34
413475,0,301,0,0,3,03,04,00
413475,1,201,0,0,5,E4,02,00,00,62
413495,1,203,0,0,8,00,00,00,00,00,00,00,00
413495,1,400,0,0,8,01,00,0C,00,00,00,00,00
413515,1,206,0,0,8,00,00,00,00,00,00,00,00
413525,0,300,0,0,8,03,5A,64,5A,64,00,64,25
413525,0,301,0,0,3,54,05,00
413575,1,401,0,0,8,79,9E,00,00,46,00,00,00
413575,0,300,0,0,8,03,5A,64,5A,64,00,64,36
413575,0,301,0,0,3,F5,06,00
413575,1,201,0,0,5,E4,02,00,00,62
413595,1,203,0,0,8,00,00,00,00,00,00,00,00
413595,1,400,0,0,8,01,00,0C,00,00,00,00,00
413605,1,204,0,0,8,00,00,00,00,00,00,00,00
413615,1,206,0,0,8,00,00,00,00,00,00,00,00
413615,1,202,0,0,8,E2,14,00,00,02,7E,05,00
413625,0,300,0,0,8,03,5A,64,5A,64,00,64,27
413625,1,666,0,0,8,52,08,05,00,52,95,36,02
413625,0,301,0,0,3,B8,07,00
