93565,0,300,0,0,8,03,5A,64,5A,64,00,64,BE
93565,0,301,0,0,3,1D,0E,00
93575,1,665,0,0,8,00,00,00,53,4C,18,53,00
93585,1,200,0,0,8,58,00,C8,AA,08,00,01,00
93615,1,201,0,0,5,00,00,00,00,62
93615,0,300,0,0,8,03,5A,64,5A,64,00,64,AF
93615,1,402,0,0,8,58,00,00,00,C8,AA,08,00
93615,0,301,0,0,3,E8,0F,00
93625,1,203,0,0,8,00,00,00,00,00,00,00,00
93635,1,401,0,0,8,35,9F,00,00,46,00,00,00
93655,1,206,0,0,8,00,00,00,00,00,00,00,00
93655,1,400,0,0,8,01,00,0C,00,00,00,00,00
93665,0,300,0,0,8,03,5A,64,5A,64,00,64,30
93665,0,301,0,0,3,E2,00,00
93715,1,201,0,0,5,00,00,00,00,62
93715,0,300,0,0,8,03,5A,64,5A,64,00,64,21
93715,0,301,0,0,3,B3,01,00
93725,1,203,0,0,8,00,00,00,00,00,00,00,00
93735,1,401,0,0,8,35,9F,00,00,46,00,00,00
93755,1,206,0,0,8,00,00,00,00,00,00,00,00
93755,1,400,0,0,8,01,00,0C,00,00,00,00,00
93765,0,300,0,0,8,03,5A,64,5A,64,00,64,32
93765,0,301,0,0,3,6B,02,00
93815,1,201,0,0,5,00,00,00,00,62
93815,0,300,0,0,8,03,5A,64,5A,64,00,64,23
93815,0,301,0,0,3,96,03,00
93825,1,203,0,0,8,00,00,00,00,00,00,00,00
93835,1,401,0,0,8,35,9F,00,00,46,00,00,00
93855,1,206,0,0,8,00,00,00,00,00,00,00,00
93855,1,400,0,0,8,01,00,0C,00,00,00,00,00
93865,0,300,0,0,8,03,5A,64,5A,64,00,64,34
93865,0,301,0,0,3,03,04,00
93915,1,201,0,0,5,00,00,00,00,62
93915,0,300,0,0,8,03,5A,64,5A,64,00,64,25
93915,0,301,0,0,3,54,05,00
93925,1,203,0,0,8,00,00,00,00,00,00,00,00
93935,1,401,0,0,8,33,9F,00,00,46,00,00,00
93955,1,206,0,0,8,00,00,00,00,00,00,00,00
93955,1,400,0,0,8,01,00,0C,00,00,00,00,00
93965,0,300,0,0,8,03,5A,64,5A,64,00,64,36
93965,0,301,0,0,3,F5,06,00
94015,1,201,0,0,5,00,00,00,00,62
94015,0,300,0,0,8,03,5A,64,5A,64,00,64,27
94015,0,301,0,0,3,B8,07,00
94025,1,203,0,0,8,00,00,00,00,00,00,00,00
94035,1,401,0,0,8,33,9F,00,00,46,00,00,00
94055,1,206,0,0,8,00,00,00,00,00,00,00,00
94055,1,400,0,0,8,01,00,0C,00,00,00,00,00
94065,0,300,0,0,8,03,5A,64,5A,64,00,64,B8
94065,0,301,0,0,3,80,08,00
94115,1,201,0,0,5,00,00,00,00,62
94115,0,300,0,0,8,03,5A,64,5A,64,00,64,A9
94115,0,301,0,0,3,88,09,00
94115,1,403,0,0,8,64,00,00,00,40,E3,09,00
94125,1,203,0,0,8,00,00,00,00,00,00,00,00
94135,1,401,0,0,8,35,9F,00,00,46,00,00,00
94155,1,206,0,0,8,00,00,00,00,00,00,00,00
94155,1,400,0,0,8,01,00,0C,00,00,00,00,00
94165,0,300,0,0,8,03,5A,64,5A,64,00,64,BA
94165,0,301,0,0,3,C6,0A,00
94215,1,201,0,0,5,00,00,00,00,62
94215,0,300,0,0,8,03,5A,64,5A,64,00,64,AB
94215,0,301,0,0,3,43,0B,00
94225,1,203,0,0,8,00,00,00,00,00,00,00,00
94235,1,401,0,0,8,35,9F,00,00,46,00,00,00
94255,1,206,0,0,8,00,00,00,00,00,00,00,00
94255,1,400,0,0,8,01,00,0C,00,00,00,00,00
94265,0,300,0,0,8,03,5A,64,5A,64,00,64,BC
94265,0,301,0,0,3,B5,0C,00
94315,1,201,0,0,5,00,00,00,00,62
94315,0,300,0,0,8,03,5A,64,5A,64,00,64,AD
94315,0,301,0,0,3,4E,0D,00
94325,1,203,0,0,8,00,00,00,00,00,00,00,00
94335,1,401,0,0,8,35,9F,00,00,46,00,00,00
94355,1,206,0,0,8,00,00,00,00,00,00,00,00
94355,1,400,0,0,8,01,00,0C,00,00,00,00,00
94365,0,300,0,0,8,03,5A,64,5A,64,00,64,BE
94365,0,301,0,0,3,1D,0E,00
94415,1,201,0,0,5,00,00,00,00,62
94415,0,300,0,0,8,03,5A,64,5A,64,00,64,AF
94415,0,301,0,0,3,E8,0F,00
94425,1,203,0,0,8,00,00,00,00,00,00,00,00
94435,1,401,0,0,8,37,9F,00,00,46,00,00,00
94455,1,206,0,0,8,00,00,00,00,00,00,00,00
94455,1,400,0,0,8,01,00,0C,00,00,00,00,00
94465,0,300,0,0,8,03,5A,64,5A,64,00,64,30
94465,0,301,0,0,3,E2,00,00
94515,1,201,0,0,5,00,00,00,00,62
94515,0,300,0,0,8,03,5A,64,5A,64,00,64,21
94515,0,301,0,0,3,B3,01,00
94525,1,203,0,0,8,00,00,00,00,00,00,00,00
94535,1,401,0,0,8,37,9F,00,00,46,00,00,00
94545,1,204,0,0,8,00,00,00,00,00,00,00,00
94555,1,206,0,0,8,00,00,00,00,00,00,00,00
94555,1,202,0,0,8,E2,10,00,00,0E,7C,05,00
94555,1,400,0,0,8,01,00,0C,00,00,00,00,00
94565,0,300,0,0,8,03,5A,64,5A,64,00,64,32
94565,0,301,0,0,3,6B,02,00
94615,1,201,0,0,5,00,00,00,00,62
94615,0,300,0,0,8,03,5A,64,5A,64,00,64,23
94615,0,301,0,0,3,96,03,00
94615,1,402,0,0,8,58,00,00,00,C8,AA,08,00
94625,1,203,0,0,8,00,00,00,00,00,00,00,00
94635,1,401,0,0,8,35,9F,00,00,46,00,00,00
94655,1,206,0,0,8,00,00,00,00,00,00,00,00
94655,1,400,0,0,8,01,00,0C,00,00,00,00,00
94665,0,300,0,0,8,03,5A,64,5A,64,00,64,34
94665,0,301,0,0,3,03,04,00
94715,1,201,0,0,5,00,00,00,00,62
94715,0,300,0,0,8,03,5A,64,5A,64,00,64,25
94715,0,301,0,0,3,54,05,00
94725,1,203,0,0,8,00,00,00,00,00,00,00,00
94745,1,401,0,0,8,35,9F,00,00,46,00,00,00
94755,1,206,0,0,8,00,00,00,00,00,00,00,00
94765,1,400,0,0,8,01,00,0C,00,00,00,00,00
94765,0,300,0,0,8,03,5A,64,5A,64,00,64,36
94765,0,301,0,0,3,F5,06,00
94815,1,201,0,0,5,00,00,00,00,62
94815,0,300,0,0,8,03,5A,64,5A,64,00,64,27
94815,0,301,0,0,3,B8,07,00
94825,1,203,0,0,8,00,00,00,00,00,00,00,00
94845,1,401,0,0,8,35,9F,00,00,46,00,00,00
94855,1,206,0,0,8,00,00,00,00,00,00,00,00
94865,1,400,0,0,8,01,00,0C,00,00,00,00,00
94865,0,300,0,0,8,03,5A,64,5A,64,00,64,B8
94865,0,301,0,0,3,80,08,00
94915,1,201,0,0,5,00,00,00,00,62
94915,0,300,0,0,8,03,5A,64,5A,64,00,64,A9
94915,0,301,0,0,3,88,09,00
94925,1,203,0,0,8,00,00,00,00,00,00,00,00
94945,1,401,0,0,8,35,9F,00,00,46,00,00,00
94955,1,206,0,0,8,00,00,00,00,00,00,00,00
94965,1,400,0,0,8,01,00,0C,00,00,00,00,00
94965,0,300,0,0,8,03,5A,64,5A,64,00,64,BA
94965,0,301,0,0,3,C6,0A,00
95015,1,201,0,0,5,00,00,00,00,62
95015,0,300,0,0,8,03,5A,64,5A,64,00,64,AB
95015,0,301,0,0,3,43,0B,00
95025,1,203,0,0,8,00,00,00,00,00,00,00,00
95045,1,401,0,0,8,35,9F,00,00,46,00,00,00
95055,1,206,0,0,8,00,00,00,00,00,00,00,00
95065,1,400,0,0,8,01,00,0C,00,00,00,00,00
95065,0,300,0,0,8,03,5A,64,5A,64,00,64,BC
95065,0,301,0,0,3,B5,0C,00
95115,1,201,0,0,5,00,00,00,00,62
95115,0,300,0,0,8,03,5A,64,5A,64,00,64,AD
95115,0,301,0,0,3,4E,0D,00
95125,1,403,0,0,8,64,00,00,00,40,E3,09,00
95125,1,203,0,0,8,00,00,00,00,00,00,00,00
95145,1,401,0,0,8,35,9F,00,00,46,00,00,00
95155,1,206,0,0,8,00,00,00,00,00,00,00,00
95165,1,400,0,0,8,01,00,0C,00,00,00,00,00
95165,0,300,0,0,8,03,5A,64,5A,64,00,64,BE
95165,0,301,0,0,3,1D,0E,00
95215,1,201,0,0,5,00,00,00,00,62
95215,0,300,0,0,8,03,5A,64,5A,64,00,64,AF
95215,0,301,0,0,3,E8,0F,00
95225,1,203,0,0,8,00,00,00,00,00,00,00,00
95245,1,401,0,0,8,35,9F,00,00,46,00,00,00
95255,1,206,0,0,8,00,00,00,00,00,00,00,00
95265,1,400,0,0,8,01,00,0C,00,00,00,00,00
95265,0,300,0,0,8,03,5A,64,5A,64,00,64,30
95265,0,301,0,0,3,E2,00,00
95315,1,201,0,0,5,00,00,00,00,62
95315,0,300,0,0,8,03,5A,64,5A,64,00,64,21
95315,0,301,0,0,3,B3,01,00
95325,1,203,0,0,8,00,00,00,00,00,00,00,00
95345,1,401,0,0,8,35,9F,00,00,46,00,00,00
95355,1,206,0,0,8,00,00,00,00,00,00,00,00
95365,1,400,0,0,8,01,00,0C,00,00,00,00,00
95365,0,300,0,0,8,03,5A,64,5A,64,00,64,32
95365,0,301,0,0,3,6B,02,00
95415,1,201,0,0,5,00,00,00,00,62
95415,0,300,0,0,8,03,5A,64,5A,64,00,64,23
95415,0,301,0,0,3,96,03,00
95425,1,203,0,0,8,00,00,00,00,00,00,00,00
95445,1,401,0,0,8,35,9F,00,00,46,00,00,00
95455,1,206,0,0,8,00,00,00,00,00,00,00,00
95465,1,400,0,0,8,01,00,0C,00,00,00,00,00
95465,0,300,0,0,8,03,5A,64,5A,64,00,64,34
95465,0,301,0,0,3,03,04,00
95515,1,201,0,0,5,00,00,00,00,62
95515,0,300,0,0,8,03,5A,64,5A,64,00,64,25
95515,0,301,0,0,3,54,05,00
95525,1,203,0,0,8,00,00,00,00,00,00,00,00
95545,1,204,0,0,8,00,00,00,00,00,00,00,00
95545,1,401,0,0,8,35,9F,00,00,46,00,00,00
95555,1,206,0,0,8,00,00,00,00,00,00,00,00
95555,1,202,0,0,8,E2,11,00,00,0E,7C,05,00
95565,1,400,0,0,8,01,00,0C,00,00,00,00,00
95565,0,300,0,0,8,03,5A,64,5A,64,00,64,36
95565,0,301,0,0,3,F5,06,00
95615,1,201,0,0,5,00,00,00,00,62
95615,0,300,0,0,8,03,5A,64,5A,64,00,64,27
95615,0,301,0,0,3,B8,07,00
95625,1,402,0,0,8,58,00,00,00,C8,AA,08,00
95625,1,203,0,0,8,00,00,00,00,00,00,00,00
95645,1,401,0,0,8,37,9F,00,00,46,00,00,00
95655,1,206,0,0,8,00,00,00,00,00,00,00,00
95665,1,400,0,0,8,01,00,0C,00,00,00,00,00
95665,0,300,0,0,8,03,5A,64,5A,64,00,64,B8
95665,0,301,0,0,3,80,08,00
95715,1,201,0,0,5,00,00,00,00,62
95715,0,300,0,0,8,03,5A,64,5A,64,00,64,A9
95715,0,301,0,0,3,88,09,00
95725,1,203,0,0,8,00,00,00,00,00,00,00,00
95745,1,401,0,0,8,37,9F,00,00,46,00,00,00
95755,1,206,0,0,8,00,00,00,00,00,00,00,00
95765,1,400,0,0,8,01,00,0C,00,00,00,00,00
95765,0,300,0,0,8,03,5A,64,5A,64,00,64,BA
95765,0,301,0,0,3,C6,0A,00
95815,1,201,0,0,5,00,00,00,00,62
95815,0,300,0,0,8,03,5A,64,5A,64,00,64,AB
95815,0,301,0,0,3,43,0B,00
95825,1,203,0,0,8,00,00,00,00,00,00,00,00
95845,1,401,0,0,8,37,9F,00,00,46,00,00,00
95855,1,206,0,0,8,00,00,00,00,00,00,00,00
95865,1,400,0,0,8,01,00,0C,00,00,00,00,00
95865,0,300,0,0,8,03,5A,64,5A,64,00,64,BC
95865,0,301,0,0,3,B5,0C,00
95915,1,201,0,0,5,00,00,00,00,62
95915,0,300,0,0,8,03,5A,64,5A,64,00,64,AD
95915,0,301,0,0,3,4E,0D,00
95925,1,203,0,0,8,00,00,00,00,00,00,00,00
95945,1,401,0,0,8,35,9F,00,00,46,00,00,00
95955,1,206,0,0,8,00,00,00,00,00,00,00,00
95965,1,400,0,0,8,01,00,0C,00,00,00,00,00
95965,0,300,0,0,8,03,5A,64,5A,64,00,64,BE
95965,0,301,0,0,3,1D,0E,00
96015,1,201,0,0,5,00,00,00,00,62
96015,0,300,0,0,8,03,5A,64,5A,64,00,64,AF
96015,0,301,0,0,3,E8,0F,00
96025,1,203,0,0,8,00,00,00,00,00,00,00,00
96045,1,401,0,0,8,35,9F,00,00,46,00,00,00
96055,1,206,0,0,8,00,00,00,00,00,00,00,00
96065,1,400,0,0,8,01,00,0C,00,00,00,00,00
96065,0,300,0,0,8,03,5A,64,5A,64,00,64,30
96065,0,301,0,0,3,E2,00,00
96115,1,201,0,0,5,00,00,00,00,62
96115,0,300,0,0,8,03,5A,64,5A,64,00,64,21
96115,0,301,0,0,3,B3,01,00
96125,1,403,0,0,8,64,00,00,00,40,E3,09,00
96125,1,203,0,0,8,00,00,00,00,00,00,00,00
96145,1,401,0,0,8,37,9F,00,00,45,00,00,00
96155,1,206,0,0,8,00,00,00,00,00,00,00,00
96165,1,400,0,0,8,01,00,0C,00,00,00,00,00
96165,0,300,0,0,8,03,5A,64,5A,64,00,64,32
96165,0,301,0,0,3,6B,02,00
96215,1,201,0,0,5,00,00,00,00,62
96215,0,300,0,0,8,03,5A,64,5A,64,00,64,23
96215,0,301,0,0,3,96,03,00
96225,1,203,0,0,8,00,00,00,00,00,00,00,00
96245,1,401,0,0,8,37,9F,00,00,45,00,00,00
96255,1,206,0,0,8,00,00,00,00,00,00,00,00
96265,1,400,0,0,8,01,00,0C,00,00,00,00,00
96265,0,300,0,0,8,03,5A,64,5A,64,00,64,34
96265,0,301,0,0,3,03,04,00
96315,1,201,0,0,5,00,00,00,00,62
96315,0,300,0,0,8,03,5A,64,5A,64,00,64,25
96315,0,301,0,0,3,54,05,00
96325,1,203,0,0,8,00,00,00,00,00,00,00,00
96345,1,401,0,0,8,37,9F,00,00,46,00,00,00
96355,1,206,0,0,8,00,00,00,00,00,00,00,00
96365,1,400,0,0,8,01,00,0C,00,00,00,00,00
96365,0,300,0,0,8,03,5A,64,5A,64,00,64,36
96365,0,301,0,0,3,F5,06,00
96415,1,201,0,0,5,00,00,00,00,62
96415,0,300,0,0,8,03,5A,64,5A,64,00,64,27
96415,0,301,0,0,3,B8,07,00
96425,1,203,0,0,8,00,00,00,00,00,00,00,00
96445,1,401,0,0,8,35,9F,00,00,46,00,00,00
96455,1,206,0,0,8,00,00,00,00,00,00,00,00
96465,1,400,0,0,8,01,00,0C,00,00,00,00,00
96465,0,300,0,0,8,03,5A,64,5A,64,00,64,B8
96465,0,301,0,0,3,80,08,00
96515,1,201,0,0,5,00,00,00,00,62
96515,0,300,0,0,8,03,5A,64,5A,64,00,64,A9
96515,0,301,0,0,3,88,09,00
96525,1,203,0,0,8,00,00,00,00,00,00,00,00
96545,1,204,0,0,8,00,00,00,00,00,00,00,00
96545,1,401,0,0,8,35,9F,00,00,46,00,00,00
96555,1,206,0,0,8,00,00,00,00,00,00,00,00
96555,1,202,0,0,8,E2,11,00,00,0E,7C,05,00
96565,1,400,0,0,8,01,00,0C,00,00,00,00,00
96565,1,666,0,0,8,52,08,05,00,52,95,36,02
96565,0,300,0,0,8,03,5A,64,5A,64,00,64,BA
96565,0,301,0,0,3,C6,0A,00
96575,1,665,0,0,8,00,00,00,53,4C,18,53,00
96585,1,200,0,0,8,58,00,C8,AA,08,00,02,00
96615,1,201,0,0,5,00,00,00,00,62
96615,0,300,0,0,8,03,5A,64,5A,64,00,64,AB
96615,0,301,0,0,3,43,0B,00
96625,1,402,0,0,8,58,00,00,00,C8,AA,08,00
96625,1,203,0,0,8,00,00,00,00,00,00,00,00
96645,1,401,0,0,8,35,9F,00,00,46,00,00,00
96655,1,206,0,0,8,00,00,00,00,00,00,00,00
96665,1,400,0,0,8,01,00,0C,00,00,00,00,00
96665,0,300,0,0,8,03,5A,64,5A,64,00,64,BC
96665,0,301,0,0,3,B5,0C,00
96715,1,201,0,0,5,00,00,00,00,62
96715,0,300,0,0,8,03,5A,64,5A,64,00,64,AD
96715,0,301,0,0,3,4E,0D,00
96725,1,203,0,0,8,00,00,00,00,00,00,00,00
96745,1,401,0,0,8,35,9F,00,00,46,00,00,00
96755,1,206,0,0,8,00,00,00,00,00,00,00,00
96765,1,400,0,0,8,01,00,0C,00,00,00,00,00
96765,0,300,0,0,8,03,5A,64,5A,64,00,64,BE
96765,0,301,0,0,3,1D,0E,00
96815,1,201,0,0,5,00,00,00,00,62
96815,0,300,0,0,8,03,5A,64,5A,64,00,64,AF
96815,0,301,0,0,3,E8,0F,00
96825,1,203,0,0,8,00,00,00,00,00,00,00,00
96845,1,401,0,0,8,35,9F,00,00,46,00,00,00
96855,1,206,0,0,8,00,00,00,00,00,00,00,00
96865,1,400,0,0,8,01,00,0C,00,00,00,00,00
96865,0,300,0,0,8,03,5A,64,5A,64,00,64,30
96865,0,301,0,0,3,E2,00,00
96915,1,201,0,0,5,00,00,00,00,62
96915,0,300,0,0,8,03,5A,64,5A,64,00,64,21
96915,0,301,0,0,3,B3,01,00
96925,1,203,0,0,8,00,00,00,00,00,00,00,00
96945,1,401,0,0,8,35,9F,00,00,46,00,00,00
96955,1,206,0,0,8,00,00,00,00,00,00,00,00
96965,1,400,0,0,8,01,00,0C,00,00,00,00,00
96965,0,300,0,0,8,03,5A,64,5A,64,00,64,32
96965,0,301,0,0,3,6B,02,00
97015,1,201,0,0,5,00,00,00,00,62
97015,0,300,0,0,8,03,5A,64,5A,64,00,64,23
97015,0,301,0,0,3,96,03,00
97025,1,203,0,0,8,00,00,00,00,00,00,00,00
97045,1,401,0,0,8,35,9F,00,00,46,00,00,00
97055,1,206,0,0,8,00,00,00,00,00,00,00,00
97065,1,400,0,0,8,01,00,0C,00,00,00,00,00
97065,0,300,0,0,8,03,5A,64,5A,64,00,64,34
97065,0,301,0,0,3,03,04,00
97115,1,201,0,0,5,00,00,00,00,62
97115,0,300,0,0,8,03,5A,64,5A,64,00,64,25
97115,0,301,0,0,3,54,05,00
97125,1,403,0,0,8,64,00,00,00,40,E3,09,00
97125,1,203,0,0,8,00,00,00,00,00,00,00,00
97145,1,401,0,0,8,35,9F,00,00,46,00,00,00
97155,1,206,0,0,8,00,00,00,00,00,00,00,00
97165,1,400,0,0,8,01,00,0C,00,00,00,00,00
97165,0,300,0,0,8,03,5A,64,5A,64,00,64,36
97165,0,301,0,0,3,F5,06,00
97215,1,201,0,0,5,00,00,00,00,62
97215,0,300,0,0,8,03,5A,64,5A,64,00,64,27
97215,0,301,0,0,3,B8,07,00
97225,1,203,0,0,8,00,00,00,00,00,00,00,00
97245,1,401,0,0,8,35,9F,00,00,46,00,00,00
97255,1,206,0,0,8,00,00,00,00,00,00,00,00
97265,1,400,0,0,8,01,00,0C,00,00,00,00,00
97265,0,300,0,0,8,03,5A,64,5A,64,00,64,B8
97265,0,301,0,0,3,80,08,00
97315,1,201,0,0,5,00,00,00,00,62
97315,0,300,0,0,8,03,5A,64,5A,64,00,64,A9
97315,0,301,0,0,3,88,09,00
97325,1,203,0,0,8,00,00,00,00,00,00,00,00
97345,1,401,0,0,8,35,9F,00,00,46,00,00,00
97355,1,206,0,0,8,00,00,00,00,00,00,00,00
97365,1,400,0,0,8,01,00,0C,00,00,00,00,00
97365,0,300,0,0,8,03,5A,64,5A,64,00,64,BA
97365,0,301,0,0,3,C6,0A,00
97415,1,201,0,0,5,00,00,00,00,62
97415,0,300,0,0,8,03,5A,64,5A,64,00,64,AB
97415,0,301,0,0,3,43,0B,00
97425,1,203,0,0,8,00,00,00,00,00,00,00,00
97445,1,401,0,0,8,35,9F,00,00,46,00,00,00
97455,1,206,0,0,8,00,00,00,00,00,00,00,00
97465,1,400,0,0,8,01,00,0C,00,00,00,00,00
97465,0,300,0,0,8,03,5A,64,5A,64,00,64,BC
97465,0,301,0,0,3,B5,0C,00
97515,1,201,0,0,5,00,00,00,00,62
97515,0,300,0,0,8,03,5A,64,5A,64,00,64,AD
97515,0,301,0,0,3,4E,0D,00
97525,1,203,0,0,8,00,00,00,00,00,00,00,00
97545,1,204,0,0,8,00,00,00,00,00,00,00,00
97545,1,401,0,0,8,35,9F,00,00,46,00,00,00
97555,1,206,0,0,8,00,00,00,00,00,00,00,00
97555,1,202,0,0,8,E2,11,00,00,0E,7C,05,00
97565,1,400,0,0,8,01,00,0C,00,00,00,00,00
97565,0,300,0,0,8,03,5A,64,5A,64,00,64,BE
97565,0,301,0,0,3,1D,0E,00
97615,1,201,0,0,5,00,00,00,00,62
97615,0,300,0,0,8,03,5A,64,5A,64,00,64,AF
97615,0,301,0,0,3,E8,0F,00
97625,1,402,0,0,8,58,00,00,00,C8,AA,08,00
97625,1,203,0,0,8,00,00,00,00,00,00,00,00
97645,1,401,0,0,8,35,9F,00,00,45,00,00,00
97655,1,206,0,0,8,00,00,00,00,00,00,00,00
97665,1,400,0,0,8,01,00,0C,00,00,00,00,00
97665,0,300,0,0,8,03,5A,64,5A,64,00,64,30
97665,0,301,0,0,3,E2,00,00
97715,1,201,0,0,5,00,00,00,00,62
97715,0,300,0,0,8,03,5A,64,5A,64,00,64,21
97715,0,301,0,0,3,B3,01,00
97725,1,203,0,0,8,00,00,00,00,00,00,00,00
97745,1,401,0,0,8,35,9F,00,00,45,00,00,00
97755,1,206,0,0,8,00,00,00,00,00,00,00,00
97765,1,400,0,0,8,01,00,0C,00,00,00,00,00
97765,0,300,0,0,8,03,5A,64,5A,64,00,64,32
97765,0,301,0,0,3,6B,02,00
97815,1,201,0,0,5,00,00,00,00,62
97815,0,300,0,0,8,03,5A,64,5A,64,00,64,23
97815,0,301,0,0,3,96,03,00
97825,1,203,0,0,8,00,00,00,00,00,00,00,00
97845,1,401,0,0,8,35,9F,00,00,46,00,00,00
97855,1,206,0,0,8,00,00,00,00,00,00,00,00
97865,1,400,0,0,8,01,00,0C,00,00,00,00,00
97865,0,300,0,0,8,03,5A,64,5A,64,00,64,34
97865,0,301,0,0,3,03,04,00
97915,1,201,0,0,5,00,00,00,00,62
97915,0,300,0,0,8,03,5A,64,5A,64,00,64,25
97915,0,301,0,0,3,54,05,00
97925,1,203,0,0,8,00,00,00,00,00,00,00,00
97945,1,401,0,0,8,37,9F,00,00,46,00,00,00
97955,1,206,0,0,8,00,00,00,00,00,00,00,00
97965,1,400,0,0,8,01,00,0C,00,00,00,00,00
97965,0,300,0,0,8,03,5A,64,5A,64,00,64,36
97965,0,301,0,0,3,F5,06,00
98015,1,201,0,0,5,00,00,00,00,62
98015,0,300,0,0,8,03,5A,64,5A,64,00,64,27
98015,0,301,0,0,3,B8,07,00
98025,1,203,0,0,8,00,00,00,00,00,00,00,00
98045,1,401,0,0,8,37,9F,00,00,46,00,00,00
98055,1,206,0,0,8,00,00,00,00,00,00,00,00
98065,1,400,0,0,8,01,00,0C,00,00,00,00,00
98065,0,300,0,0,8,03,5A,64,5A,64,00,64,B8
98065,0,301,0,0,3,80,08,00
98115,1,201,0,0,5,00,00,00,00,62
98115,0,300,0,0,8,03,5A,64,5A,64,00,64,A9
98115,0,301,0,0,3,88,09,00
98125,1,403,0,0,8,64,00,00,00,40,E3,09,00
98125,1,203,0,0,8,00,00,00,00,00,00,00,00
98145,1,401,0,0,8,35,9F,00,00,45,00,00,00
98155,1,206,0,0,8,00,00,00,00,00,00,00,00
98165,1,400,0,0,8,01,00,0C,00,00,00,00,00
98165,0,300,0,0,8,03,5A,64,5A,64,00,64,BA
98165,0,301,0,0,3,C6,0A,00
98215,1,201,0,0,5,00,00,00,00,62
98215,0,300,0,0,8,03,5A,64,5A,64,00,64,AB
98215,0,301,0,0,3,43,0B,00
98225,1,203,0,0,8,00,00,00,00,00,00,00,00
98245,1,401,0,0,8,35,9F,00,00,45,00,00,00
98255,1,206,0,0,8,00,00,00,00,00,00,00,00
98265,0,300,0,0,8,03,5A,64,5A,64,00,64,BC
98265,1,400,0,0,8,01,00,0C,00,00,00,00,00
98265,0,301,0,0,3,B5,0C,00
98315,1,201,0,0,5,00,00,00,00,62
98315,0,300,0,0,8,03,5A,64,5A,64,00,64,AD
98315,0,301,0,0,3,4E,0D,00
98325,1,203,0,0,8,00,00,00,00,00,00,00,00
98345,1,401,0,0,8,35,9F,00,00,46,00,00,00
98355,1,206,0,0,8,00,00,00,00,00,00,00,00
98365,0,300,0,0,8,03,5A,64,5A,64,00,64,BE
98365,0,301,0,0,3,1D,0E,00
98365,1,400,0,0,8,01,00,0C,00,00,00,00,00
98415,1,201,0,0,5,00,00,00,00,62
98415,0,300,0,0,8,03,5A,64,5A,64,00,64,AF
98415,0,301,0,0,3,E8,0F,00
98425,1,203,0,0,8,00,00,00,00,00,00,00,00
98445,1,401,0,0,8,37,9F,00,00,46,00,00,00
98455,1,206,0,0,8,00,00,00,00,00,00,00,00
98465,0,300,0,0,8,03,5A,64,5A,64,00,64,30
98465,0,301,0,0,3,E2,00,00
98465,1,400,0,0,8,01,00,0C,00,00,00,00,00
98515,1,201,0,0,5,00,00,00,00,62
98515,0,300,0,0,8,03,5A,64,5A,64,00,64,21
98515,0,301,0,0,3,B3,01,00
98525,1,203,0,0,8,00,00,00,00,00,00,00,00
98545,1,204,0,0,8,00,00,00,00,00,00,00,00
98545,1,401,0,0,8,37,9F,00,00,46,00,00,00
98555,1,206,0,0,8,00,00,00,00,00,00,00,00
98555,1,202,0,0,8,E2,11,00,00,0E,7C,05,00
98565,0,300,0,0,8,03,5A,64,5A,64,00,64,32
98565,0,301,0,0,3,6B,02,00
98565,1,400,0,0,8,01,00,0C,00,00,00,00,00
98615,1,201,0,0,5,00,00,00,00,62
98615,0,300,0,0,8,03,5A,64,5A,64,00,64,23
98615,0,301,0,0,3,96,03,00
98625,1,402,0,0,8,58,00,00,00,C8,AA,08,00
98625,1,203,0,0,8,00,00,00,00,00,00,00,00
98645,1,401,0,0,8,35,9F,00,00,46,00,00,00
98655,1,206,0,0,8,00,00,00,00,00,00,00,00
98665,0,300,0,0,8,03,5A,64,5A,64,00,64,34
98665,0,301,0,0,3,03,04,00
98665,1,400,0,0,8,01,00,0C,00,00,00,00,00
98715,1,201,0,0,5,00,00,00,00,62
98715,0,300,0,0,8,03,5A,64,5A,64,00,64,25
98715,0,301,0,0,3,54,05,00
98725,1,203,0,0,8,00,00,00,00,00,00,00,00
98745,1,401,0,0,8,35,9F,00,00,46,00,00,00
98755,1,206,0,0,8,00,00,00,00,00,00,00,00
98765,0,300,0,0,8,03,5A,64,5A,64,00,64,36
98765,0,301,0,0,3,F5,06,00
98765,1,400,0,0,8,01,00,0C,00,00,00,00,00
98815,1,201,0,0,5,00,00,00,00,62
98815,0,300,0,0,8,03,5A,64,5A,64,00,64,27
98815,0,301,0,0,3,B8,07,00
98825,1,203,0,0,8,00,00,00,00,00,00,00,00
98845,1,401,0,0,8,35,9F,00,00,46,00,00,00
98855,1,206,0,0,8,00,00,00,00,00,00,00,00
98865,0,300,0,0,8,03,5A,64,5A,64,00,64,B8
98865,0,301,0,0,3,80,08,00
98865,1,400,0,0,8,01,00,0C,00,00,00,00,00
98915,1,201,0,0,5,00,00,00,00,62
98915,0,300,0,0,8,03,5A,64,5A,64,00,64,A9
98915,0,301,0,0,3,88,09,00
98925,1,203,0,0,8,00,00,00,00,00,00,00,00
98955,1,401,0,0,8,35,9F,00,00,46,00,00,00
98955,1,206,0,0,8,00,00,00,00,00,00,00,00
98965,0,300,0,0,8,03,5A,64,5A,64,00,64,BA
98965,0,301,0,0,3,C6,0A,00
98975,1,400,0,0,8,01,00,0C,00,00,00,00,00
99015,1,201,0,0,5,00,00,00,00,62
99015,0,300,0,0,8,03,5A,64,5A,64,00,64,AB
99015,0,301,0,0,3,43,0B,00
99015,0,404,0,0,2,4A,00
99025,1,405,0,0,8,4A,00,00,00,06,00,00,00
99025,1,203,0,0,8,00,00,00,00,00,00,00,00
99045,0,404,0,0,2,02,30
99045,1,405,0,0,7,02,30,00,00,00,00,00
99055,1,401,0,0,8,35,9F,00,00,46,00,00,00
99055,1,206,0,0,8,00,00,00,00,00,00,00,00
99065,0,300,0,0,8,03,5A,64,5A,64,00,64,BC
99065,0,301,0,0,3,B5,0C,00
99075,1,400,0,0,8,01,00,0C,00,00,00,00,00
99085,0,404,0,0,2,44,00
99085,1,405,0,0,6,44,00,00,00,50,46
99115,0,404,0,0,2,01,00
99115,1,405,0,0,8,01,00,00,00,00,04,06,04
99115,1,201,0,0,5,00,00,00,00,62
99115,0,300,0,0,8,03,5A,64,5A,64,00,64,AD
99115,0,301,0,0,3,4E,0D,00
99135,1,203,0,0,8,00,00,00,00,00,00,00,00
99135,1,403,0,0,8,64,00,00,00,40,E3,09,00
99145,0,404,0,0,2,A3,01
99145,1,405,0,0,5,A3,01,00,00,06
99155,1,401,0,0,8,35,9F,00,00,45,00,00,00
99155,1,206,0,0,8,00,00,00,00,00,00,00,00
99165,0,300,0,0,8,03,5A,64,5A,64,00,64,BE
99165,0,301,0,0,3,1D,0E,00
99175,1,400,0,0,8,01,00,0C,00,00,00,00,00
99175,0,404,0,0,2,20,00
99175,1,405,0,0,8,20,00,00,00,32,33,36,47
99205,0,404,0,0,2,21,00
99205,1,405,0,0,8,21,00,00,00,35,4C,41,31
99215,1,201,0,0,5,00,00,00,00,62
99215,0,300,0,0,8,03,5A,64,5A,64,00,64,AF
99215,0,301,0,0,3,E8,0F,00
99235,1,203,0,0,8,00,00,00,00,00,00,00,00
99245,0,404,0,0,2,22,00
99245,1,405,0,0,8,22,00,00,00,30,30,34,52
99255,1,401,0,0,8,35,9F,00,00,45,00,00,00
99255,1,206,0,0,8,00,00,00,00,00,00,00,00
99265,0,404,0,0,2,23,00
99265,0,300,0,0,8,03,5A,64,5A,64,00,64,30
99265,1,405,0,0,8,23,00,00,00,4D,30,30,30
99265,0,301,0,0,3,E2,00,00
99275,1,400,0,0,8,01,00,0C,00,00,00,00,00
99295,0,404,0,0,2,24,00
99295,1,405,0,0,8,24,00,00,00,30,30,30,30
99315,1,201,0,0,5,00,00,00,00,62
99315,0,300,0,0,8,03,5A,64,5A,64,00,64,21
99315,0,301,0,0,3,B3,01,00
99335,1,203,0,0,8,00,00,00,00,00,00,00,00
99335,0,404,0,0,2,25,00
99335,1,405,0,0,8,25,00,00,00,30,30,30,30
99355,1,401,0,0,8,35,9F,00,00,46,00,00,00
99355,1,206,0,0,8,00,00,00,00,00,00,00,00
99365,0,404,0,0,2,26,00
99365,1,405,0,0,8,26,00,00,00,30,30,30,30
99365,0,300,0,0,8,03,5A,64,5A,64,00,64,32
99365,0,301,0,0,3,6B,02,00
99375,1,400,0,0,8,01,00,0C,00,00,00,00,00
99395,0,404,0,0,2,27,00
99395,1,405,0,0,6,27,00,00,00,30,30
99415,1,201,0,0,5,00,00,00,00,62
99415,0,300,0,0,8,03,5A,64,5A,64,00,64,23
99415,0,301,0,0,3,96,03,00
99425,0,404,0,0,2,4C,00
99425,1,405,0,0,8,4C,00,00,00,01,24,00,00
99435,1,203,0,0,8,00,00,00,00,00,00,00,00
99455,1,401,0,0,8,35,9F,00,00,46,00,00,00
99455,1,206,0,0,8,00,00,00,00,00,00,00,00
99455,0,404,0,0,2,46,00
99455,1,405,0,0,5,46,00,00,00,00
99465,0,300,0,0,8,03,5A,64,5A,64,00,64,34
99465,0,301,0,0,3,03,04,00
99475,1,400,0,0,8,01,00,0C,00,00,00,00,00
99485,0,404,0,0,2,4D,00
99485,1,405,0,0,8,4D,00,00,00,00,00,00,00
99515,0,404,0,0,2,50,00
99515,1,201,0,0,5,00,00,00,00,62
99515,0,300,0,0,8,03,5A,64,5A,64,00,64,25
99515,1,405,0,0,8,50,00,00,00,81,00,80,00
99515,0,301,0,0,3,54,05,00
99535,1,203,0,0,8,00,00,00,00,00,00,00,00
99545,1,204,0,0,8,00,00,00,00,00,00,00,00
99555,1,401,0,0,8,35,9F,00,00,46,00,00,00
99555,1,206,0,0,8,00,00,00,00,00,00,00,00
99555,0,404,0,0,2,02,00
99555,1,202,0,0,8,E2,10,00,00,0E,7C,05,00
99555,1,405,0,0,8,02,00,00,00,53,49,43,54
99565,1,666,0,0,8,52,08,05,00,52,95,36,02
99565,0,300,0,0,8,03,5A,64,5A,64,00,64,36
99565,0,301,0,0,3,F5,06,00
99575,1,400,0,0,8,01,00,0C,00,00,00,00,00
99575,1,665,0,0,8,00,00,00,53,4C,18,53,00
99585,0,404,0,0,2,0A,00
99585,1,405,0,0,8,0A,00,00,00,30,3A,00,00
99595,1,200,0,0,8,58,00,C8,AA,08,00,00,00
99615,0,404,0,0,2,04,00
99615,1,405,0,0,7,04,00,00,00,16,09,02
99615,1,201,0,0,5,00,00,00,00,62
99615,0,300,0,0,8,03,5A,64,5A,64,00,64,27
99615,0,301,0,0,3,B8,07,00
99635,1,203,0,0,8,00,00,00,00,00,00,00,00
99635,1,402,0,0,8,58,00,00,00,C8,AA,08,00
99645,0,404,0,0,2,B0,01
99645,1,405,0,0,6,B0,01,00,00,00,00
99655,1,401,0,0,8,35,9F,00,00,46,00,00,00
99655,1,206,0,0,8,00,00,00,00,00,00,00,00
99665,0,300,0,0,8,03,5A,64,5A,64,00,64,B8
99665,0,301,0,0,3,80,08,00
99675,1,400,0,0,8,01,00,0C,00,00,00,00,00
99675,0,404,0,0,2,B1,01
99675,1,405,0,0,6,B1,01,00,00,00,00
99715,1,201,0,0,5,00,00,00,00,62
99715,0,300,0,0,8,03,5A,64,5A,64,00,64,A9
99715,0,301,0,0,3,88,09,00
99735,1,203,0,0,8,00,00,00,00,00,00,00,00
99755,1,401,0,0,8,35,9F,00,00,46,00,00,00
99755,1,206,0,0,8,00,00,00,00,00,00,00,00
99765,0,300,0,0,8,03,5A,64,5A,64,00,64,BA
99765,0,301,0,0,3,C6,0A,00
99775,1,400,0,0,8,01,00,0C,00,00,00,00,00
99815,1,201,0,0,5,00,00,00,00,62
99815,0,300,0,0,8,03,5A,64,5A,64,00,64,AB
99815,0,301,0,0,3,43,0B,00
99835,1,203,0,0,8,00,00,00,00,00,00,00,00
99855,1,401,0,0,8,35,9F,00,00,46,00,00,00
99855,1,206,0,0,8,00,00,00,00,00,00,00,00
99865,0,300,0,0,8,03,5A,64,5A,64,00,64,BC
99865,0,301,0,0,3,B5,0C,00
99875,1,400,0,0,8,01,00,0C,00,00,00,00,00
99915,1,201,0,0,5,00,00,00,00,62
99915,0,300,0,0,8,03,5A,64,5A,64,00,64,AD
99915,0,301,0,0,3,4E,0D,00
99935,1,203,0,0,8,00,00,00,00,00,00,00,00
99955,1,401,0,0,8,35,9F,00,00,46,00,00,00
99955,1,206,0,0,8,00,00,00,00,00,00,00,00
99965,0,300,0,0,8,03,5A,64,5A,64,00,64,BE
99965,0,301,0,0,3,1D,0E,00
99975,1,400,0,0,8,01,00,0C,00,00,00,00,00
100015,1,201,0,0,5,00,00,00,00,62
100015,0,300,0,0,8,03,5A,64,5A,64,00,64,AF
100025,0,301,0,0,3,E8,0F,00
100035,1,203,0,0,8,00,00,00,00,00,00,00,00
100055,1,401,0,0,8,35,9F,00,00,46,00,00,00
100055,1,206,0,0,8,00,00,00,00,00,00,00,00
100065,0,300,0,0,8,03,5A,64,5A,64,00,64,30
100065,0,301,0,0,3,E2,00,00
100075,1,400,0,0,8,01,00,0C,00,00,00,00,00
100115,1,201,0,0,5,00,00,00,00,62
100115,0,300,0,0,8,03,5A,64,5A,64,00,64,21
100115,0,301,0,0,3,B3,01,00
100135,1,203,0,0,8,00,00,00,00,00,00,00,00
100135,1,403,0,0,8,64,00,00,00,40,E3,09,00
100155,1,401,0,0,8,35,9F,00,00,46,00,00,00
100155,1,206,0,0,8,00,00,00,00,00,00,00,00
100165,0,300,0,0,8,03,5A,64,5A,64,00,64,32
100165,0,301,0,0,3,6B,02,00
100175,1,400,0,0,8,01,00,0C,00,00,00,00,00
100215,1,201,0,0,5,00,00,00,00,62
100215,0,300,0,0,8,03,5A,64,5A,64,00,64,23
100215,0,301,0,0,3,96,03,00
100235,1,203,0,0,8,00,00,00,00,00,00,00,00
100255,1,401,0,0,8,35,9F,00,00,46,00,00,00
100255,1,206,0,0,8,00,00,00,00,00,00,00,00
100265,0,300,0,0,8,03,5A,64,5A,64,00,64,34
100265,0,301,0,0,3,03,04,00
100275,1,400,0,0,8,01,00,0C,00,00,00,00,00
100315,1,201,0,0,5,00,00,00,00,62
100315,0,300,0,0,8,03,5A,64,5A,64,00,64,25
100315,0,301,0,0,3,54,05,00
100335,1,203,0,0,8,00,00,00,00,00,00,00,00
100355,1,401,0,0,8,35,9F,00,00,45,00,00,00
100355,1,206,0,0,8,00,00,00,00,00,00,00,00
100365,0,300,0,0,8,03,5A,64,5A,64,00,64,36
100365,0,301,0,0,3,F5,06,00
100375,1,400,0,0,8,01,00,0C,00,00,00,00,00
100415,1,201,0,0,5,00,00,00,00,62
100415,0,300,0,0,8,03,5A,64,5A,64,00,64,27
100415,0,301,0,0,3,B8,07,00
100435,1,203,0,0,8,00,00,00,00,00,00,00,00
100455,1,401,0,0,8,35,9F,00,00,45,00,00,00
100455,1,206,0,0,8,00,00,00,00,00,00,00,00
100465,0,300,0,0,8,03,5A,64,5A,64,00,64,B8
100465,0,301,0,0,3,80,08,00
100475,1,400,0,0,8,01,00,0C,00,00,00,00,00
100515,1,201,0,0,5,00,00,00,00,62
100515,0,300,0,0,8,03,5A,64,5A,64,00,64,A9
100515,0,301,0,0,3,88,09,00
100535,1,203,0,0,8,00,00,00,00,00,00,00,00
100545,1,204,0,0,8,00,00,00,00,00,00,00,00
100555,1,401,0,0,8,35,9F,00,00,45,00,00,00
100555,1,206,0,0,8,00,00,00,00,00,00,00,00
100555,1,202,0,0,8,E2,11,00,00,0E,7C,05,00
100565,0,300,0,0,8,03,5A,64,5A,64,00,64,BA
100565,0,301,0,0,3,C6,0A,00
100575,1,400,0,0,8,01,00,0C,00,00,00,00,00
100615,0,300,0,0,8,03,5A,64,5A,64,00,64,AB
100615,1,201,0,0,5,00,00,00,00,62
100615,0,301,0,0,3,43,0B,00
100635,1,203,0,0,8,00,00,00,00,00,00,00,00
100635,1,402,0,0,8,58,00,00,00,C8,AA,08,00
100655,1,401,0,0,8,35,9F,00,00,46,00,00,00
100655,1,206,0,0,8,00,00,00,00,00,00,00,00
100665,0,300,0,0,8,03,5A,64,5A,64,00,64,BC
100665,0,301,0,0,3,B5,0C,00
100675,1,400,0,0,8,01,00,0C,00,00,00,00,00
100715,0,300,0,0,8,03,5A,64,5A,64,00,64,AD
100715,1,201,0,0,5,00,00,00,00,62
100715,0,301,0,0,3,4E,0D,00
100735,1,203,0,0,8,00,00,00,00,00,00,00,00
100755,1,401,0,0,8,35,9F,00,00,46,00,00,00
100755,1,206,0,0,8,00,00,00,00,00,00,00,00
100765,0,300,0,0,8,03,5A,64,5A,64,00,64,BE
100765,0,301,0,0,3,1D,0E,00
100775,1,400,0,0,8,01,00,0C,00,00,00,00,00
100815,0,300,0,0,8,03,5A,64,5A,64,00,64,AF
100815,1,201,0,0,5,00,00,00,00,62
100815,0,301,0,0,3,E8,0F,00
100835,1,203,0,0,8,00,00,00,00,00,00,00,00
100855,1,401,0,0,8,35,9F,00,00,45,00,00,00
100855,1,206,0,0,8,00,00,00,00,00,00,00,00
100865,0,300,0,0,8,03,5A,64,5A,64,00,64,30
100865,0,301,0,0,3,E2,00,00
100875,1,400,0,0,8,01,00,0C,00,00,00,00,00
100915,0,300,0,0,8,03,5A,64,5A,64,00,64,21
100915,1,201,0,0,5,00,00,00,00,62
100915,0,301,0,0,3,B3,01,00
100935,1,203,0,0,8,00,00,00,00,00,00,00,00
100955,1,206,0,0,8,00,00,00,00,00,00,00,00
100955,1,401,0,0,8,35,9F,00,00,45,00,00,00
100965,0,300,0,0,8,03,5A,64,5A,64,00,64,32
100965,0,301,0,0,3,6B,02,00
100975,1,400,0,0,8,01,00,0C,00,00,00,00,00
101015,1,201,0,0,5,00,00,00,00,62
101015,0,300,0,0,8,03,5A,64,5A,64,00,64,23
101015,0,301,0,0,3,96,03,00
101035,1,203,0,0,8,00,00,00,00,00,00,00,00
101055,1,206,0,0,8,00,00,00,00,00,00,00,00
101055,1,401,0,0,8,35,9F,00,00,45,00,00,00
101065,0,300,0,0,8,03,5A,64,5A,64,00,64,34
101065,0,301,0,0,3,03,04,00
101075,1,400,0,0,8,01,00,0C,00,00,00,00,00
101115,0,300,0,0,8,03,5A,64,5A,64,00,64,25
101115,1,201,0,0,5,00,00,00,00,62
101115,0,301,0,0,3,54,05,00
101135,1,203,0,0,8,00,00,00,00,00,00,00,00
101135,1,403,0,0,8,64,00,00,00,40,E3,09,00
101155,1,206,0,0,8,00,00,00,00,00,00,00,00
101155,1,401,0,0,8,37,9F,00,00,46,00,00,00
101165,0,300,0,0,8,03,5A,64,5A,64,00,64,36
101165,0,301,0,0,3,F5,06,00
101175,1,400,0,0,8,01,00,0C,00,00,00,00,00
101215,0,300,0,0,8,03,5A,64,5A,64,00,64,27
101215,1,201,0,0,5,00,00,00,00,62
101215,0,301,0,0,3,B8,07,00
101235,1,203,0,0,8,00,00,00,00,00,00,00,00
101255,1,206,0,0,8,00,00,00,00,00,00,00,00
101255,1,401,0,0,8,37,9F,00,00,46,00,00,00
101265,0,300,0,0,8,03,5A,64,5A,64,00,64,B8
101265,0,301,0,0,3,80,08,00
101275,1,400,0,0,8,01,00,0C,00,00,00,00,00
101315,0,300,0,0,8,03,5A,64,5A,64,00,64,A9
101315,1,201,0,0,5,00,00,00,00,62
101315,0,301,0,0,3,88,09,00
101335,1,203,0,0,8,00,00,00,00,00,00,00,00
101355,1,206,0,0,8,00,00,00,00,00,00,00,00
101355,1,401,0,0,8,37,9F,00,00,46,00,00,00
101365,0,300,0,0,8,03,5A,64,5A,64,00,64,BA
101365,0,301,0,0,3,C6,0A,00
101375,1,400,0,0,8,01,00,0C,00,00,00,00,00
101415,0,300,0,0,8,03,5A,64,5A,64,00,64,AB
101415,0,301,0,0,3,43,0B,00
101415,1,201,0,0,5,00,00,00,00,62
101435,1,203,0,0,8,00,00,00,00,00,00,00,00
101455,1,206,0,0,8,00,00,00,00,00,00,00,00
101455,1,401,0,0,8,35,9F,00,00,46,00,00,00
101465,0,300,0,0,8,03,5A,64,5A,64,00,64,BC
101465,0,301,0,0,3,B5,0C,00
101475,1,400,0,0,8,01,00,0C,00,00,00,00,00
101515,0,300,0,0,8,03,5A,64,5A,64,00,64,AD
101515,0,301,0,0,3,4E,0D,00
101515,1,201,0,0,5,00,00,00,00,62
101535,1,203,0,0,8,00,00,00,00,00,00,00,00
101545,1,204,0,0,8,00,00,00,00,00,00,00,00
101555,1,206,0,0,8,00,00,00,00,00,00,00,00
101555,1,202,0,0,8,E2,10,00,00,0E,7C,05,00
101555,1,401,0,0,8,35,9F,00,00,46,00,00,00
101565,0,300,0,0,8,03,5A,64,5A,64,00,64,BE
101565,0,301,0,0,3,1D,0E,00
101575,1,400,0,0,8,01,00,0C,00,00,00,00,00
101615,0,300,0,0,8,03,5A,64,5A,64,00,64,AF
101615,0,301,0,0,3,E8,0F,00
101615,1,201,0,0,5,00,00,00,00,62
101635,1,203,0,0,8,00,00,00,00,00,00,00,00
101635,1,402,0,0,8,58,00,00,00,C8,AA,08,00
101655,1,206,0,0,8,00,00,00,00,00,00,00,00
101655,1,401,0,0,8,37,9F,00,00,46,00,00,00
101665,0,300,0,0,8,03,5A,64,5A,64,00,64,30
101665,0,301,0,0,3,E2,00,00
101675,1,400,0,0,8,01,00,0C,00,00,00,00,00
101715,0,300,0,0,8,03,5A,64,5A,64,00,64,21
101715,0,301,0,0,3,B3,01,00
101715,1,201,0,0,5,00,00,00,00,62
101735,1,203,0,0,8,00,00,00,00,00,00,00,00
101755,1,206,0,0,8,00,00,00,00,00,00,00,00
101755,1,401,0,0,8,37,9F,00,00,46,00,00,00
101765,0,300,0,0,8,03,5A,64,5A,64,00,64,32
101765,0,301,0,0,3,6B,02,00
101775,1,400,0,0,8,01,00,0C,00,00,00,00,00
101815,0,300,0,0,8,03,5A,64,5A,64,00,64,23
101815,0,301,0,0,3,96,03,00
101815,1,201,0,0,5,00,00,00,00,62
101835,1,203,0,0,8,00,00,00,00,00,00,00,00
101855,1,206,0,0,8,00,00,00,00,00,00,00,00
101855,1,401,0,0,8,37,9F,00,00,46,00,00,00
101865,0,300,0,0,8,03,5A,64,5A,64,00,64,34
101865,0,301,0,0,3,03,04,00
101875,1,400,0,0,8,01,00,0C,00,00,00,00,00
101915,0,300,0,0,8,03,5A,64,5A,64,00,64,25
101915,0,301,0,0,3,54,05,00
101915,1,201,0,0,5,00,00,00,00,62
101935,1,203,0,0,8,00,00,00,00,00,00,00,00
101955,1,206,0,0,8,00,00,00,00,00,00,00,00
101955,1,401,0,0,8,35,9F,00,00,46,00,00,00
101965,0,300,0,0,8,03,5A,64,5A,64,00,64,36
101965,0,301,0,0,3,F5,06,00
101975,1,400,0,0,8,01,00,0C,00,00,00,00,00
102015,1,201,0,0,5,00,00,00,00,62
102015,0,300,0,0,8,03,5A,64,5A,64,00,64,27
102015,0,301,0,0,3,B8,07,00
102035,1,203,0,0,8,00,00,00,00,00,00,00,00
102055,1,206,0,0,8,00,00,00,00,00,00,00,00
102055,1,401,0,0,8,35,9F,00,00,46,00,00,00
102065,0,300,0,0,8,03,5A,64,5A,64,00,64,B8
102065,0,301,0,0,3,80,08,00
102075,1,400,0,0,8,01,00,0C,00,00,00,00,00
102115,0,300,0,0,8,03,5A,64,5A,64,00,64,A9
102115,0,301,0,0,3,88,09,00
102115,1,201,0,0,5,00,00,00,00,62
102135,1,203,0,0,8,00,00,00,00,00,00,00,00
102135,1,403,0,0,8,64,00,00,00,40,E3,09,00
102155,1,206,0,0,8,00,00,00,00,00,00,00,00
102155,1,401,0,0,8,37,9F,00,00,46,00,00,00
102165,0,300,0,0,8,03,5A,64,5A,64,00,64,BA
102165,0,301,0,0,3,C6,0A,00
102175,1,400,0,0,8,01,00,0C,00,00,00,00,00
102215,1,201,0,0,5,00,00,00,00,62
102215,0,300,0,0,8,03,5A,64,5A,64,00,64,AB
102225,0,301,0,0,3,43,0B,00
102235,1,203,0,0,8,00,00,00,00,00,00,00,00
102255,1,206,0,0,8,00,00,00,00,00,00,00,00
102255,1,401,0,0,8,37,9F,00,00,46,00,00,00
102265,0,300,0,0,8,03,5A,64,5A,64,00,64,BC
102265,0,301,0,0,3,B5,0C,00
102275,1,400,0,0,8,01,00,0C,00,00,00,00,00
102315,1,201,0,0,5,00,00,00,00,62
102315,0,300,0,0,8,03,5A,64,5A,64,00,64,AD
102325,0,301,0,0,3,4E,0D,00
102335,1,203,0,0,8,00,00,00,00,00,00,00,00
102355,1,206,0,0,8,00,00,00,00,00,00,00,00
102355,1,401,0,0,8,37,9F,00,00,46,00,00,00
102365,0,300,0,0,8,03,5A,64,5A,64,00,64,BE
102365,0,301,0,0,3,1D,0E,00
102375,1,400,0,0,8,01,00,0C,00,00,00,00,00
102415,1,201,0,0,5,00,00,00,00,62
102415,0,300,0,0,8,03,5A,64,5A,64,00,64,AF
102425,0,301,0,0,3,E8,0F,00
102435,1,203,0,0,8,00,00,00,00,00,00,00,00
102455,1,206,0,0,8,00,00,00,00,00,00,00,00
102455,1,401,0,0,8,35,9F,00,00,46,00,00,00
102465,0,300,0,0,8,03,5A,64,5A,64,00,64,30
102465,0,301,0,0,3,E2,00,00
102475,1,400,0,0,8,01,00,0C,00,00,00,00,00
102515,1,201,0,0,5,00,00,00,00,62
102515,0,300,0,0,8,03,5A,64,5A,64,00,64,21
102525,0,301,0,0,3,B3,01,00
102535,1,203,0,0,8,00,00,00,00,00,00,00,00
102545,1,204,0,0,8,00,00,00,00,00,00,00,00
102555,1,206,0,0,8,00,00,00,00,00,00,00,00
102555,1,202,0,0,8,E2,11,00,00,0E,7C,05,00
102555,1,401,0,0,8,35,9F,00,00,46,00,00,00
102565,1,666,0,0,8,52,08,05,00,52,95,36,02
102565,0,300,0,0,8,03,5A,64,5A,64,00,64,32
102565,0,301,0,0,3,6B,02,00
102575,1,400,0,0,8,01,00,0C,00,00,00,00,00
102575,1,665,0,0,8,00,00,00,53,4C,18,53,00
102595,1,200,0,0,8,58,00,C8,AA,08,00,01,00
102615,1,201,0,0,5,00,00,00,00,62
102615,0,300,0,0,8,03,5A,64,5A,64,00,64,23
102625,0,301,0,0,3,96,03,00
102635,1,203,0,0,8,00,00,00,00,00,00,00,00
102635,1,402,0,0,8,58,00,00,00,C8,AA,08,00
102655,1,206,0,0,8,00,00,00,00,00,00,00,00
102655,1,401,0,0,8,35,9F,00,00,46,00,00,00
102665,0,300,0,0,8,03,5A,64,5A,64,00,64,34
102665,0,301,0,0,3,03,04,00
102675,1,400,0,0,8,01,00,0C,00,00,00,00,00
102715,1,201,0,0,5,00,00,00,00,62
102715,0,300,0,0,8,03,5A,64,5A,64,00,64,25
102725,0,301,0,0,3,54,05,00
102735,1,203,0,0,8,00,00,00,00,00,00,00,00
102755,1,206,0,0,8,00,00,00,00,00,00,00,00
102755,1,401,0,0,8,35,9F,00,00,46,00,00,00
102765,0,300,0,0,8,03,5A,64,5A,64,00,64,36
102765,0,301,0,0,3,F5,06,00
102775,1,400,0,0,8,01,00,0C,00,00,00,00,00
102815,1,201,0,0,5,00,00,00,00,62
102815,0,300,0,0,8,03,5A,64,5A,64,00,64,27
102825,0,301,0,0,3,B8,07,00
102835,1,203,0,0,8,00,00,00,00,00,00,00,00
102855,1,206,0,0,8,00,00,00,00,00,00,00,00
102855,1,401,0,0,8,35,9F,00,00,46,00,00,00
102865,0,300,0,0,8,03,5A,64,5A,64,00,64,B8
102865,0,301,0,0,3,80,08,00
102875,1,400,0,0,8,01,00,0C,00,00,00,00,00
102915,1,201,0,0,5,00,00,00,00,62
102915,0,300,0,0,8,03,5A,64,5A,64,00,64,A9
102925,0,301,0,0,3,88,09,00
102935,1,203,0,0,8,00,00,00,00,00,00,00,00
102955,1,206,0,0,8,00,00,00,00,00,00,00,00
102955,1,401,0,0,8,35,9F,00,00,46,00,00,00
102965,0,300,0,0,8,03,5A,64,5A,64,00,64,BA
102965,0,301,0,0,3,C6,0A,00
102975,1,400,0,0,8,01,00,0C,00,00,00,00,00
103015,1,201,0,0,5,00,00,00,00,62
103025,0,300,0,0,8,03,5A,64,5A,64,00,64,AB
103025,0,301,0,0,3,43,0B,00
103035,1,203,0,0,8,00,00,00,00,00,00,00,00
103055,1,206,0,0,8,00,00,00,00,00,00,00,00
103055,1,401,0,0,8,35,9F,00,00,46,00,00,00
103065,0,300,0,0,8,03,5A,64,5A,64,00,64,BC
103065,0,301,0,0,3,B5,0C,00
103075,1,400,0,0,8,01,00,0C,00,00,00,00,00
103115,1,201,0,0,5,00,00,00,00,62
103115,0,300,0,0,8,03,5A,64,5A,64,00,64,AD
103125,0,301,0,0,3,4E,0D,00
103135,1,203,0,0,8,00,00,00,00,00,00,00,00
103135,1,403,0,0,8,64,00,00,00,40,E3,09,00
103155,1,206,0,0,8,00,00,00,00,00,00,00,00
103165,1,401,0,0,8,35,9F,00,00,46,00,00,00
103165,0,300,0,0,8,03,5A,64,5A,64,00,64,BE
103165,0,301,0,0,3,1D,0E,00
103185,1,400,0,0,8,01,00,0C,00,00,00,00,00
103215,1,201,0,0,5,00,00,00,00,62
103215,0,300,0,0,8,03,5A,64,5A,64,00,64,AF
103225,0,301,0,0,3,E8,0F,00
103235,1,203,0,0,8,00,00,00,00,00,00,00,00
103255,1,206,0,0,8,00,00,00,00,00,00,00,00
103265,1,401,0,0,8,35,9F,00,00,46,00,00,00
103265,0,300,0,0,8,03,5A,64,5A,64,00,64,30
103265,0,301,0,0,3,E2,00,00
103285,1,400,0,0,8,01,00,0C,00,00,00,00,00
103315,0,300,0,0,8,03,5A,64,5A,64,00,64,21
103315,1,201,0,0,5,00,00,00,00,62
103315,0,301,0,0,3,B3,01,00
103335,1,203,0,0,8,00,00,00,00,00,00,00,00
103355,1,206,0,0,8,00,00,00,00,00,00,00,00
103365,1,401,0,0,8,35,9F,00,00,46,00,00,00
103365,0,300,0,0,8,03,5A,64,5A,64,00,64,32
103365,0,301,0,0,3,6B,02,00
103385,1,400,0,0,8,01,00,0C,00,00,00,00,00
103415,0,300,0,0,8,03,5A,64,5A,64,00,64,23
103415,1,201,0,0,5,00,00,00,00,62
103415,0,301,0,0,3,96,03,00
103435,1,203,0,0,8,00,00,00,00,00,00,00,00
103455,1,206,0,0,8,00,00,00,00,00,00,00,00
103465,1,401,0,0,8,35,9F,00,00,46,00,00,00
103465,0,300,0,0,8,03,5A,64,5A,64,00,64,34
103465,0,301,0,0,3,03,04,00
103485,1,400,0,0,8,01,00,0C,00,00,00,00,00
103515,0,300,0,0,8,03,5A,64,5A,64,00,64,25
103515,1,201,0,0,5,00,00,00,00,62
103515,0,301,0,0,3,54,05,00
103535,1,203,0,0,8,00,00,00,00,00,00,00,00
103545,1,204,0,0,8,00,00,00,00,00,00,00,00
103555,1,206,0,0,8,00,00,00,00,00,00,00,00
103555,1,202,0,0,8,E2,10,00,00,0E,7C,05,00
103565,1,401,0,0,8,35,9F,00,00,46,00,00,00
103565,0,300,0,0,8,03,5A,64,5A,64,00,64,36
103565,0,301,0,0,3,F5,06,00
103585,1,400,0,0,8,01,00,0C,00,00,00,00,00
103615,0,300,0,0,8,03,5A,64,5A,64,00,64,27
103615,1,201,0,0,5,00,00,00,00,62
103615,0,301,0,0,3,B8,07,00
103635,1,203,0,0,8,00,00,00,00,00,00,00,00
103645,1,402,0,0,8,58,00,00,00,C8,AA,08,00
103655,1,206,0,0,8,00,00,00,00,00,00,00,00
103665,1,401,0,0,8,35,9F,00,00,45,00,00,00
103665,0,300,0,0,8,03,5A,64,5A,64,00,64,B8
103665,0,301,0,0,3,80,08,00
103685,1,400,0,0,8,01,00,0C,00,00,00,00,00
103715,1,201,0,0,5,00,00,00,00,62
103715,0,300,0,0,8,03,5A,64,5A,64,00,64,A9
103725,0,301,0,0,3,88,09,00
103735,1,203,0,0,8,00,00,00,00,00,00,00,00
103755,1,206,0,0,8,00,00,00,00,00,00,00,00
103765,1,401,0,0,8,35,9F,00,00,45,00,00,00
103765,0,300,0,0,8,03,5A,64,5A,64,00,64,BA
103765,0,301,0,0,3,C6,0A,00
103785,1,400,0,0,8,01,00,0C,00,00,00,00,00
103815,1,201,0,0,5,00,00,00,00,62
103825,0,300,0,0,8,03,5A,64,5A,64,00,64,AB
103825,0,301,0,0,3,43,0B,00
103835,1,203,0,0,8,00,00,00,00,00,00,00,00
103855,1,206,0,0,8,00,00,00,00,00,00,00,00
103865,1,401,0,0,8,35,9F,00,00,46,00,00,00
103875,0,300,0,0,8,03,5A,64,5A,64,00,64,BC
103875,0,301,0,0,3,B5,0C,00
103885,1,400,0,0,8,01,00,0C,00,00,00,00,00
103915,1,201,0,0,5,00,00,00,00,62
103915,0,300,0,0,8,03,5A,64,5A,64,00,64,AD
103925,0,301,0,0,3,4E,0D,00
103935,1,203,0,0,8,00,00,00,00,00,00,00,00
103955,1,206,0,0,8,00,00,00,00,00,00,00,00
103965,1,401,0,0,8,35,9F,00,00,46,00,00,00
103975,0,300,0,0,8,03,5A,64,5A,64,00,64,BE
103975,0,301,0,0,3,1D,0E,00
103985,1,400,0,0,8,01,00,0C,00,00,00,00,00
104015,1,201,0,0,5,00,00,00,00,62
104025,0,300,0,0,8,03,5A,64,5A,64,00,64,AF
104025,0,301,0,0,3,E8,0F,00
104035,1,203,0,0,8,00,00,00,00,00,00,00,00
104055,1,206,0,0,8,00,00,00,00,00,00,00,00
104065,1,401,0,0,8,35,9F,00,00,46,00,00,00
104065,0,300,0,0,8,03,5A,64,5A,64,00,64,30
104075,0,301,0,0,3,E2,00,00
104085,1,400,0,0,8,01,00,0C,00,00,00,00,00
104115,1,201,0,0,5,00,00,00,00,62
104125,0,300,0,0,8,03,5A,64,5A,64,00,64,21
104125,0,301,0,0,3,B3,01,00
104135,1,203,0,0,8,00,00,00,00,00,00,00,00
104145,1,403,0,0,8,64,00,00,00,40,E3,09,00
104155,1,206,0,0,8,00,00,00,00,00,00,00,00
104165,1,401,0,0,8,37,9F,00,00,46,00,00,00
104165,0,300,0,0,8,03,5A,64,5A,64,00,64,32
104175,0,301,0,0,3,6B,02,00
104185,1,400,0,0,8,01,00,0C,00,00,00,00,00
104215,0,300,0,0,8,03,5A,64,5A,64,00,64,23
104215,1,201,0,0,5,00,00,00,00,62
104225,0,301,0,0,3,96,03,00
104235,1,203,0,0,8,00,00,00,00,00,00,00,00
104255,1,206,0,0,8,00,00,00,00,00,00,00,00
104265,1,401,0,0,8,37,9F,00,00,46,00,00,00
104275,0,300,0,0,8,03,5A,64,5A,64,00,64,34
104275,0,301,0,0,3,03,04,00
104285,1,400,0,0,8,01,00,0C,00,00,00,00,00
104315,0,300,0,0,8,03,5A,64,5A,64,00,64,25
104315,1,201,0,0,5,00,00,00,00,62
104325,0,301,0,0,3,54,05,00
104335,1,203,0,0,8,00,00,00,00,00,00,00,00
104355,1,206,0,0,8,00,00,00,00,00,00,00,00
104365,1,401,0,0,8,37,9F,00,00,46,00,00,00
104365,0,300,0,0,8,03,5A,64,5A,64,00,64,36
104375,0,301,0,0,3,F5,06,00
104385,1,400,0,0,8,01,00,0C,00,00,00,00,00
104415,0,300,0,0,8,03,5A,64,5A,64,00,64,27
104425,1,201,0,0,5,00,00,00,00,62
104425,0,301,0,0,3,B8,07,00
104435,1,203,0,0,8,00,00,00,00,00,00,00,00
104455,1,206,0,0,8,00,00,00,00,00,00,00,00
104465,1,401,0,0,8,35,9F,00,00,46,00,00,00
104465,0,300,0,0,8,03,5A,64,5A,64,00,64,B8
104475,0,301,0,0,3,80,08,00
104485,1,400,0,0,8,01,00,0C,00,00,00,00,00
104515,0,300,0,0,8,03,5A,64,5A,64,00,64,A9
104525,1,201,0,0,5,00,00,00,00,62
104525,0,301,0,0,3,88,09,00
104535,1,203,0,0,8,00,00,00,00,00,00,00,00
104545,1,204,0,0,8,00,00,00,00,00,00,00,00
104555,1,206,0,0,8,00,00,00,00,00,00,00,00
104555,1,202,0,0,8,E2,10,00,00,0E,7C,05,00
104565,1,401,0,0,8,35,9F,00,00,46,00,00,00
104565,0,300,0,0,8,03,5A,64,5A,64,00,64,BA
104575,0,301,0,0,3,C6,0A,00
104585,1,400,0,0,8,01,00,0C,00,00,00,00,00
104615,0,300,0,0,8,03,5A,64,5A,64,00,64,AB
104625,1,201,0,0,5,00,00,00,00,62
104625,0,301,0,0,3,43,0B,00
104635,1,203,0,0,8,00,00,00,00,00,00,00,00
104645,1,402,0,0,8,58,00,00,00,C8,AA,08,00
104655,1,206,0,0,8,00,00,00,00,00,00,00,00
104665,1,401,0,0,8,35,9F,00,00,46,00,00,00
104665,0,300,0,0,8,03,5A,64,5A,64,00,64,BC
104675,0,301,0,0,3,B5,0C,00
104685,1,400,0,0,8,01,00,0C,00,00,00,00,00
104715,0,300,0,0,8,03,5A,64,5A,64,00,64,AD
104725,0,301,0,0,3,4E,0D,00
104725,1,201,0,0,5,00,00,00,00,62
104735,1,203,0,0,8,00,00,00,00,00,00,00,00
104755,1,206,0,0,8,00,00,00,00,00,00,00,00
104765,1,401,0,0,8,35,9F,00,00,46,00,00,00
104765,0,300,0,0,8,03,5A,64,5A,64,00,64,BE
104765,0,301,0,0,3,1D,0E,00
104785,1,400,0,0,8,01,00,0C,00,00,00,00,00
104815,0,300,0,0,8,03,5A,64,5A,64,00,64,AF
104825,0,301,0,0,3,E8,0F,00
104825,1,201,0,0,5,00,00,00,00,62
104835,1,203,0,0,8,00,00,00,00,00,00,00,00
104855,1,206,0,0,8,00,00,00,00,00,00,00,00
104865,1,401,0,0,8,35,9F,00,00,45,00,00,00
104875,0,300,0,0,8,03,5A,64,5A,64,00,64,30
104875,0,301,0,0,3,E2,00,00
104885,1,400,0,0,8,01,00,0C,00,00,00,00,00
104925,1,201,0,0,5,00,00,00,00,62
104925,0,300,0,0,8,03,5A,64,5A,64,00,64,21
104925,0,301,0,0,3,B3,01,00
104935,1,203,0,0,8,00,00,00,00,00,00,00,00
104955,1,206,0,0,8,00,00,00,00,00,00,00,00
104965,1,401,0,0,8,37,9F,00,00,45,00,00,00
104975,0,300,0,0,8,03,5A,64,5A,64,00,64,32
104975,0,301,0,0,3,6B,02,00
104985,1,400,0,0,8,01,00,0C,00,00,00,00,00
105025,1,201,0,0,5,00,00,00,00,62
105025,0,300,0,0,8,03,5A,64,5A,64,00,64,23
105025,0,301,0,0,3,96,03,00
105035,1,203,0,0,8,00,00,00,00,00,00,00,00
105055,1,206,0,0,8,00,00,00,00,00,00,00,00
105065,1,401,0,0,8,37,9F,00,00,45,00,00,00
105075,0,300,0,0,8,03,5A,64,5A,64,00,64,34
105075,0,301,0,0,3,03,04,00
105085,1,400,0,0,8,01,00,0C,00,00,00,00,00
105125,1,201,0,0,5,00,00,00,00,62
105125,0,300,0,0,8,03,5A,64,5A,64,00,64,25
105125,0,301,0,0,3,54,05,00
105135,1,203,0,0,8,00,00,00,00,00,00,00,00
105145,1,403,0,0,8,64,00,00,00,40,E3,09,00
105155,1,206,0,0,8,00,00,00,00,00,00,00,00
105165,1,401,0,0,8,37,9F,00,00,46,00,00,00
105175,0,300,0,0,8,03,5A,64,5A,64,00,64,36
105175,0,301,0,0,3,F5,06,00
105185,1,400,0,0,8,01,00,0C,00,00,00,00,00
105225,1,201,0,0,5,00,00,00,00,62
105225,0,300,0,0,8,03,5A,64,5A,64,00,64,27
105225,0,301,0,0,3,B8,07,00
105235,1,203,0,0,8,00,00,00,00,00,00,00,00
105255,1,206,0,0,8,00,00,00,00,00,00,00,00
105265,1,401,0,0,8,37,9F,00,00,46,00,00,00
105275,0,300,0,0,8,03,5A,64,5A,64,00,64,B8
105275,0,301,0,0,3,80,08,00
105285,1,400,0,0,8,01,00,0C,00,00,00,00,00
105325,1,201,0,0,5,00,00,00,00,62
105325,0,300,0,0,8,03,5A,64,5A,64,00,64,A9
105325,0,301,0,0,3,88,09,00
105335,1,203,0,0,8,00,00,00,00,00,00,00,00
105355,1,206,0,0,8,00,00,00,00,00,00,00,00
105365,1,401,0,0,8,37,9F,00,00,45,00,00,00
105375,0,300,0,0,8,03,5A,64,5A,64,00,64,BA
105375,0,301,0,0,3,C6,0A,00
105385,1,400,0,0,8,01,00,0C,00,00,00,00,00
105425,1,201,0,0,5,00,00,00,00,62
105425,0,300,0,0,8,03,5A,64,5A,64,00,64,AB
105425,0,301,0,0,3,43,0B,00
105435,1,203,0,0,8,00,00,00,00,00,00,00,00
105455,1,206,0,0,8,00,00,00,00,00,00,00,00
105465,1,401,0,0,8,35,9F,00,00,45,00,00,00
105475,0,300,0,0,8,03,5A,64,5A,64,00,64,BC
105475,0,301,0,0,3,B5,0C,00
105485,1,400,0,0,8,01,00,0C,00,00,00,00,00
105525,1,201,0,0,5,00,00,00,00,62
105525,0,300,0,0,8,03,5A,64,5A,64,00,64,AD
105525,0,301,0,0,3,4E,0D,00
105535,1,203,0,0,8,00,00,00,00,00,00,00,00
105545,1,204,0,0,8,00,00,00,00,00,00,00,00
105555,1,206,0,0,8,00,00,00,00,00,00,00,00
105555,1,202,0,0,8,E2,11,00,00,0E,7C,05,00
