117595,1,401,0,0,8,2A,9E,00,00,12,09,00,00
117595,1,200,0,0,8,58,00,C8,AA,08,00,00,00
117615,1,400,0,0,8,01,00,2C,00,00,00,00,00
117625,0,300,0,0,8,03,A5,64,5A,64,00,64,EF
117625,0,301,0,0,3,E8,0F,00
117625,1,201,0,0,5,00,00,00,00,63
117635,1,203,0,0,8,00,00,00,00,00,00,00,00
117665,1,206,0,0,8,00,00,00,00,00,00,00,00
117675,0,300,0,0,8,03,A5,64,5A,64,00,64,70
117675,1,402,0,0,8,58,00,00,00,A4,AA,08,00
117675,0,301,0,0,3,E2,00,00
117695,1,401,0,0,8,2A,9E,00,00,12,09,00,00
117715,1,400,0,0,8,01,00,2C,00,00,00,00,00
117725,0,300,0,0,8,03,A5,64,5A,64,00,64,61
117725,0,301,0,0,3,B3,01,00
117725,1,201,0,0,5,00,00,00,00,63
117735,1,203,0,0,8,00,00,00,00,00,00,00,00
117765,1,206,0,0,8,00,00,00,00,00,00,00,00
117775,0,300,0,0,8,03,A5,64,5A,64,00,64,72
117775,0,301,0,0,3,6B,02,00
117795,1,401,0,0,8,2A,9E,00,00,12,09,00,00
117815,1,400,0,0,8,01,00,2C,00,00,00,00,00
117825,0,300,0,0,8,03,A5,64,5A,64,00,64,63
117825,0,301,0,0,3,96,03,00
117825,1,201,0,0,5,00,00,00,00,63
117835,1,203,0,0,8,00,00,00,00,00,00,00,00
117865,1,206,0,0,8,00,00,00,00,00,00,00,00
117875,0,300,0,0,8,03,A5,64,5A,64,00,64,74
117875,0,301,0,0,3,03,04,00
117895,1,401,0,0,8,2A,9E,00,00,2B,09,00,00
117915,1,400,0,0,8,01,00,2C,00,00,00,00,00
117925,0,300,0,0,8,03,A5,64,5A,64,00,64,65
117925,0,301,0,0,3,54,05,00
117925,1,201,0,0,5,00,00,00,00,63
117935,1,203,0,0,8,00,00,00,00,00,00,00,00
117965,1,206,0,0,8,00,00,00,00,00,00,00,00
117975,0,300,0,0,8,03,A5,64,5A,64,00,64,76
117975,0,301,0,0,3,F5,06,00
117995,1,401,0,0,8,26,9E,00,00,2B,09,00,00
118015,1,400,0,0,8,01,00,2C,00,00,00,00,00
118025,0,300,0,0,8,03,A5,64,5A,64,00,64,67
118025,0,301,0,0,3,B8,07,00
118025,1,201,0,0,5,00,00,00,00,63
118035,1,203,0,0,8,00,00,00,00,00,00,00,00
118065,1,206,0,0,8,00,00,00,00,00,00,00,00
118075,0,300,0,0,8,03,A5,64,5A,64,00,64,F8
118075,0,301,0,0,3,80,08,00
118095,1,401,0,0,8,26,9E,00,00,22,09,00,00
118115,1,400,0,0,8,01,00,2C,00,00,00,00,00
118125,0,300,0,0,8,03,A5,64,5A,64,00,64,E9
118125,0,301,0,0,3,88,09,00
118125,1,201,0,0,5,00,00,00,00,63
118135,1,203,0,0,8,00,00,00,00,00,00,00,00
118165,1,206,0,0,8,00,00,00,00,00,00,00,00
118175,0,300,0,0,8,03,A5,64,5A,64,00,64,FA
118175,0,301,0,0,3,C6,0A,00
118175,1,403,0,0,8,64,00,00,00,40,E3,09,00
118195,1,401,0,0,8,26,9E,00,00,22,09,00,00
118215,1,400,0,0,8,01,00,2C,00,00,00,00,00
118225,0,300,0,0,8,03,A5,64,5A,64,00,64,EB
118225,0,301,0,0,3,43,0B,00
118225,1,201,0,0,5,00,00,00,00,63
118235,1,203,0,0,8,00,00,00,00,00,00,00,00
118265,1,206,0,0,8,00,00,00,00,00,00,00,00
118275,0,300,0,0,8,03,A5,64,5A,64,00,64,FC
118275,0,301,0,0,3,B5,0C,00
118295,1,401,0,0,8,26,9E,00,00,22,09,00,00
118315,1,400,0,0,8,01,00,2C,00,00,00,00,00
118325,0,300,0,0,8,03,A5,64,5A,64,00,64,ED
118325,0,301,0,0,3,4E,0D,00
118325,1,201,0,0,5,00,00,00,00,63
118335,1,203,0,0,8,00,00,00,00,00,00,00,00
118365,1,206,0,0,8,00,00,00,00,00,00,00,00
118375,0,300,0,0,8,03,A5,64,5A,64,00,64,FE
118375,0,301,0,0,3,1D,0E,00
118395,1,401,0,0,8,26,9E,00,00,26,09,00,00
118415,1,400,0,0,8,01,00,2C,00,00,00,00,00
118425,0,300,0,0,8,03,A5,64,5A,64,00,64,EF
118425,0,301,0,0,3,E8,0F,00
118425,1,201,0,0,5,00,00,00,00,63
118435,1,203,0,0,8,00,00,00,00,00,00,00,00
118465,1,206,0,0,8,00,00,00,00,00,00,00,00
118475,0,300,0,0,8,03,A5,64,5A,64,00,64,70
118475,0,301,0,0,3,E2,00,00
118495,1,401,0,0,8,22,9E,00,00,26,09,00,00
118515,1,400,0,0,8,01,00,2C,00,00,00,00,00
118525,0,300,0,0,8,03,A5,64,5A,64,00,64,61
118525,0,301,0,0,3,B3,01,00
118525,1,201,0,0,5,00,00,00,00,63
118535,1,203,0,0,8,00,00,00,00,00,00,00,00
118545,1,204,0,0,8,00,00,00,00,00,00,00,00
118565,1,206,0,0,8,00,00,00,00,00,00,00,00
118565,1,202,0,0,8,E2,10,00,00,0E,7C,05,00
118575,0,300,0,0,8,03,A5,64,5A,64,00,64,72
118575,0,301,0,0,3,6B,02,00
118595,1,401,0,0,8,22,9E,00,00,27,09,00,00
118615,1,400,0,0,8,01,00,2C,00,00,00,00,00
118625,0,300,0,0,8,03,A5,64,5A,64,00,64,63
118625,0,301,0,0,3,96,03,00
118625,1,201,0,0,5,00,00,00,00,63
118635,1,203,0,0,8,00,00,00,00,00,00,00,00
118665,1,206,0,0,8,00,00,00,00,00,00,00,00
118675,0,300,0,0,8,03,A5,64,5A,64,00,64,74
118675,0,301,0,0,3,03,04,00
118675,1,402,0,0,8,58,00,00,00,A4,AA,08,00
118695,1,401,0,0,8,22,9E,00,00,27,09,00,00
118715,1,400,0,0,8,01,00,2C,00,00,00,00,00
118725,0,300,0,0,8,03,A5,64,5A,64,00,64,65
118725,0,301,0,0,3,54,05,00
118725,1,201,0,0,5,00,00,00,00,63
118735,1,203,0,0,8,00,00,00,00,00,00,00,00
118765,1,206,0,0,8,00,00,00,00,00,00,00,00
118775,0,300,0,0,8,03,A5,64,5A,64,00,64,76
118775,0,301,0,0,3,F5,06,00
118795,1,401,0,0,8,22,9E,00,00,27,09,00,00
118815,1,400,0,0,8,01,00,2C,00,00,00,00,00
118825,0,300,0,0,8,03,A5,64,5A,64,00,64,67
118825,0,301,0,0,3,B8,07,00
118825,1,201,0,0,5,00,00,00,00,63
118835,1,203,0,0,8,00,00,00,00,00,00,00,00
118865,1,206,0,0,8,00,00,00,00,00,00,00,00
118875,0,300,0,0,8,03,A5,64,5A,64,00,64,F8
118875,0,301,0,0,3,80,08,00
118895,1,401,0,0,8,22,9E,00,00,1E,09,00,00
118915,1,400,0,0,8,01,00,2C,00,00,00,00,00
118925,0,300,0,0,8,03,A5,64,5A,64,00,64,E9
118925,0,301,0,0,3,88,09,00
118925,1,201,0,0,5,00,00,00,00,63
118935,1,203,0,0,8,00,00,00,00,00,00,00,00
118965,1,206,0,0,8,00,00,00,00,00,00,00,00
118975,0,300,0,0,8,03,A5,64,5A,64,00,64,FA
118975,0,301,0,0,3,C6,0A,00
118995,1,401,0,0,8,22,9E,00,00,1E,09,00,00
119015,1,400,0,0,8,01,00,2C,00,00,00,00,00
119025,0,300,0,0,8,03,A5,64,5A,64,00,64,EB
119025,0,301,0,0,3,43,0B,00
119025,1,201,0,0,5,00,00,00,00,63
119035,1,203,0,0,8,00,00,00,00,00,00,00,00
119065,1,206,0,0,8,00,00,00,00,00,00,00,00
119075,0,300,0,0,8,03,A5,64,5A,64,00,64,FC
119075,0,301,0,0,3,B5,0C,00
119095,1,401,0,0,8,22,9E,00,00,1A,09,00,00
119115,1,400,0,0,8,01,00,2C,00,00,00,00,00
119125,0,300,0,0,8,03,A5,64,5A,64,00,64,ED
119125,0,301,0,0,3,4E,0D,00
119125,1,201,0,0,5,00,00,00,00,63
119135,1,203,0,0,8,00,00,00,00,00,00,00,00
119165,1,206,0,0,8,00,00,00,00,00,00,00,00
119175,0,300,0,0,8,03,A5,64,5A,64,00,64,FE
119175,0,301,0,0,3,1D,0E,00
119175,1,403,0,0,8,64,00,00,00,40,E3,09,00
119195,1,401,0,0,8,22,9E,00,00,1A,09,00,00
119215,1,400,0,0,8,01,00,2C,00,00,00,00,00
119225,0,300,0,0,8,03,A5,64,5A,64,00,64,EF
119225,0,301,0,0,3,E8,0F,00
119225,1,201,0,0,5,00,00,00,00,63
119235,1,203,0,0,8,00,00,00,00,00,00,00,00
119265,1,206,0,0,8,00,00,00,00,00,00,00,00
119275,0,300,0,0,8,03,A5,64,5A,64,00,64,70
119275,0,301,0,0,3,E2,00,00
119295,1,401,0,0,8,22,9E,00,00,1A,09,00,00
119315,1,400,0,0,8,01,00,2C,00,00,00,00,00
119325,0,300,0,0,8,03,A5,64,5A,64,00,64,61
119325,0,301,0,0,3,B3,01,00
119325,1,201,0,0,5,00,00,00,00,63
119335,1,203,0,0,8,00,00,00,00,00,00,00,00
119365,1,206,0,0,8,00,00,00,00,00,00,00,00
119375,0,300,0,0,8,03,A5,64,5A,64,00,64,72
119375,0,301,0,0,3,6B,02,00
119395,1,401,0,0,8,22,9E,00,00,19,09,00,00
119415,1,400,0,0,8,01,00,2C,00,00,00,00,00
119425,0,300,0,0,8,03,A5,64,5A,64,00,64,63
119425,0,301,0,0,3,96,03,00
119425,1,201,0,0,5,00,00,00,00,63
119435,1,203,0,0,8,00,00,00,00,00,00,00,00
119465,1,206,0,0,8,00,00,00,00,00,00,00,00
119475,0,300,0,0,8,03,A5,64,5A,64,00,64,74
119475,0,301,0,0,3,03,04,00
119495,1,401,0,0,8,20,9E,00,00,19,09,00,00
119515,1,400,0,0,8,01,00,2C,00,00,00,00,00
119525,0,300,0,0,8,03,A5,64,5A,64,00,64,65
119525,0,301,0,0,3,54,05,00
119525,1,201,0,0,5,00,00,00,00,63
119535,1,203,0,0,8,00,00,00,00,00,00,00,00
119555,1,204,0,0,8,00,00,00,00,00,00,00,00
119565,1,206,0,0,8,00,00,00,00,00,00,00,00
119565,1,202,0,0,8,E2,11,00,00,0E,7C,05,00
119575,0,300,0,0,8,03,A5,64,5A,64,00,64,76
119575,0,301,0,0,3,F5,06,00
119595,1,401,0,0,8,20,9E,00,00,1A,09,00,00
119615,1,400,0,0,8,01,00,2C,00,00,00,00,00
119625,0,300,0,0,8,03,A5,64,5A,64,00,64,67
119625,0,301,0,0,3,B8,07,00
119625,1,201,0,0,5,00,00,00,00,63
119635,1,203,0,0,8,00,00,00,00,00,00,00,00
119665,1,206,0,0,8,00,00,00,00,00,00,00,00
119675,0,300,0,0,8,03,A5,64,5A,64,00,64,F8
119675,0,301,0,0,3,80,08,00
119675,1,402,0,0,8,58,00,00,00,80,AA,08,00
119695,1,401,0,0,8,20,9E,00,00,1A,09,00,00
119715,1,400,0,0,8,01,00,2C,00,00,00,00,00
119725,0,300,0,0,8,03,A5,64,5A,64,00,64,E9
119725,0,301,0,0,3,88,09,00
119725,1,201,0,0,5,00,00,00,00,63
119735,1,203,0,0,8,00,00,00,00,00,00,00,00
119765,1,206,0,0,8,00,00,00,00,00,00,00,00
119775,0,300,0,0,8,03,A5,64,5A,64,00,64,FA
119775,0,301,0,0,3,C6,0A,00
119795,1,401,0,0,8,20,9E,00,00,1A,09,00,00
119815,1,400,0,0,8,01,00,2C,00,00,00,00,00
119825,0,300,0,0,8,03,A5,64,5A,64,00,64,EB
119825,0,301,0,0,3,43,0B,00
119825,1,201,0,0,5,00,00,00,00,63
119835,1,203,0,0,8,00,00,00,00,00,00,00,00
119865,1,206,0,0,8,00,00,00,00,00,00,00,00
119875,0,300,0,0,8,03,A5,64,5A,64,00,64,FC
119875,0,301,0,0,3,B5,0C,00
119895,1,401,0,0,8,20,9E,00,00,17,09,00,00
119915,1,400,0,0,8,01,00,2C,00,00,00,00,00
119925,0,300,0,0,8,03,A5,64,5A,64,00,64,ED
119925,0,301,0,0,3,4E,0D,00
119925,1,201,0,0,5,00,00,00,00,63
119935,1,203,0,0,8,00,00,00,00,00,00,00,00
119965,1,206,0,0,8,00,00,00,00,00,00,00,00
119975,0,300,0,0,8,03,A5,64,5A,64,00,64,FE
119975,0,301,0,0,3,1D,0E,00
119995,1,401,0,0,8,22,9E,00,00,17,09,00,00
120015,1,400,0,0,8,01,00,2C,00,00,00,00,00
120025,0,300,0,0,8,03,A5,64,5A,64,00,64,EF
120025,0,301,0,0,3,E8,0F,00
120025,1,201,0,0,5,00,00,00,00,63
120035,1,203,0,0,8,00,00,00,00,00,00,00,00
120065,1,206,0,0,8,00,00,00,00,00,00,00,00
120075,0,300,0,0,8,03,A5,64,5A,64,00,64,70
120075,0,301,0,0,3,E2,00,00
120095,1,401,0,0,8,22,9E,00,00,08,09,00,00
120115,1,400,0,0,8,01,00,2C,00,00,00,00,00
120125,0,300,0,0,8,03,A5,64,5A,64,00,64,61
120125,0,301,0,0,3,B3,01,00
120125,1,201,0,0,5,00,00,00,00,63
120135,1,203,0,0,8,00,00,00,00,00,00,00,00
120165,1,206,0,0,8,00,00,00,00,00,00,00,00
120175,0,300,0,0,8,03,A5,64,5A,64,00,64,72
120175,0,301,0,0,3,6B,02,00
120175,1,403,0,0,8,64,00,00,00,40,E3,09,00
120205,1,401,0,0,8,20,9E,00,00,08,09,00,00
120225,1,400,0,0,8,01,00,2C,00,00,00,00,00
120225,0,300,0,0,8,03,A5,64,5A,64,00,64,63
120225,0,301,0,0,3,96,03,00
120225,1,201,0,0,5,00,00,00,00,63
120235,1,203,0,0,8,00,00,00,00,00,00,00,00
120265,1,206,0,0,8,00,00,00,00,00,00,00,00
120275,0,300,0,0,8,03,A5,64,5A,64,00,64,74
120275,0,301,0,0,3,03,04,00
120305,1,401,0,0,8,20,9E,00,00,08,09,00,00
120325,1,400,0,0,8,01,00,2C,00,00,00,00,00
120325,0,300,0,0,8,03,A5,64,5A,64,00,64,65
120325,0,301,0,0,3,54,05,00
120325,1,201,0,0,5,00,00,00,00,63
120335,1,203,0,0,8,00,00,00,00,00,00,00,00
120365,1,206,0,0,8,00,00,00,00,00,00,00,00
120375,0,300,0,0,8,03,A5,64,5A,64,00,64,76
120375,0,301,0,0,3,F5,06,00
120405,1,401,0,0,8,20,9E,00,00,05,09,00,00
120425,1,400,0,0,8,01,00,2C,00,00,00,00,00
120425,0,300,0,0,8,03,A5,64,5A,64,00,64,67
120425,0,301,0,0,3,B8,07,00
120425,1,201,0,0,5,00,00,00,00,63
120435,1,203,0,0,8,00,00,00,00,00,00,00,00
120465,1,206,0,0,8,00,00,00,00,00,00,00,00
120475,0,300,0,0,8,03,A5,64,5A,64,00,64,F8
120475,0,301,0,0,3,80,08,00
120505,1,401,0,0,8,20,9E,00,00,05,09,00,00
120525,1,400,0,0,8,01,00,2C,00,00,00,00,00
120525,0,300,0,0,8,03,A5,64,5A,64,00,64,E9
120525,0,301,0,0,3,88,09,00
120525,1,201,0,0,5,00,00,00,00,63
120535,1,203,0,0,8,00,00,00,00,00,00,00,00
120555,1,204,0,0,8,00,00,00,00,00,00,00,00
120565,1,206,0,0,8,00,00,00,00,00,00,00,00
120565,1,202,0,0,8,E2,10,00,00,0E,7C,05,00
120575,0,300,0,0,8,03,A5,64,5A,64,00,64,FA
120575,0,301,0,0,3,C6,0A,00
120575,1,666,0,0,8,52,08,05,00,52,95,36,02
120585,1,665,0,0,8,00,00,00,53,4C,18,53,00
120595,1,200,0,0,8,58,00,C1,AA,08,00,01,00
120605,1,401,0,0,8,20,9E,00,00,03,09,00,00
120625,1,400,0,0,8,01,00,2C,00,00,00,00,00
120625,0,300,0,0,8,03,A5,64,5A,64,00,64,EB
120625,0,301,0,0,3,43,0B,00
120625,1,201,0,0,5,00,00,00,00,63
120635,1,203,0,0,8,00,00,00,00,00,00,00,00
120665,1,206,0,0,8,00,00,00,00,00,00,00,00
120675,0,300,0,0,8,03,A5,64,5A,64,00,64,FC
120675,0,301,0,0,3,B5,0C,00
120685,1,402,0,0,8,58,00,00,00,5C,AA,08,00
120705,1,401,0,0,8,1E,9E,00,00,03,09,00,00
120725,1,400,0,0,8,01,00,2C,00,00,00,00,00
120725,0,300,0,0,8,03,A5,64,5A,64,00,64,ED
120725,0,301,0,0,3,4E,0D,00
120725,1,201,0,0,5,00,00,00,00,63
120735,1,203,0,0,8,00,00,00,00,00,00,00,00
120765,1,206,0,0,8,00,00,00,00,00,00,00,00
120775,0,300,0,0,8,03,A5,64,5A,64,00,64,FE
120775,0,301,0,0,3,1D,0E,00
120805,1,401,0,0,8,1E,9E,00,00,03,09,00,00
120825,1,400,0,0,8,01,00,2C,00,00,00,00,00
120825,0,300,0,0,8,03,A5,64,5A,64,00,64,EF
120825,0,301,0,0,3,E8,0F,00
120825,1,201,0,0,5,00,00,00,00,63
120835,1,203,0,0,8,00,00,00,00,00,00,00,00
120865,1,206,0,0,8,00,00,00,00,00,00,00,00
120875,0,300,0,0,8,03,A5,64,5A,64,00,64,70
120875,0,301,0,0,3,E2,00,00
120905,1,401,0,0,8,1E,9E,00,00,04,09,00,00
120925,1,400,0,0,8,01,00,2C,00,00,00,00,00
120925,0,300,0,0,8,03,A5,64,5A,64,00,64,61
120925,0,301,0,0,3,B3,01,00
120925,1,201,0,0,5,00,00,00,00,63
120935,1,203,0,0,8,00,00,00,00,00,00,00,00
120965,1,206,0,0,8,00,00,00,00,00,00,00,00
120975,0,300,0,0,8,03,A5,64,5A,64,00,64,72
120975,0,301,0,0,3,6B,02,00
121005,1,401,0,0,8,1A,9E,00,00,04,09,00,00
121025,1,400,0,0,8,01,00,2C,00,00,00,00,00
121025,0,300,0,0,8,03,A5,64,5A,64,00,64,63
121025,0,301,0,0,3,96,03,00
121025,1,201,0,0,5,00,00,00,00,63
121035,1,203,0,0,8,00,00,00,00,00,00,00,00
121065,1,206,0,0,8,00,00,00,00,00,00,00,00
121075,0,300,0,0,8,03,A5,64,5A,64,00,64,74
121075,0,301,0,0,3,03,04,00
121105,1,401,0,0,8,1A,9E,00,00,03,09,00,00
121125,1,400,0,0,8,01,00,2C,00,00,00,00,00
121125,0,300,0,0,8,03,A5,64,5A,64,00,64,65
121125,0,301,0,0,3,54,05,00
121125,1,201,0,0,5,00,00,00,00,63
121135,1,203,0,0,8,00,00,00,00,00,00,00,00
121165,1,206,0,0,8,00,00,00,00,00,00,00,00
121175,0,300,0,0,8,03,A5,64,5A,64,00,64,76
121175,0,301,0,0,3,F5,06,00
121185,1,403,0,0,8,64,00,00,00,40,E3,09,00
121205,1,401,0,0,8,1A,9E,00,00,03,09,00,00
121225,1,400,0,0,8,01,00,2C,00,00,00,00,00
121225,0,300,0,0,8,03,A5,64,5A,64,00,64,67
121225,0,301,0,0,3,B8,07,00
121225,1,201,0,0,5,00,00,00,00,63
121235,1,203,0,0,8,00,00,00,00,00,00,00,00
121265,1,206,0,0,8,00,00,00,00,00,00,00,00
121275,0,300,0,0,8,03,A5,64,5A,64,00,64,F8
121275,0,301,0,0,3,80,08,00
121305,1,401,0,0,8,1A,9E,00,00,03,09,00,00
121325,1,400,0,0,8,01,00,2C,00,00,00,00,00
121325,0,300,0,0,8,03,A5,64,5A,64,00,64,E9
121325,0,301,0,0,3,88,09,00
121325,1,201,0,0,5,00,00,00,00,63
121335,1,203,0,0,8,00,00,00,00,00,00,00,00
121365,1,206,0,0,8,00,00,00,00,00,00,00,00
121375,0,300,0,0,8,03,A5,64,5A,64,00,64,FA
121375,0,301,0,0,3,C6,0A,00
121405,1,401,0,0,8,1A,9E,00,00,04,09,00,00
121425,1,400,0,0,8,01,00,2C,00,00,00,00,00
121425,0,300,0,0,8,03,A5,64,5A,64,00,64,EB
121425,0,301,0,0,3,43,0B,00
121425,1,201,0,0,5,00,00,00,00,63
121435,1,203,0,0,8,00,00,00,00,00,00,00,00
121465,1,206,0,0,8,00,00,00,00,00,00,00,00
121475,0,300,0,0,8,03,A5,64,5A,64,00,64,FC
121475,0,301,0,0,3,B5,0C,00
121505,1,401,0,0,8,1A,9E,00,00,04,09,00,00
121525,1,400,0,0,8,01,00,2C,00,00,00,00,00
121525,0,300,0,0,8,03,A5,64,5A,64,00,64,ED
121525,0,301,0,0,3,4E,0D,00
121525,1,201,0,0,5,00,00,00,00,63
121535,1,203,0,0,8,00,00,00,00,00,00,00,00
121555,1,204,0,0,8,00,00,00,00,00,00,00,00
121565,1,206,0,0,8,00,00,00,00,00,00,00,00
121565,1,202,0,0,8,E2,10,00,00,0E,7C,05,00
121575,0,300,0,0,8,03,A5,64,5A,64,00,64,FE
121575,0,301,0,0,3,1D,0E,00
121605,1,401,0,0,8,1A,9E,00,00,04,09,00,00
121625,1,400,0,0,8,01,00,2C,00,00,00,00,00
121625,0,300,0,0,8,03,A5,64,5A,64,00,64,EF
121625,0,301,0,0,3,E8,0F,00
121625,1,201,0,0,5,00,00,00,00,63
121635,1,203,0,0,8,00,00,00,00,00,00,00,00
121665,1,206,0,0,8,00,00,00,00,00,00,00,00
121675,0,300,0,0,8,03,A5,64,5A,64,00,64,70
121675,0,301,0,0,3,E2,00,00
121685,1,402,0,0,8,58,00,00,00,5C,AA,08,00
121705,1,401,0,0,8,1A,9E,00,00,04,09,00,00
121725,1,400,0,0,8,01,00,2C,00,00,00,00,00
121725,0,300,0,0,8,03,A5,64,5A,64,00,64,61
121725,0,301,0,0,3,B3,01,00
121725,1,201,0,0,5,00,00,00,00,63
121735,1,203,0,0,8,00,00,00,00,00,00,00,00
121765,1,206,0,0,8,00,00,00,00,00,00,00,00
121775,0,300,0,0,8,03,A5,64,5A,64,00,64,72
121775,0,301,0,0,3,6B,02,00
121805,1,401,0,0,8,1A,9E,00,00,04,09,00,00
121825,1,400,0,0,8,01,00,2C,00,00,00,00,00
121825,0,300,0,0,8,03,A5,64,5A,64,00,64,63
121825,0,301,0,0,3,96,03,00
121825,1,201,0,0,5,00,00,00,00,63
121835,1,203,0,0,8,00,00,00,00,00,00,00,00
121865,1,206,0,0,8,00,00,00,00,00,00,00,00
121875,0,300,0,0,8,03,A5,64,5A,64,00,64,74
121875,0,301,0,0,3,03,04,00
121905,1,401,0,0,8,1A,9E,00,00,03,09,00,00
121925,1,400,0,0,8,01,00,2C,00,00,00,00,00
121925,0,300,0,0,8,03,A5,64,5A,64,00,64,65
121925,0,301,0,0,3,54,05,00
121925,1,201,0,0,5,00,00,00,00,63
121935,1,203,0,0,8,00,00,00,00,00,00,00,00
121965,1,206,0,0,8,00,00,00,00,00,00,00,00
121975,0,300,0,0,8,03,A5,64,5A,64,00,64,76
121975,0,301,0,0,3,F5,06,00
122005,1,401,0,0,8,1C,9E,00,00,03,09,00,00
122025,1,400,0,0,8,01,00,2C,00,00,00,00,00
122025,0,300,0,0,8,03,A5,64,5A,64,00,64,67
122025,0,301,0,0,3,B8,07,00
122025,1,201,0,0,5,00,00,00,00,63
122035,1,203,0,0,8,00,00,00,00,00,00,00,00
122065,1,206,0,0,8,00,00,00,00,00,00,00,00
122075,0,300,0,0,8,03,A5,64,5A,64,00,64,F8
122075,0,301,0,0,3,80,08,00
122105,1,401,0,0,8,1C,9E,00,00,02,09,00,00
122125,0,300,0,0,8,03,A5,64,5A,64,00,64,E9
122125,1,400,0,0,8,01,00,2C,00,00,00,00,00
122125,0,301,0,0,3,88,09,00
122125,1,201,0,0,5,00,00,00,00,63
122135,1,203,0,0,8,00,00,00,00,00,00,00,00
122165,1,206,0,0,8,00,00,00,00,00,00,00,00
122175,0,300,0,0,8,03,A5,64,5A,64,00,64,FA
122175,0,301,0,0,3,C6,0A,00
122185,1,403,0,0,8,64,00,00,00,40,E3,09,00
122205,1,401,0,0,8,1A,9E,00,00,02,09,00,00
122225,0,300,0,0,8,03,A5,64,5A,64,00,64,EB
122225,0,301,0,0,3,43,0B,00
122225,1,400,0,0,8,01,00,2C,00,00,00,00,00
122225,1,201,0,0,5,00,00,00,00,63
122235,1,203,0,0,8,00,00,00,00,00,00,00,00
122265,1,206,0,0,8,00,00,00,00,00,00,00,00
122275,0,300,0,0,8,03,A5,64,5A,64,00,64,FC
122275,0,301,0,0,3,B5,0C,00
122305,1,401,0,0,8,1A,9E,00,00,02,09,00,00
122325,0,300,0,0,8,03,A5,64,5A,64,00,64,ED
122325,0,301,0,0,3,4E,0D,00
122325,1,400,0,0,8,01,00,2C,00,00,00,00,00
122325,1,201,0,0,5,00,00,00,00,63
122335,1,203,0,0,8,00,00,00,00,00,00,00,00
122365,1,206,0,0,8,00,00,00,00,00,00,00,00
122375,0,300,0,0,8,03,A5,64,5A,64,00,64,FE
122375,0,301,0,0,3,1D,0E,00
122405,1,401,0,0,8,1A,9E,00,00,04,09,00,00
122425,0,300,0,0,8,03,A5,64,5A,64,00,64,EF
122425,0,301,0,0,3,E8,0F,00
122425,1,400,0,0,8,01,00,2C,00,00,00,00,00
122425,1,201,0,0,5,00,00,00,00,63
122435,1,203,0,0,8,00,00,00,00,00,00,00,00
122465,1,206,0,0,8,00,00,00,00,00,00,00,00
122475,0,300,0,0,8,03,A5,64,5A,64,00,64,70
122475,0,301,0,0,3,E2,00,00
122505,1,401,0,0,8,16,9E,00,00,04,09,00,00
122525,0,300,0,0,8,03,A5,64,5A,64,00,64,61
122525,0,301,0,0,3,B3,01,00
122525,1,400,0,0,8,01,00,2C,00,00,00,00,00
122525,1,201,0,0,5,00,00,00,00,63
122535,1,203,0,0,8,00,00,00,00,00,00,00,00
122555,1,204,0,0,8,00,00,00,00,00,00,00,00
122565,1,206,0,0,8,00,00,00,00,00,00,00,00
122565,1,202,0,0,8,E2,11,00,00,0E,7C,05,00
122575,0,300,0,0,8,03,A5,64,5A,64,00,64,72
122575,0,301,0,0,3,6B,02,00
122605,1,401,0,0,8,16,9E,00,00,03,09,00,00
122625,0,300,0,0,8,03,A5,64,5A,64,00,64,63
122625,0,301,0,0,3,96,03,00
122625,1,400,0,0,8,01,00,2C,00,00,00,00,00
122625,1,201,0,0,5,00,00,00,00,63
122635,1,203,0,0,8,00,00,00,00,00,00,00,00
122665,1,206,0,0,8,00,00,00,00,00,00,00,00
122675,0,300,0,0,8,03,A5,64,5A,64,00,64,74
122675,0,301,0,0,3,03,04,00
122685,1,402,0,0,8,58,00,00,00,38,AA,08,00
122705,1,401,0,0,8,18,9E,00,00,03,09,00,00
122725,0,300,0,0,8,03,A5,64,5A,64,00,64,65
122725,0,301,0,0,3,54,05,00
122725,1,400,0,0,8,01,00,2C,00,00,00,00,00
122725,1,201,0,0,5,00,00,00,00,63
122735,1,203,0,0,8,00,00,00,00,00,00,00,00
122765,1,206,0,0,8,00,00,00,00,00,00,00,00
122775,0,300,0,0,8,03,A5,64,5A,64,00,64,76
122775,0,301,0,0,3,F5,06,00
122805,1,401,0,0,8,18,9E,00,00,03,09,00,00
122825,0,300,0,0,8,03,A5,64,5A,64,00,64,67
122825,0,301,0,0,3,B8,07,00
122825,1,400,0,0,8,01,00,2C,00,00,00,00,00
122825,1,201,0,0,5,00,00,00,00,63
122835,1,203,0,0,8,00,00,00,00,00,00,00,00
122865,1,206,0,0,8,00,00,00,00,00,00,00,00
122875,0,300,0,0,8,03,A5,64,5A,64,00,64,F8
122875,0,301,0,0,3,80,08,00
122905,1,401,0,0,8,18,9E,00,00,04,09,00,00
122925,0,300,0,0,8,03,A5,64,5A,64,00,64,E9
122925,0,301,0,0,3,88,09,00
122925,1,400,0,0,8,01,00,2C,00,00,00,00,00
122925,1,201,0,0,5,00,00,00,00,63
122935,1,203,0,0,8,00,00,00,00,00,00,00,00
122965,1,206,0,0,8,00,00,00,00,00,00,00,00
122975,0,300,0,0,8,03,A5,64,5A,64,00,64,FA
122975,0,301,0,0,3,C6,0A,00
123005,1,401,0,0,8,14,9E,00,00,04,09,00,00
123015,0,404,0,0,2,4A,00
123015,1,405,0,0,8,4A,00,00,00,06,00,00,00
123025,0,300,0,0,8,03,A5,64,5A,64,00,64,EB
123025,0,301,0,0,3,43,0B,00
123025,1,400,0,0,8,01,00,2C,00,00,00,00,00
123025,1,201,0,0,5,00,00,00,00,63
123035,1,203,0,0,8,00,00,00,00,00,00,00,00
123045,0,404,0,0,2,02,30
123045,1,405,0,0,7,02,30,00,00,00,00,00
123065,1,206,0,0,8,00,00,00,00,00,00,00,00
123075,0,300,0,0,8,03,A5,64,5A,64,00,64,FC
123075,0,301,0,0,3,B5,0C,00
123085,0,404,0,0,2,44,00
123085,1,405,0,0,6,44,00,00,00,50,46
123105,1,401,0,0,8,14,9E,00,00,04,09,00,00
123115,0,404,0,0,2,01,00
123115,1,405,0,0,8,01,00,00,00,00,04,06,04
123125,0,300,0,0,8,03,A5,64,5A,64,00,64,ED
123125,0,301,0,0,3,4E,0D,00
123125,1,400,0,0,8,01,00,2C,00,00,00,00,00
123125,1,201,0,0,5,00,00,00,00,63
123135,1,203,0,0,8,00,00,00,00,00,00,00,00
123145,0,404,0,0,2,A3,01
123145,1,405,0,0,5,A3,01,00,00,06
123165,1,206,0,0,8,00,00,00,00,00,00,00,00
123175,0,404,0,0,2,20,00
123175,0,300,0,0,8,03,A5,64,5A,64,00,64,FE
123175,0,301,0,0,3,1D,0E,00
123175,1,405,0,0,8,20,00,00,00,32,33,36,47
123185,1,403,0,0,8,64,00,00,00,40,E3,09,00
123205,0,404,0,0,2,21,00
123205,1,405,0,0,8,21,00,00,00,35,4C,41,31
123205,1,401,0,0,8,14,9E,00,00,04,09,00,00
123225,0,300,0,0,8,03,A5,64,5A,64,00,64,EF
123225,0,301,0,0,3,E8,0F,00
123225,1,400,0,0,8,01,00,2C,00,00,00,00,00
123225,1,201,0,0,5,00,00,00,00,63
123235,0,404,0,0,2,22,00
123235,1,405,0,0,8,22,00,00,00,30,30,34,52
123235,1,203,0,0,8,00,00,00,00,00,00,00,00
123265,1,206,0,0,8,00,00,00,00,00,00,00,00
123265,0,404,0,0,2,23,00
123265,1,405,0,0,8,23,00,00,00,4D,30,30,30
123275,0,300,0,0,8,03,A5,64,5A,64,00,64,70
123275,0,301,0,0,3,E2,00,00
123305,0,404,0,0,2,24,00
123305,1,405,0,0,8,24,00,00,00,30,30,30,30
123305,1,401,0,0,8,14,9E,00,00,04,09,00,00
123325,0,300,0,0,8,03,A5,64,5A,64,00,64,61
123325,0,301,0,0,3,B3,01,00
123325,1,400,0,0,8,01,00,2C,00,00,00,00,00
123325,1,201,0,0,5,00,00,00,00,63
123335,0,404,0,0,2,25,00
123335,1,405,0,0,8,25,00,00,00,30,30,30,30
123335,1,203,0,0,8,00,00,00,00,00,00,00,00
123365,0,404,0,0,2,26,00
123365,1,405,0,0,8,26,00,00,00,30,30,30,30
123365,1,206,0,0,8,00,00,00,00,00,00,00,00
123375,0,300,0,0,8,03,A5,64,5A,64,00,64,72
123375,0,301,0,0,3,6B,02,00
123395,0,404,0,0,2,27,00
123395,1,405,0,0,6,27,00,00,00,30,30
123405,1,401,0,0,8,14,9E,00,00,04,09,00,00
123425,0,404,0,0,2,4C,00
123425,0,300,0,0,8,03,A5,64,5A,64,00,64,63
123425,0,301,0,0,3,96,03,00
123425,1,405,0,0,8,4C,00,00,00,00,24,00,00
123425,1,400,0,0,8,01,00,2C,00,00,00,00,00
123425,1,201,0,0,5,00,00,00,00,63
123435,1,203,0,0,8,00,00,00,00,00,00,00,00
123465,0,404,0,0,2,46,00
123465,1,405,0,0,5,46,00,00,00,00
123465,1,206,0,0,8,00,00,00,00,00,00,00,00
123475,0,300,0,0,8,03,A5,64,5A,64,00,64,74
123475,0,301,0,0,3,03,04,00
123485,0,404,0,0,2,4D,00
123485,1,405,0,0,8,4D,00,00,00,00,00,00,00
123505,1,401,0,0,8,14,9E,00,00,04,09,00,00
123515,0,404,0,0,2,50,00
123515,1,405,0,0,8,50,00,00,00,81,00,80,00
123525,0,300,0,0,8,03,A5,64,5A,64,00,64,65
123525,0,301,0,0,3,54,05,00
123525,1,400,0,0,8,01,00,2C,00,00,00,00,00
123525,1,201,0,0,5,00,00,00,00,63
123535,1,203,0,0,8,00,00,00,00,00,00,00,00
123545,0,404,0,0,2,02,00
123545,1,405,0,0,8,02,00,00,00,53,49,43,54
123555,1,204,0,0,8,00,00,00,00,00,00,00,00
123565,1,206,0,0,8,00,00,00,00,00,00,00,00
123565,1,202,0,0,8,E2,11,00,00,0E,7C,05,00
123575,0,300,0,0,8,03,A5,64,5A,64,00,64,76
123575,0,301,0,0,3,F5,06,00
123575,1,666,0,0,8,52,08,05,00,52,95,36,02
123585,0,404,0,0,2,0A,00
123585,1,405,0,0,8,0A,00,00,00,30,3A,00,00
123585,1,665,0,0,8,00,00,00,53,4C,18,53,00
123595,1,200,0,0,8,58,00,B4,AA,08,00,02,00
123605,1,401,0,0,8,14,9E,00,00,04,09,00,00
123615,0,404,0,0,2,04,00
123615,1,405,0,0,7,04,00,00,00,16,09,02
123625,0,300,0,0,8,03,A5,64,5A,64,00,64,67
123625,0,301,0,0,3,B8,07,00
123625,1,400,0,0,8,01,00,2C,00,00,00,00,00
123625,1,201,0,0,5,00,00,00,00,63
123635,1,203,0,0,8,00,00,00,00,00,00,00,00
123645,0,404,0,0,2,B0,01
123645,1,405,0,0,6,B0,01,00,00,00,00
123665,1,206,0,0,8,00,00,00,00,00,00,00,00
123675,0,404,0,0,2,B1,01
123675,0,300,0,0,8,03,A5,64,5A,64,00,64,F8
123675,1,405,0,0,6,B1,01,00,00,00,00
123675,0,301,0,0,3,80,08,00
123685,1,402,0,0,8,58,00,00,00,14,AA,08,00
123705,1,401,0,0,8,10,9E,00,00,04,09,00,00
123725,0,300,0,0,8,03,A5,64,5A,64,00,64,E9
123725,0,301,0,0,3,88,09,00
123725,1,201,0,0,5,00,00,00,00,63
123725,1,400,0,0,8,01,00,2C,00,00,00,00,00
123735,1,203,0,0,8,00,00,00,00,00,00,00,00
123765,1,206,0,0,8,00,00,00,00,00,00,00,00
123775,0,300,0,0,8,03,A5,64,5A,64,00,64,FA
123775,0,301,0,0,3,C6,0A,00
123805,1,401,0,0,8,10,9E,00,00,04,09,00,00
123825,0,300,0,0,8,03,A5,64,5A,64,00,64,EB
123825,0,301,0,0,3,43,0B,00
123825,1,201,0,0,5,00,00,00,00,63
123825,1,400,0,0,8,01,00,2C,00,00,00,00,00
123835,1,203,0,0,8,00,00,00,00,00,00,00,00
123865,1,206,0,0,8,00,00,00,00,00,00,00,00
123875,0,300,0,0,8,03,A5,64,5A,64,00,64,FC
123875,0,301,0,0,3,B5,0C,00
123905,1,401,0,0,8,10,9E,00,00,04,09,00,00
123925,0,300,0,0,8,03,A5,64,5A,64,00,64,ED
123925,0,301,0,0,3,4E,0D,00
123925,1,201,0,0,5,00,00,00,00,63
123925,1,400,0,0,8,01,00,2C,00,00,00,00,00
123945,1,203,0,0,8,00,00,00,00,00,00,00,00
123965,1,206,0,0,8,00,00,00,00,00,00,00,00
123975,0,300,0,0,8,03,A5,64,5A,64,00,64,FE
123975,0,301,0,0,3,1D,0E,00
124005,1,401,0,0,8,14,9E,00,00,04,09,00,00
124025,0,300,0,0,8,03,A5,64,5A,64,00,64,EF
124025,0,301,0,0,3,E8,0F,00
124025,1,201,0,0,5,00,00,00,00,63
124025,1,400,0,0,8,01,00,2C,00,00,00,00,00
124045,1,203,0,0,8,00,00,00,00,00,00,00,00
124065,1,206,0,0,8,00,00,00,00,00,00,00,00
124075,0,300,0,0,8,03,A5,64,5A,64,00,64,70
124075,0,301,0,0,3,E2,00,00
124105,1,401,0,0,8,14,9E,00,00,03,09,00,00
124125,0,300,0,0,8,03,A5,64,5A,64,00,64,61
124125,0,301,0,0,3,B3,01,00
124125,1,201,0,0,5,00,00,00,00,63
124125,1,400,0,0,8,01,00,2C,00,00,00,00,00
124145,1,203,0,0,8,00,00,00,00,00,00,00,00
124165,1,206,0,0,8,00,00,00,00,00,00,00,00
124175,0,300,0,0,8,03,A5,64,5A,64,00,64,72
124175,0,301,0,0,3,6B,02,00
124185,1,403,0,0,8,64,00,00,00,40,E3,09,00
124205,1,401,0,0,8,10,9E,00,00,03,09,00,00
124225,0,300,0,0,8,03,A5,64,5A,64,00,64,63
124225,0,301,0,0,3,96,03,00
124225,1,201,0,0,5,00,00,00,00,63
124225,1,400,0,0,8,01,00,2C,00,00,00,00,00
124245,1,203,0,0,8,00,00,00,00,00,00,00,00
124265,1,206,0,0,8,00,00,00,00,00,00,00,00
124275,0,300,0,0,8,03,A5,64,5A,64,00,64,74
124275,0,301,0,0,3,03,04,00
124305,1,401,0,0,8,10,9E,00,00,03,09,00,00
124325,0,300,0,0,8,03,A5,64,5A,64,00,64,65
124325,0,301,0,0,3,54,05,00
124325,1,201,0,0,5,00,00,00,00,63
124325,1,400,0,0,8,01,00,2C,00,00,00,00,00
124345,1,203,0,0,8,00,00,00,00,00,00,00,00
124365,1,206,0,0,8,00,00,00,00,00,00,00,00
124375,0,300,0,0,8,03,A5,64,5A,64,00,64,76
124375,0,301,0,0,3,F5,06,00
124405,1,401,0,0,8,10,9E,00,00,03,09,00,00
124425,0,300,0,0,8,03,A5,64,5A,64,00,64,67
124425,0,301,0,0,3,B8,07,00
124425,1,201,0,0,5,00,00,00,00,63
124425,1,400,0,0,8,01,00,2C,00,00,00,00,00
124445,1,203,0,0,8,00,00,00,00,00,00,00,00
124465,1,206,0,0,8,00,00,00,00,00,00,00,00
124475,0,300,0,0,8,03,A5,64,5A,64,00,64,F8
124475,0,301,0,0,3,80,08,00
124505,1,401,0,0,8,10,9E,00,00,03,09,00,00
124525,0,300,0,0,8,03,A5,64,5A,64,00,64,E9
124525,0,301,0,0,3,88,09,00
124525,1,201,0,0,5,00,00,00,00,63
124535,1,400,0,0,8,01,00,2C,00,00,00,00,00
124545,1,203,0,0,8,00,00,00,00,00,00,00,00
124555,1,204,0,0,8,00,00,00,00,00,00,00,00
124565,1,206,0,0,8,00,00,00,00,00,00,00,00
124565,1,202,0,0,8,E2,12,00,00,0E,7C,05,00
124575,0,300,0,0,8,03,A5,64,5A,64,00,64,FA
124575,0,301,0,0,3,C6,0A,00
124615,1,401,0,0,8,10,9E,00,00,01,09,00,00
124625,0,300,0,0,8,03,A5,64,5A,64,00,64,EB
124625,0,301,0,0,3,43,0B,00
124625,1,201,0,0,5,00,00,00,00,63
124635,1,400,0,0,8,01,00,2C,00,00,00,00,00
124645,1,203,0,0,8,00,00,00,00,00,00,00,00
124665,1,206,0,0,8,00,00,00,00,00,00,00,00
124675,0,300,0,0,8,03,A5,64,5A,64,00,64,FC
124675,0,301,0,0,3,B5,0C,00
124695,1,402,0,0,8,58,00,00,00,14,AA,08,00
124715,1,401,0,0,8,10,9E,00,00,01,09,00,00
124725,0,300,0,0,8,03,A5,64,5A,64,00,64,ED
124725,0,301,0,0,3,4E,0D,00
124725,1,201,0,0,5,00,00,00,00,63
124735,1,400,0,0,8,01,00,2C,00,00,00,00,00
124745,1,203,0,0,8,00,00,00,00,00,00,00,00
124765,1,206,0,0,8,00,00,00,00,00,00,00,00
124775,0,300,0,0,8,03,A5,64,5A,64,00,64,FE
124775,0,301,0,0,3,1D,0E,00
124815,1,401,0,0,8,10,9E,00,00,01,09,00,00
124825,0,300,0,0,8,03,A5,64,5A,64,00,64,EF
124825,0,301,0,0,3,E8,0F,00
124825,1,201,0,0,5,00,00,00,00,63
124835,1,400,0,0,8,01,00,2C,00,00,00,00,00
124845,1,203,0,0,8,00,00,00,00,00,00,00,00
124865,1,206,0,0,8,00,00,00,00,00,00,00,00
124875,0,300,0,0,8,03,A5,64,5A,64,00,64,70
124875,0,301,0,0,3,E2,00,00
124915,1,401,0,0,8,10,9E,00,00,00,09,00,00
124925,0,300,0,0,8,03,A5,64,5A,64,00,64,61
124925,0,301,0,0,3,B3,01,00
124925,1,201,0,0,5,00,00,00,00,63
124935,1,400,0,0,8,01,00,2C,00,00,00,00,00
124945,1,203,0,0,8,00,00,00,00,00,00,00,00
124965,1,206,0,0,8,00,00,00,00,00,00,00,00
124975,0,300,0,0,8,03,A5,64,5A,64,00,64,72
124975,0,301,0,0,3,6B,02,00
125015,1,401,0,0,8,0E,9E,00,00,00,09,00,00
125025,0,300,0,0,8,03,A5,64,5A,64,00,64,63
125025,0,301,0,0,3,96,03,00
125025,1,201,0,0,5,00,00,00,00,63
125035,1,400,0,0,8,01,00,2C,00,00,00,00,00
125045,1,203,0,0,8,00,00,00,00,00,00,00,00
125065,1,206,0,0,8,00,00,00,00,00,00,00,00
125075,0,300,0,0,8,03,A5,64,5A,64,00,64,74
125075,0,301,0,0,3,03,04,00
125115,1,401,0,0,8,0E,9E,00,00,01,09,00,00
125125,0,300,0,0,8,03,A5,64,5A,64,00,64,65
125125,0,301,0,0,3,54,05,00
125125,1,201,0,0,5,00,00,00,00,63
125135,1,400,0,0,8,01,00,2C,00,00,00,00,00
125145,1,203,0,0,8,00,00,00,00,00,00,00,00
125165,1,206,0,0,8,00,00,00,00,00,00,00,00
125175,0,300,0,0,8,03,A5,64,5A,64,00,64,76
125175,0,301,0,0,3,F5,06,00
125195,1,403,0,0,8,64,00,00,00,40,E3,09,00
125215,1,401,0,0,8,10,9E,00,00,01,09,00,00
125225,0,300,0,0,8,03,A5,64,5A,64,00,64,67
125225,0,301,0,0,3,B8,07,00
125225,1,201,0,0,5,00,00,00,00,63
125235,1,400,0,0,8,01,00,2C,00,00,00,00,00
125245,1,203,0,0,8,00,00,00,00,00,00,00,00
125265,1,206,0,0,8,00,00,00,00,00,00,00,00
125275,0,300,0,0,8,03,A5,64,5A,64,00,64,F8
125275,0,301,0,0,3,80,08,00
125315,1,401,0,0,8,10,9E,00,00,01,09,00,00
125325,0,300,0,0,8,03,A5,64,5A,64,00,64,E9
125325,0,301,0,0,3,88,09,00
125325,1,201,0,0,5,00,00,00,00,63
125335,1,400,0,0,8,01,00,2C,00,00,00,00,00
125345,1,203,0,0,8,00,00,00,00,00,00,00,00
125365,1,206,0,0,8,00,00,00,00,00,00,00,00
125375,0,300,0,0,8,03,A5,64,5A,64,00,64,FA
125375,0,301,0,0,3,C6,0A,00
125415,1,401,0,0,8,10,9E,00,00,02,09,00,00
125425,0,300,0,0,8,03,A5,64,5A,64,00,64,EB
125425,0,301,0,0,3,43,0B,00
125425,1,201,0,0,5,00,00,00,00,63
125435,1,400,0,0,8,01,00,2C,00,00,00,00,00
125445,1,203,0,0,8,00,00,00,00,00,00,00,00
125465,1,206,0,0,8,00,00,00,00,00,00,00,00
125475,0,300,0,0,8,03,A5,64,5A,64,00,64,FC
125475,0,301,0,0,3,B5,0C,00
125515,1,401,0,0,8,0E,9E,00,00,02,09,00,00
125525,0,300,0,0,8,03,A5,64,5A,64,00,64,ED
125525,0,301,0,0,3,4E,0D,00
125525,1,201,0,0,5,00,00,00,00,63
125535,1,400,0,0,8,01,00,2C,00,00,00,00,00
125545,1,203,0,0,8,00,00,00,00,00,00,00,00
125555,1,204,0,0,8,00,00,00,00,00,00,00,00
125565,1,206,0,0,8,00,00,00,00,00,00,00,00
125565,1,202,0,0,8,E2,10,00,00,0E,7C,05,00
125575,0,300,0,0,8,03,A5,64,5A,64,00,64,FE
125575,0,301,0,0,3,1D,0E,00
125615,1,401,0,0,8,0E,9E,00,00,01,09,00,00
125625,0,300,0,0,8,03,A5,64,5A,64,00,64,EF
125625,0,301,0,0,3,E8,0F,00
125625,1,201,0,0,5,00,00,00,00,63
125635,1,400,0,0,8,01,00,2C,00,00,00,00,00
125645,1,203,0,0,8,00,00,00,00,00,00,00,00
125665,1,206,0,0,8,00,00,00,00,00,00,00,00
125675,0,300,0,0,8,03,A5,64,5A,64,00,64,70
125675,0,301,0,0,3,E2,00,00
125695,1,402,0,0,8,58,00,00,00,F0,A9,08,00
125715,1,401,0,0,8,0C,9E,00,00,01,09,00,00
125725,0,300,0,0,8,03,A5,64,5A,64,00,64,61
125725,0,301,0,0,3,B3,01,00
125725,1,201,0,0,5,00,00,00,00,63
125735,1,400,0,0,8,01,00,2C,00,00,00,00,00
125745,1,203,0,0,8,00,00,00,00,00,00,00,00
125765,1,206,0,0,8,00,00,00,00,00,00,00,00
125775,0,300,0,0,8,03,A5,64,5A,64,00,64,72
125775,0,301,0,0,3,6B,02,00
125815,1,401,0,0,8,0C,9E,00,00,01,09,00,00
125825,0,300,0,0,8,03,A5,64,5A,64,00,64,63
125825,0,301,0,0,3,96,03,00
125825,1,201,0,0,5,00,00,00,00,63
125835,1,400,0,0,8,01,00,2C,00,00,00,00,00
125845,1,203,0,0,8,00,00,00,00,00,00,00,00
125865,1,206,0,0,8,00,00,00,00,00,00,00,00
125875,0,300,0,0,8,03,A5,64,5A,64,00,64,74
125875,0,301,0,0,3,03,04,00
125915,1,401,0,0,8,0C,9E,00,00,FF,08,00,00
125925,0,300,0,0,8,03,A5,64,5A,64,00,64,65
125925,0,301,0,0,3,54,05,00
125925,1,201,0,0,5,00,00,00,00,63
125935,1,400,0,0,8,01,00,2C,00,00,00,00,00
125945,1,203,0,0,8,00,00,00,00,00,00,00,00
125965,1,206,0,0,8,00,00,00,00,00,00,00,00
125975,0,300,0,0,8,03,A5,64,5A,64,00,64,76
125975,0,301,0,0,3,F5,06,00
126015,1,401,0,0,8,0C,9E,00,00,FF,08,00,00
126025,0,300,0,0,8,03,A5,64,5A,64,00,64,67
126025,0,301,0,0,3,B8,07,00
126025,1,201,0,0,5,00,00,00,00,63
126035,1,400,0,0,8,01,00,2C,00,00,00,00,00
126045,1,203,0,0,8,00,00,00,00,00,00,00,00
126065,1,206,0,0,8,00,00,00,00,00,00,00,00
126075,0,300,0,0,8,03,A5,64,5A,64,00,64,F8
126075,0,301,0,0,3,80,08,00
126115,1,401,0,0,8,0C,9E,00,00,01,09,00,00
126125,0,300,0,0,8,03,A5,64,5A,64,00,64,E9
126125,0,301,0,0,3,88,09,00
126125,1,201,0,0,5,00,00,00,00,63
126135,1,400,0,0,8,01,00,2C,00,00,00,00,00
126145,1,203,0,0,8,00,00,00,00,00,00,00,00
126165,1,206,0,0,8,00,00,00,00,00,00,00,00
126175,0,300,0,0,8,03,A5,64,5A,64,00,64,FA
126175,0,301,0,0,3,C6,0A,00
126195,1,403,0,0,8,64,00,00,00,40,E3,09,00
126215,1,401,0,0,8,0C,9E,00,00,01,09,00,00
126225,0,300,0,0,8,03,A5,64,5A,64,00,64,EB
126225,0,301,0,0,3,43,0B,00
126225,1,201,0,0,5,00,00,00,00,63
126235,1,400,0,0,8,01,00,2C,00,00,00,00,00
126245,1,203,0,0,8,00,00,00,00,00,00,00,00
126265,1,206,0,0,8,00,00,00,00,00,00,00,00
126275,0,300,0,0,8,03,A5,64,5A,64,00,64,FC
126275,0,301,0,0,3,B5,0C,00
126315,1,401,0,0,8,0C,9E,00,00,01,09,00,00
126325,0,300,0,0,8,03,A5,64,5A,64,00,64,ED
126325,0,301,0,0,3,4E,0D,00
126325,1,201,0,0,5,00,00,00,00,63
126335,1,400,0,0,8,01,00,2C,00,00,00,00,00
126345,1,203,0,0,8,00,00,00,00,00,00,00,00
126365,1,206,0,0,8,00,00,00,00,00,00,00,00
126375,0,300,0,0,8,03,A5,64,5A,64,00,64,FE
126375,0,301,0,0,3,1D,0E,00
126415,1,401,0,0,8,0C,9E,00,00,01,09,00,00
126425,0,300,0,0,8,03,A5,64,5A,64,00,64,EF
126425,0,301,0,0,3,E8,0F,00
126425,1,201,0,0,5,00,00,00,00,63
126435,1,400,0,0,8,01,00,2C,00,00,00,00,00
126445,1,203,0,0,8,00,00,00,00,00,00,00,00
126465,1,206,0,0,8,00,00,00,00,00,00,00,00
126475,0,300,0,0,8,03,A5,64,5A,64,00,64,70
126475,0,301,0,0,3,E2,00,00
126515,1,401,0,0,8,0C,9E,00,00,01,09,00,00
126525,0,300,0,0,8,03,A5,64,5A,64,00,64,61
126525,0,301,0,0,3,B3,01,00
126525,1,201,0,0,5,00,00,00,00,63
126535,1,400,0,0,8,01,00,2C,00,00,00,00,00
126545,1,203,0,0,8,00,00,00,00,00,00,00,00
126555,1,204,0,0,8,00,00,00,00,00,00,00,00
126565,1,206,0,0,8,00,00,00,00,00,00,00,00
126565,1,202,0,0,8,E2,12,00,00,0E,7C,05,00
126575,0,300,0,0,8,03,A5,64,5A,64,00,64,72
126575,0,301,0,0,3,6B,02,00
126575,1,666,0,0,8,52,08,05,00,52,95,36,02
126585,1,665,0,0,8,00,00,00,53,4C,18,53,00
126605,1,200,0,0,8,58,00,A4,AA,08,00,00,00
126615,1,401,0,0,8,0C,9E,00,00,FF,08,00,00
126625,0,300,0,0,8,03,A5,64,5A,64,00,64,63
126625,0,301,0,0,3,96,03,00
126625,1,201,0,0,5,00,00,00,00,63
126635,1,400,0,0,8,01,00,2C,00,00,00,00,00
126645,1,203,0,0,8,00,00,00,00,00,00,00,00
126665,1,206,0,0,8,00,00,00,00,00,00,00,00
126675,0,300,0,0,8,03,A5,64,5A,64,00,64,74
126675,0,301,0,0,3,03,04,00
126695,1,402,0,0,8,58,00,00,00,F0,A9,08,00
126715,1,401,0,0,8,08,9E,00,00,FF,08,00,00
126725,0,300,0,0,8,03,A5,64,5A,64,00,64,65
126725,0,301,0,0,3,54,05,00
126725,1,201,0,0,5,00,00,00,00,63
126735,1,400,0,0,8,01,00,2C,00,00,00,00,00
126745,1,203,0,0,8,00,00,00,00,00,00,00,00
126765,1,206,0,0,8,00,00,00,00,00,00,00,00
126775,0,300,0,0,8,03,A5,64,5A,64,00,64,76
126775,0,301,0,0,3,F5,06,00
126815,1,401,0,0,8,08,9E,00,00,FF,08,00,00
126825,0,300,0,0,8,03,A5,64,5A,64,00,64,67
126825,0,301,0,0,3,B8,07,00
126825,1,201,0,0,5,00,00,00,00,63
126835,1,400,0,0,8,01,00,2C,00,00,00,00,00
126845,1,203,0,0,8,00,00,00,00,00,00,00,00
126865,1,206,0,0,8,00,00,00,00,00,00,00,00
126875,0,300,0,0,8,03,A5,64,5A,64,00,64,F8
126875,0,301,0,0,3,80,08,00
126915,1,401,0,0,8,08,9E,00,00,00,09,00,00
126925,0,300,0,0,8,03,A5,64,5A,64,00,64,E9
126925,0,301,0,0,3,88,09,00
126925,1,201,0,0,5,00,00,00,00,63
126935,1,400,0,0,8,01,00,2C,00,00,00,00,00
126945,1,203,0,0,8,00,00,00,00,00,00,00,00
126965,1,206,0,0,8,00,00,00,00,00,00,00,00
126975,0,300,0,0,8,03,A5,64,5A,64,00,64,FA
126975,0,301,0,0,3,C6,0A,00
127015,1,401,0,0,8,08,9E,00,00,00,09,00,00
127025,0,300,0,0,8,03,A5,64,5A,64,00,64,EB
127025,0,301,0,0,3,43,0B,00
127025,1,201,0,0,5,00,00,00,00,63
127035,1,400,0,0,8,01,00,2C,00,00,00,00,00
127045,1,203,0,0,8,00,00,00,00,00,00,00,00
127065,1,206,0,0,8,00,00,00,00,00,00,00,00
127075,0,300,0,0,8,03,A5,64,5A,64,00,64,FC
127075,0,301,0,0,3,B5,0C,00
127115,1,401,0,0,8,08,9E,00,00,01,09,00,00
127125,0,300,0,0,8,03,A5,64,5A,64,00,64,ED
127125,0,301,0,0,3,4E,0D,00
127125,1,201,0,0,5,00,00,00,00,63
127135,1,400,0,0,8,01,00,2C,00,00,00,00,00
127145,1,203,0,0,8,00,00,00,00,00,00,00,00
127165,1,206,0,0,8,00,00,00,00,00,00,00,00
127175,0,300,0,0,8,03,A5,64,5A,64,00,64,FE
127175,0,301,0,0,3,1D,0E,00
127195,1,403,0,0,8,64,00,00,00,40,E3,09,00
127215,1,401,0,0,8,08,9E,00,00,01,09,00,00
127225,0,300,0,0,8,03,A5,64,5A,64,00,64,EF
127225,0,301,0,0,3,E8,0F,00
127225,1,201,0,0,5,00,00,00,00,63
127235,1,400,0,0,8,01,00,2C,00,00,00,00,00
127245,1,203,0,0,8,00,00,00,00,00,00,00,00
127265,1,206,0,0,8,00,00,00,00,00,00,00,00
127275,0,300,0,0,8,03,A5,64,5A,64,00,64,70
127275,0,301,0,0,3,E2,00,00
127315,1,401,0,0,8,08,9E,00,00,01,09,00,00
127325,0,300,0,0,8,03,A5,64,5A,64,00,64,61
127325,0,301,0,0,3,B3,01,00
127325,1,201,0,0,5,00,00,00,00,63
127335,1,400,0,0,8,01,00,2C,00,00,00,00,00
127345,1,203,0,0,8,00,00,00,00,00,00,00,00
127365,1,206,0,0,8,00,00,00,00,00,00,00,00
127375,0,300,0,0,8,03,A5,64,5A,64,00,64,72
127375,0,301,0,0,3,6B,02,00
127415,1,401,0,0,8,08,9E,00,00,00,09,00,00
127425,0,300,0,0,8,03,A5,64,5A,64,00,64,63
127425,0,301,0,0,3,96,03,00
127425,1,201,0,0,5,00,00,00,00,63
127435,1,400,0,0,8,01,00,2C,00,00,00,00,00
127445,1,203,0,0,8,00,00,00,00,00,00,00,00
127465,1,206,0,0,8,00,00,00,00,00,00,00,00
127475,0,300,0,0,8,03,A5,64,5A,64,00,64,74
127475,0,301,0,0,3,03,04,00
127515,1,401,0,0,8,08,9E,00,00,00,09,00,00
127525,0,300,0,0,8,03,A5,64,5A,64,00,64,65
127525,0,301,0,0,3,54,05,00
127525,1,201,0,0,5,00,00,00,00,63
127535,1,400,0,0,8,01,00,2C,00,00,00,00,00
127545,1,203,0,0,8,00,00,00,00,00,00,00,00
127555,1,204,0,0,8,00,00,00,00,00,00,00,00
127565,1,206,0,0,8,00,00,00,00,00,00,00,00
127565,1,202,0,0,8,E2,12,00,00,0E,7C,05,00
127575,0,300,0,0,8,03,A5,64,5A,64,00,64,76
127575,0,301,0,0,3,F5,06,00
127615,1,401,0,0,8,08,9E,00,00,00,09,00,00
127625,0,300,0,0,8,03,A5,64,5A,64,00,64,67
127625,0,301,0,0,3,B8,07,00
127625,1,201,0,0,5,00,00,00,00,63
127635,1,400,0,0,8,01,00,2C,00,00,00,00,00
127645,1,203,0,0,8,00,00,00,00,00,00,00,00
127665,1,206,0,0,8,00,00,00,00,00,00,00,00
127675,0,300,0,0,8,03,A5,64,5A,64,00,64,F8
127675,0,301,0,0,3,80,08,00
127695,1,402,0,0,8,58,00,00,00,CC,A9,08,00
127715,1,401,0,0,8,06,9E,00,00,00,09,00,00
127725,0,300,0,0,8,03,A5,64,5A,64,00,64,E9
127725,0,301,0,0,3,88,09,00
127725,1,201,0,0,5,00,00,00,00,63
127735,1,400,0,0,8,01,00,2C,00,00,00,00,00
127745,1,203,0,0,8,00,00,00,00,00,00,00,00
127765,1,206,0,0,8,00,00,00,00,00,00,00,00
127775,0,300,0,0,8,03,A5,64,5A,64,00,64,FA
127775,0,301,0,0,3,C6,0A,00
127815,1,401,0,0,8,06,9E,00,00,00,09,00,00
127825,0,300,0,0,8,03,A5,64,5A,64,00,64,EB
127825,0,301,0,0,3,43,0B,00
127825,1,201,0,0,5,00,00,00,00,63
127835,1,400,0,0,8,01,00,2C,00,00,00,00,00
127845,1,203,0,0,8,00,00,00,00,00,00,00,00
127865,1,206,0,0,8,00,00,00,00,00,00,00,00
127875,0,300,0,0,8,03,A5,64,5A,64,00,64,FC
127875,0,301,0,0,3,B5,0C,00
127915,1,401,0,0,8,06,9E,00,00,02,09,00,00
127925,0,300,0,0,8,03,A5,64,5A,64,00,64,ED
127925,0,301,0,0,3,4E,0D,00
127925,1,201,0,0,5,00,00,00,00,63
127935,1,400,0,0,8,01,00,2C,00,00,00,00,00
127945,1,203,0,0,8,00,00,00,00,00,00,00,00
127965,1,206,0,0,8,00,00,00,00,00,00,00,00
127975,0,300,0,0,8,03,A5,64,5A,64,00,64,FE
127975,0,301,0,0,3,1D,0E,00
128015,1,401,0,0,8,06,9E,00,00,02,09,00,00
128025,0,300,0,0,8,03,A5,64,5A,64,00,64,EF
128025,0,301,0,0,3,E8,0F,00
128025,1,201,0,0,5,00,00,00,00,63
128035,1,400,0,0,8,01,00,2C,00,00,00,00,00
128045,1,203,0,0,8,00,00,00,00,00,00,00,00
128065,1,206,0,0,8,00,00,00,00,00,00,00,00
128075,0,300,0,0,8,03,A5,64,5A,64,00,64,70
128075,0,301,0,0,3,E2,00,00
128115,1,401,0,0,8,06,9E,00,00,02,09,00,00
128125,0,300,0,0,8,03,A5,64,5A,64,00,64,61
128125,0,301,0,0,3,B3,01,00
128125,1,201,0,0,5,00,00,00,00,63
128135,1,400,0,0,8,01,00,2C,00,00,00,00,00
128145,1,203,0,0,8,00,00,00,00,00,00,00,00
128165,1,206,0,0,8,00,00,00,00,00,00,00,00
128175,0,300,0,0,8,03,A5,64,5A,64,00,64,72
128175,0,301,0,0,3,6B,02,00
128195,1,403,0,0,8,64,00,00,00,40,E3,09,00
128215,1,401,0,0,8,06,9E,00,00,02,09,00,00
128225,0,300,0,0,8,03,A5,64,5A,64,00,64,63
128225,0,301,0,0,3,96,03,00
128225,1,201,0,0,5,00,00,00,00,63
128235,1,400,0,0,8,01,00,2C,00,00,00,00,00
128245,1,203,0,0,8,00,00,00,00,00,00,00,00
128265,1,206,0,0,8,00,00,00,00,00,00,00,00
128275,0,300,0,0,8,03,A5,64,5A,64,00,64,74
128275,0,301,0,0,3,03,04,00
128315,1,401,0,0,8,06,9E,00,00,02,09,00,00
128325,0,300,0,0,8,03,A5,64,5A,64,00,64,65
128325,0,301,0,0,3,54,05,00
128325,1,201,0,0,5,00,00,00,00,63
128335,1,400,0,0,8,01,00,2C,00,00,00,00,00
128345,1,203,0,0,8,00,00,00,00,00,00,00,00
128365,1,206,0,0,8,00,00,00,00,00,00,00,00
128375,0,300,0,0,8,03,A5,64,5A,64,00,64,76
128375,0,301,0,0,3,F5,06,00
128415,1,401,0,0,8,06,9E,00,00,01,09,00,00
128425,0,300,0,0,8,03,A5,64,5A,64,00,64,67
128425,0,301,0,0,3,B8,07,00
128425,1,201,0,0,5,00,00,00,00,63
128435,1,400,0,0,8,01,00,2C,00,00,00,00,00
128445,1,203,0,0,8,00,00,00,00,00,00,00,00
128465,1,206,0,0,8,00,00,00,00,00,00,00,00
128475,0,300,0,0,8,03,A5,64,5A,64,00,64,F8
128475,0,301,0,0,3,80,08,00
128515,1,401,0,0,8,06,9E,00,00,01,09,00,00
128525,0,300,0,0,8,03,A5,64,5A,64,00,64,E9
128525,0,301,0,0,3,88,09,00
128525,1,201,0,0,5,00,00,00,00,63
128535,1,400,0,0,8,01,00,2C,00,00,00,00,00
128545,1,203,0,0,8,00,00,00,00,00,00,00,00
128555,1,204,0,0,8,00,00,00,00,00,00,00,00
128565,1,206,0,0,8,00,00,00,00,00,00,00,00
128565,1,202,0,0,8,E2,11,00,00,0E,7C,05,00
128575,0,300,0,0,8,03,A5,64,5A,64,00,64,FA
128575,0,301,0,0,3,C6,0A,00
128615,1,401,0,0,8,06,9E,00,00,00,09,00,00
128625,0,300,0,0,8,03,A5,64,5A,64,00,64,EB
128625,0,301,0,0,3,43,0B,00
128625,1,201,0,0,5,00,00,00,00,63
128635,1,400,0,0,8,01,00,2C,00,00,00,00,00
128645,1,203,0,0,8,00,00,00,00,00,00,00,00
128665,1,206,0,0,8,00,00,00,00,00,00,00,00
128675,0,300,0,0,8,03,A5,64,5A,64,00,64,FC
128675,0,301,0,0,3,B5,0C,00
128695,1,402,0,0,8,58,00,00,00,A8,A9,08,00
128715,1,401,0,0,8,06,9E,00,00,00,09,00,00
128725,0,300,0,0,8,03,A5,64,5A,64,00,64,ED
128725,0,301,0,0,3,4E,0D,00
128725,1,201,0,0,5,00,00,00,00,63
128735,1,400,0,0,8,01,00,2C,00,00,00,00,00
128745,1,203,0,0,8,00,00,00,00,00,00,00,00
128765,1,206,0,0,8,00,00,00,00,00,00,00,00
128775,0,300,0,0,8,03,A5,64,5A,64,00,64,FE
128775,0,301,0,0,3,1D,0E,00
128815,1,401,0,0,8,06,9E,00,00,00,09,00,00
128825,0,300,0,0,8,03,A5,64,5A,64,00,64,EF
128825,0,301,0,0,3,E8,0F,00
128825,1,201,0,0,5,00,00,00,00,63
128835,1,400,0,0,8,01,00,2C,00,00,00,00,00
128845,1,203,0,0,8,00,00,00,00,00,00,00,00
128865,1,206,0,0,8,00,00,00,00,00,00,00,00
128875,0,300,0,0,8,03,A5,64,5A,64,00,64,70
128875,0,301,0,0,3,E2,00,00
128925,1,401,0,0,8,06,9E,00,00,03,09,00,00
128925,0,300,0,0,8,03,A5,64,5A,64,00,64,61
128925,0,301,0,0,3,B3,01,00
128925,1,201,0,0,5,00,00,00,00,63
128945,1,400,0,0,8,01,00,2C,00,00,00,00,00
128945,1,203,0,0,8,00,00,00,00,00,00,00,00
128965,1,206,0,0,8,00,00,00,00,00,00,00,00
128975,0,300,0,0,8,03,A5,64,5A,64,00,64,72
128975,0,301,0,0,3,6B,02,00
129025,1,401,0,0,8,06,9E,00,00,03,09,00,00
129025,0,300,0,0,8,03,A5,64,5A,64,00,64,63
129025,0,301,0,0,3,96,03,00
129025,1,201,0,0,5,00,00,00,00,63
129045,1,400,0,0,8,01,00,2C,00,00,00,00,00
129045,1,203,0,0,8,00,00,00,00,00,00,00,00
129065,1,206,0,0,8,00,00,00,00,00,00,00,00
129075,0,300,0,0,8,03,A5,64,5A,64,00,64,74
129075,0,301,0,0,3,03,04,00
129125,1,401,0,0,8,06,9E,00,00,04,09,00,00
129125,0,300,0,0,8,03,A5,64,5A,64,00,64,65
129125,0,301,0,0,3,54,05,00
129125,1,201,0,0,5,00,00,00,00,63
129145,1,400,0,0,8,01,00,2C,00,00,00,00,00
129145,1,203,0,0,8,00,00,00,00,00,00,00,00
129165,1,206,0,0,8,00,00,00,00,00,00,00,00
129175,0,300,0,0,8,03,A5,64,5A,64,00,64,76
129175,0,301,0,0,3,F5,06,00
129205,1,403,0,0,8,64,00,00,00,40,E3,09,00
129225,1,401,0,0,8,04,9E,00,00,04,09,00,00
129225,0,300,0,0,8,03,A5,64,5A,64,00,64,67
129225,0,301,0,0,3,B8,07,00
129235,1,201,0,0,5,00,00,00,00,63
129245,1,400,0,0,8,01,00,2C,00,00,00,00,00
129245,1,203,0,0,8,00,00,00,00,00,00,00,00
129265,1,206,0,0,8,00,00,00,00,00,00,00,00
129275,0,300,0,0,8,03,A5,64,5A,64,00,64,F8
129275,0,301,0,0,3,80,08,00
129325,1,401,0,0,8,04,9E,00,00,04,09,00,00
129325,0,300,0,0,8,03,A5,64,5A,64,00,64,E9
129325,0,301,0,0,3,88,09,00
129335,1,201,0,0,5,00,00,00,00,63
129345,1,400,0,0,8,01,00,2C,00,00,00,00,00
129345,1,203,0,0,8,00,00,00,00,00,00,00,00
129365,1,206,0,0,8,00,00,00,00,00,00,00,00
129375,0,300,0,0,8,03,A5,64,5A,64,00,64,FA
129375,0,301,0,0,3,C6,0A,00
129425,1,401,0,0,8,04,9E,00,00,03,09,00,00
129425,0,300,0,0,8,03,A5,64,5A,64,00,64,EB
129425,0,301,0,0,3,43,0B,00
129435,1,201,0,0,5,00,00,00,00,63
129445,1,400,0,0,8,01,00,2C,00,00,00,00,00
129445,1,203,0,0,8,00,00,00,00,00,00,00,00
129465,1,206,0,0,8,00,00,00,00,00,00,00,00
129475,0,300,0,0,8,03,A5,64,5A,64,00,64,FC
129475,0,301,0,0,3,B5,0C,00
129525,1,401,0,0,8,04,9E,00,00,03,09,00,00
129525,0,300,0,0,8,03,A5,64,5A,64,00,64,ED
129525,0,301,0,0,3,4E,0D,00
129535,1,201,0,0,5,00,00,00,00,63
129545,1,400,0,0,8,01,00,2C,00,00,00,00,00
129545,1,203,0,0,8,00,00,00,00,00,00,00,00
129555,1,204,0,0,8,00,00,00,00,00,00,00,00
129565,1,206,0,0,8,00,00,00,00,00,00,00,00
129565,1,202,0,0,8,E2,10,00,00,0E,7C,05,00
129575,0,300,0,0,8,03,A5,64,5A,64,00,64,FE
129575,0,301,0,0,3,1D,0E,00
129575,1,666,0,0,8,52,08,05,00,52,95,36,02
129595,1,665,0,0,8,00,00,00,53,4C,18,53,00
129605,1,200,0,0,8,58,00,8F,AA,08,00,01,00
129625,1,401,0,0,8,04,9E,00,00,02,09,00,00
129625,0,300,0,0,8,03,A5,64,5A,64,00,64,EF
129625,0,301,0,0,3,E8,0F,00
129635,1,201,0,0,5,00,00,00,00,63
129645,1,400,0,0,8,01,00,2C,00,00,00,00,00
129645,1,203,0,0,8,00,00,00,00,00,00,00,00
129665,1,206,0,0,8,00,00,00,00,00,00,00,00
129675,0,300,0,0,8,03,A5,64,5A,64,00,64,70
129675,0,301,0,0,3,E2,00,00
129705,1,402,0,0,8,58,00,00,00,A8,A9,08,00
129725,1,401,0,0,8,02,9E,00,00,02,09,00,00
129725,0,300,0,0,8,03,A5,64,5A,64,00,64,61
129725,0,301,0,0,3,B3,01,00
129735,1,201,0,0,5,00,00,00,00,63
129745,1,400,0,0,8,01,00,2C,00,00,00,00,00
129745,1,203,0,0,8,00,00,00,00,00,00,00,00
129765,1,206,0,0,8,00,00,00,00,00,00,00,00
129775,0,300,0,0,8,03,A5,64,5A,64,00,64,72
129775,0,301,0,0,3,6B,02,00
129825,1,401,0,0,8,02,9E,00,00,02,09,00,00
129825,0,300,0,0,8,03,A5,64,5A,64,00,64,63
129825,0,301,0,0,3,96,03,00
129835,1,201,0,0,5,00,00,00,00,63
129845,1,400,0,0,8,01,00,2C,00,00,00,00,00
129845,1,203,0,0,8,00,00,00,00,00,00,00,00
129865,1,206,0,0,8,00,00,00,00,00,00,00,00
129875,0,300,0,0,8,03,A5,64,5A,64,00,64,74
129875,0,301,0,0,3,03,04,00
129925,1,401,0,0,8,02,9E,00,00,02,09,00,00
129925,0,300,0,0,8,03,A5,64,5A,64,00,64,65
129925,0,301,0,0,3,54,05,00
129935,1,201,0,0,5,00,00,00,00,63
129945,1,400,0,0,8,01,00,2C,00,00,00,00,00
129945,1,203,0,0,8,00,00,00,00,00,00,00,00
129965,1,206,0,0,8,00,00,00,00,00,00,00,00
129975,0,300,0,0,8,03,A5,64,5A,64,00,64,76
129975,0,301,0,0,3,F5,06,00
130025,1,401,0,0,8,02,9E,00,00,02,09,00,00
130025,0,300,0,0,8,03,A5,64,5A,64,00,64,67
130025,0,301,0,0,3,B8,07,00
130035,1,201,0,0,5,00,00,00,00,63
130045,1,203,0,0,8,00,00,00,00,00,00,00,00
130045,1,400,0,0,8,01,00,2C,00,00,00,00,00
130065,1,206,0,0,8,00,00,00,00,00,00,00,00
130075,0,300,0,0,8,03,A5,64,5A,64,00,64,F8
130075,0,301,0,0,3,80,08,00
130125,1,401,0,0,8,02,9E,00,00,02,09,00,00
130125,0,300,0,0,8,03,A5,64,5A,64,00,64,E9
130125,0,301,0,0,3,88,09,00
130135,1,201,0,0,5,00,00,00,00,63
130145,1,203,0,0,8,00,00,00,00,00,00,00,00
130145,1,400,0,0,8,01,00,2C,00,00,00,00,00
130165,1,206,0,0,8,00,00,00,00,00,00,00,00
130175,0,300,0,0,8,03,A5,64,5A,64,00,64,FA
130175,0,301,0,0,3,C6,0A,00
130205,1,403,0,0,8,64,00,00,00,40,E3,09,00
130225,1,401,0,0,8,00,9E,00,00,02,09,00,00
130225,0,300,0,0,8,03,A5,64,5A,64,00,64,EB
130225,0,301,0,0,3,43,0B,00
130235,1,201,0,0,5,00,00,00,00,63
130245,1,203,0,0,8,00,00,00,00,00,00,00,00
130245,1,400,0,0,8,01,00,2C,00,00,00,00,00
130265,1,206,0,0,8,00,00,00,00,00,00,00,00
130275,0,300,0,0,8,03,A5,64,5A,64,00,64,FC
130275,0,301,0,0,3,B5,0C,00
130325,1,401,0,0,8,00,9E,00,00,02,09,00,00
130325,0,300,0,0,8,03,A5,64,5A,64,00,64,ED
130325,0,301,0,0,3,4E,0D,00
130335,1,201,0,0,5,00,00,00,00,63
130345,1,203,0,0,8,00,00,00,00,00,00,00,00
130345,1,400,0,0,8,01,00,2C,00,00,00,00,00
130365,1,206,0,0,8,00,00,00,00,00,00,00,00
130375,0,300,0,0,8,03,A5,64,5A,64,00,64,FE
130375,0,301,0,0,3,1D,0E,00
130425,1,401,0,0,8,00,9E,00,00,00,09,00,00
130425,0,300,0,0,8,03,A5,64,5A,64,00,64,EF
130425,0,301,0,0,3,E8,0F,00
130435,1,201,0,0,5,00,00,00,00,63
130445,1,203,0,0,8,00,00,00,00,00,00,00,00
130445,1,400,0,0,8,01,00,2C,00,00,00,00,00
130465,1,206,0,0,8,00,00,00,00,00,00,00,00
130475,0,300,0,0,8,03,A5,64,5A,64,00,64,70
130475,0,301,0,0,3,E2,00,00
130525,1,401,0,0,8,02,9E,00,00,00,09,00,00
130525,0,300,0,0,8,03,A5,64,5A,64,00,64,61
130525,0,301,0,0,3,B3,01,00
130535,1,201,0,0,5,00,00,00,00,63
130545,1,203,0,0,8,00,00,00,00,00,00,00,00
130545,1,400,0,0,8,01,00,2C,00,00,00,00,00
130555,1,204,0,0,8,00,00,00,00,00,00,00,00
130565,1,206,0,0,8,00,00,00,00,00,00,00,00
130565,1,202,0,0,8,E2,11,00,00,0E,7C,05,00
130575,0,300,0,0,8,03,A5,64,5A,64,00,64,72
130575,0,301,0,0,3,6B,02,00
130625,1,401,0,0,8,02,9E,00,00,FF,08,00,00
130625,0,300,0,0,8,03,A5,64,5A,64,00,64,63
130625,0,301,0,0,3,96,03,00
130635,1,201,0,0,5,00,00,00,00,63
130645,1,203,0,0,8,00,00,00,00,00,00,00,00
130645,1,400,0,0,8,01,00,2C,00,00,00,00,00
130665,1,206,0,0,8,00,00,00,00,00,00,00,00
130675,0,300,0,0,8,03,A5,64,5A,64,00,64,74
130675,0,301,0,0,3,03,04,00
130705,1,402,0,0,8,58,00,00,00,84,A9,08,00
130725,1,401,0,0,8,00,9E,00,00,FF,08,00,00
130725,0,300,0,0,8,03,A5,64,5A,64,00,64,65
130725,0,301,0,0,3,54,05,00
130735,1,201,0,0,5,00,00,00,00,63
130745,1,203,0,0,8,00,00,00,00,00,00,00,00
130745,1,400,0,0,8,01,00,2C,00,00,00,00,00
130765,1,206,0,0,8,00,00,00,00,00,00,00,00
130775,0,300,0,0,8,03,A5,64,5A,64,00,64,76
130775,0,301,0,0,3,F5,06,00
130825,1,401,0,0,8,00,9E,00,00,FF,08,00,00
130825,0,300,0,0,8,03,A5,64,5A,64,00,64,67
130825,0,301,0,0,3,B8,07,00
130835,1,201,0,0,5,00,00,00,00,63
130845,1,203,0,0,8,00,00,00,00,00,00,00,00
130845,1,400,0,0,8,01,00,2C,00,00,00,00,00
130865,1,206,0,0,8,00,00,00,00,00,00,00,00
130875,0,300,0,0,8,03,A5,64,5A,64,00,64,F8
130875,0,301,0,0,3,80,08,00
130925,0,300,0,0,8,03,A5,64,5A,64,00,64,E9
130925,1,401,0,0,8,00,9E,00,00,00,09,00,00
130925,0,301,0,0,3,88,09,00
130935,1,201,0,0,5,00,00,00,00,63
130945,1,203,0,0,8,00,00,00,00,00,00,00,00
130945,1,400,0,0,8,01,00,2C,00,00,00,00,00
130965,1,206,0,0,8,00,00,00,00,00,00,00,00
130975,0,300,0,0,8,03,A5,64,5A,64,00,64,FA
130975,0,301,0,0,3,C6,0A,00
131015,0,404,0,0,2,4A,00
131015,1,405,0,0,8,4A,00,00,00,06,00,00,00
131025,1,401,0,0,8,FE,9D,00,00,00,09,00,00
131025,0,300,0,0,8,03,A5,64,5A,64,00,64,EB
131025,0,301,0,0,3,43,0B,00
131035,1,201,0,0,5,00,00,00,00,63
131045,1,203,0,0,8,00,00,00,00,00,00,00,00
131045,1,400,0,0,8,01,00,2C,00,00,00,00,00
131045,0,404,0,0,2,02,30
131045,1,405,0,0,7,02,30,00,00,00,00,00
131065,1,206,0,0,8,00,00,00,00,00,00,00,00
131075,0,300,0,0,8,03,A5,64,5A,64,00,64,FC
131075,0,301,0,0,3,B5,0C,00
131085,0,404,0,0,2,44,00
131085,1,405,0,0,6,44,00,00,00,50,46
131115,0,404,0,0,2,01,00
131115,1,405,0,0,8,01,00,00,00,00,04,06,04
131125,0,300,0,0,8,03,A5,64,5A,64,00,64,ED
131125,0,301,0,0,3,4E,0D,00
131125,1,401,0,0,8,FE,9D,00,00,FF,08,00,00
131135,1,201,0,0,5,00,00,00,00,63
131145,0,404,0,0,2,A3,01
131145,1,203,0,0,8,00,00,00,00,00,00,00,00
131145,1,405,0,0,5,A3,01,00,00,06
131145,1,400,0,0,8,01,00,2C,00,00,00,00,00
131165,1,206,0,0,8,00,00,00,00,00,00,00,00
131175,0,404,0,0,2,20,00
131175,0,300,0,0,8,03,A5,64,5A,64,00,64,FE
131175,1,405,0,0,8,20,00,00,00,32,33,36,47
131175,0,301,0,0,3,1D,0E,00
131205,0,404,0,0,2,21,00
131205,1,403,0,0,8,64,00,00,00,40,E3,09,00
131205,1,405,0,0,8,21,00,00,00,35,4C,41,31
131225,0,300,0,0,8,03,A5,64,5A,64,00,64,EF
131225,0,301,0,0,3,E8,0F,00
131225,1,401,0,0,8,FE,9D,00,00,FF,08,00,00
131235,1,201,0,0,5,00,00,00,00,63
131235,0,404,0,0,2,22,00
131235,1,405,0,0,8,22,00,00,00,30,30,34,52
131245,1,203,0,0,8,00,00,00,00,00,00,00,00
131245,1,400,0,0,8,01,00,2C,00,00,00,00,00
131265,1,206,0,0,8,00,00,00,00,00,00,00,00
131275,0,404,0,0,2,23,00
131275,1,405,0,0,8,23,00,00,00,4D,30,30,30
131275,0,300,0,0,8,03,A5,64,5A,64,00,64,70
131275,0,301,0,0,3,E2,00,00
131295,0,404,0,0,2,24,00
131295,1,405,0,0,8,24,00,00,00,30,30,30,30
131325,0,300,0,0,8,03,A5,64,5A,64,00,64,61
131325,0,301,0,0,3,B3,01,00
131325,1,401,0,0,8,FE,9D,00,00,FF,08,00,00
131335,0,404,0,0,2,25,00
131335,1,405,0,0,8,25,00,00,00,30,30,30,30
131335,1,201,0,0,5,00,00,00,00,63
131345,1,203,0,0,8,00,00,00,00,00,00,00,00
131345,1,400,0,0,8,01,00,2C,00,00,00,00,00
131365,0,404,0,0,2,26,00
131365,1,405,0,0,8,26,00,00,00,30,30,30,30
131365,1,206,0,0,8,00,00,00,00,00,00,00,00
131375,0,300,0,0,8,03,A5,64,5A,64,00,64,72
131375,0,301,0,0,3,6B,02,00
131395,0,404,0,0,2,27,00
131395,1,405,0,0,6,27,00,00,00,30,30
131425,0,300,0,0,8,03,A5,64,5A,64,00,64,63
131425,0,301,0,0,3,96,03,00
131425,1,401,0,0,8,FE,9D,00,00,FF,08,00,00
131425,0,404,0,0,2,4C,00
131435,1,405,0,0,8,4C,00,00,00,00,24,00,00
131435,1,201,0,0,5,00,00,00,00,63
131445,1,203,0,0,8,00,00,00,00,00,00,00,00
131445,1,400,0,0,8,01,00,2C,00,00,00,00,00
131455,0,404,0,0,2,46,00
131455,1,405,0,0,5,46,00,00,00,00
131465,1,206,0,0,8,00,00,00,00,00,00,00,00
131475,0,300,0,0,8,03,A5,64,5A,64,00,64,74
131475,0,301,0,0,3,03,04,00
131485,0,404,0,0,2,4D,00
131485,1,405,0,0,8,4D,00,00,00,00,00,00,00
131515,0,404,0,0,2,50,00
131515,1,405,0,0,8,50,00,00,00,81,00,80,00
131525,0,300,0,0,8,03,A5,64,5A,64,00,64,65
131525,0,301,0,0,3,54,05,00
131525,1,401,0,0,8,FE,9D,00,00,FF,08,00,00
131535,1,201,0,0,5,00,00,00,00,63
131545,1,203,0,0,8,00,00,00,00,00,00,00,00
131545,1,400,0,0,8,01,00,2C,00,00,00,00,00
131545,0,404,0,0,2,02,00
131545,1,405,0,0,8,02,00,00,00,53,49,43,54
131555,1,204,0,0,8,00,00,00,00,00,00,00,00
131565,1,206,0,0,8,00,00,00,00,00,00,00,00
131565,1,202,0,0,8,E2,12,00,00,0E,7C,05,00
131575,0,300,0,0,8,03,A5,64,5A,64,00,64,76
131575,0,301,0,0,3,F5,06,00
131585,0,404,0,0,2,0A,00
131585,1,405,0,0,8,0A,00,00,00,30,3A,00,00
131615,0,404,0,0,2,04,00
131615,1,405,0,0,7,04,00,00,00,16,09,02
131625,0,300,0,0,8,03,A5,64,5A,64,00,64,67
131625,0,301,0,0,3,B8,07,00
131625,1,401,0,0,8,FE,9D,00,00,00,09,00,00
131635,1,201,0,0,5,00,00,00,00,63
131645,0,404,0,0,2,B0,01
131645,1,203,0,0,8,00,00,00,00,00,00,00,00
131645,1,405,0,0,6,B0,01,00,00,00,00
131645,1,400,0,0,8,01,00,2C,00,00,00,00,00
131665,1,206,0,0,8,00,00,00,00,00,00,00,00
131675,0,404,0,0,2,B1,01
131675,1,405,0,0,6,B1,01,00,00,00,00
131675,0,300,0,0,8,03,A5,64,5A,64,00,64,F8
131675,0,301,0,0,3,80,08,00
131705,1,402,0,0,8,58,00,00,00,60,A9,08,00
131725,0,300,0,0,8,03,A5,64,5A,64,00,64,E9
131725,0,301,0,0,3,88,09,00
131725,1,401,0,0,8,FC,9D,00,00,00,09,00,00
131735,1,201,0,0,5,00,00,00,00,63
131745,1,203,0,0,8,00,00,00,00,00,00,00,00
131745,1,400,0,0,8,01,00,2C,00,00,00,00,00
131765,1,206,0,0,8,00,00,00,00,00,00,00,00
131775,0,300,0,0,8,03,A5,64,5A,64,00,64,FA
131775,0,301,0,0,3,C6,0A,00
131825,0,300,0,0,8,03,A5,64,5A,64,00,64,EB
131825,0,301,0,0,3,43,0B,00
131825,1,401,0,0,8,FC,9D,00,00,00,09,00,00
131835,1,201,0,0,5,00,00,00,00,63
131845,1,203,0,0,8,00,00,00,00,00,00,00,00
131845,1,400,0,0,8,01,00,2C,00,00,00,00,00
131865,1,206,0,0,8,00,00,00,00,00,00,00,00
131875,0,300,0,0,8,03,A5,64,5A,64,00,64,FC
131875,0,301,0,0,3,B5,0C,00
131925,0,300,0,0,8,03,A5,64,5A,64,00,64,ED
131925,0,301,0,0,3,4E,0D,00
131925,1,401,0,0,8,FC,9D,00,00,FE,08,00,00
131935,1,201,0,0,5,00,00,00,00,63
131945,1,203,0,0,8,00,00,00,00,00,00,00,00
131945,1,400,0,0,8,01,00,2C,00,00,00,00,00
131965,1,206,0,0,8,00,00,00,00,00,00,00,00
131975,0,300,0,0,8,03,A5,64,5A,64,00,64,FE
131975,0,301,0,0,3,1D,0E,00
132025,0,300,0,0,8,03,A5,64,5A,64,00,64,EF
132025,0,301,0,0,3,E8,0F,00
132025,1,401,0,0,8,FC,9D,00,00,FE,08,00,00
132035,1,201,0,0,5,00,00,00,00,63
132045,1,203,0,0,8,00,00,00,00,00,00,00,00
132045,1,400,0,0,8,01,00,2C,00,00,00,00,00
132065,1,206,0,0,8,00,00,00,00,00,00,00,00
132075,0,300,0,0,8,03,A5,64,5A,64,00,64,70
132075,0,301,0,0,3,E2,00,00
132125,0,300,0,0,8,03,A5,64,5A,64,00,64,61
132125,0,301,0,0,3,B3,01,00
132125,1,401,0,0,8,FC,9D,00,00,FF,08,00,00
132135,1,201,0,0,5,00,00,00,00,63
132145,1,203,0,0,8,00,00,00,00,00,00,00,00
132145,1,400,0,0,8,01,00,2C,00,00,00,00,00
132165,1,206,0,0,8,00,00,00,00,00,00,00,00
132175,0,300,0,0,8,03,A5,64,5A,64,00,64,72
132175,0,301,0,0,3,6B,02,00
132205,1,403,0,0,8,64,00,00,00,40,E3,09,00
132225,0,300,0,0,8,03,A5,64,5A,64,00,64,63
132225,0,301,0,0,3,96,03,00
132225,1,401,0,0,8,FE,9D,00,00,FF,08,00,00
132235,1,201,0,0,5,00,00,00,00,63
132245,1,203,0,0,8,00,00,00,00,00,00,00,00
132245,1,400,0,0,8,01,00,2C,00,00,00,00,00
132265,1,206,0,0,8,00,00,00,00,00,00,00,00
132275,0,300,0,0,8,03,A5,64,5A,64,00,64,74
132275,0,301,0,0,3,03,04,00
132325,0,300,0,0,8,03,A5,64,5A,64,00,64,65
132325,0,301,0,0,3,54,05,00
132325,1,401,0,0,8,FE,9D,00,00,FF,08,00,00
132335,1,201,0,0,5,00,00,00,00,63
132345,1,203,0,0,8,00,00,00,00,00,00,00,00
132345,1,400,0,0,8,01,00,2C,00,00,00,00,00
132365,1,206,0,0,8,00,00,00,00,00,00,00,00
132375,0,300,0,0,8,03,A5,64,5A,64,00,64,76
132375,0,301,0,0,3,F5,06,00
132425,0,300,0,0,8,03,A5,64,5A,64,00,64,67
132425,0,301,0,0,3,B8,07,00
132425,1,401,0,0,8,FE,9D,00,00,FF,08,00,00
132435,1,201,0,0,5,00,00,00,00,63
132445,1,203,0,0,8,00,00,00,00,00,00,00,00
132445,1,400,0,0,8,01,00,2C,00,00,00,00,00
132465,1,206,0,0,8,00,00,00,00,00,00,00,00
132475,0,300,0,0,8,03,A5,64,5A,64,00,64,F8
132475,0,301,0,0,3,80,08,00
132525,0,300,0,0,8,03,A5,64,5A,64,00,64,E9
132525,0,301,0,0,3,88,09,00
132525,1,401,0,0,8,FC,9D,00,00,FF,08,00,00
132535,1,201,0,0,5,00,00,00,00,63
132545,1,203,0,0,8,00,00,00,00,00,00,00,00
132545,1,400,0,0,8,01,00,2C,00,00,00,00,00
132555,1,204,0,0,8,00,00,00,00,00,00,00,00
132565,1,206,0,0,8,00,00,00,00,00,00,00,00
132565,1,202,0,0,8,E2,12,00,00,0E,7C,05,00
132575,0,300,0,0,8,03,A5,64,5A,64,00,64,FA
132575,0,301,0,0,3,C6,0A,00
132575,1,666,0,0,8,52,08,05,00,52,95,36,02
132595,1,665,0,0,8,00,00,00,53,4C,18,53,00
132605,1,200,0,0,8,58,00,75,AA,08,00,02,00
132625,0,300,0,0,8,03,A5,64,5A,64,00,64,EB
132625,0,301,0,0,3,43,0B,00
132625,1,401,0,0,8,FC,9D,00,00,FE,08,00,00
132635,1,201,0,0,5,00,00,00,00,63
132645,1,203,0,0,8,00,00,00,00,00,00,00,00
132645,1,400,0,0,8,01,00,2C,00,00,00,00,00
132665,1,206,0,0,8,00,00,00,00,00,00,00,00
132675,0,300,0,0,8,03,A5,64,5A,64,00,64,FC
132675,0,301,0,0,3,B5,0C,00
132705,1,402,0,0,8,58,00,00,00,60,A9,08,00
132725,0,300,0,0,8,03,A5,64,5A,64,00,64,ED
132725,0,301,0,0,3,4E,0D,00
132725,1,401,0,0,8,FC,9D,00,00,FE,08,00,00
132735,1,201,0,0,5,00,00,00,00,63
132745,1,203,0,0,8,00,00,00,00,00,00,00,00
132745,1,400,0,0,8,01,00,2C,00,00,00,00,00
132765,1,206,0,0,8,00,00,00,00,00,00,00,00
132775,0,300,0,0,8,03,A5,64,5A,64,00,64,FE
132775,0,301,0,0,3,1D,0E,00
132825,0,300,0,0,8,03,A5,64,5A,64,00,64,EF
132825,0,301,0,0,3,E8,0F,00
132825,1,401,0,0,8,FC,9D,00,00,FE,08,00,00
132835,1,201,0,0,5,00,00,00,00,63
132845,1,203,0,0,8,00,00,00,00,00,00,00,00
132845,1,400,0,0,8,01,00,2C,00,00,00,00,00
132865,1,206,0,0,8,00,00,00,00,00,00,00,00
132875,0,300,0,0,8,03,A5,64,5A,64,00,64,70
132875,0,301,0,0,3,E2,00,00
132925,0,300,0,0,8,03,A5,64,5A,64,00,64,61
132925,0,301,0,0,3,B3,01,00
132925,1,401,0,0,8,FC,9D,00,00,FD,08,00,00
132935,1,201,0,0,5,00,00,00,00,63
132945,1,203,0,0,8,00,00,00,00,00,00,00,00
132945,1,400,0,0,8,01,00,2C,00,00,00,00,00
132965,1,206,0,0,8,00,00,00,00,00,00,00,00
132975,0,300,0,0,8,03,A5,64,5A,64,00,64,72
132975,0,301,0,0,3,6B,02,00
133025,0,300,0,0,8,03,A5,64,5A,64,00,64,63
133025,0,301,0,0,3,96,03,00
133025,1,401,0,0,8,FC,9D,00,00,FD,08,00,00
133035,1,201,0,0,5,00,00,00,00,63
133045,1,203,0,0,8,00,00,00,00,00,00,00,00
133045,1,400,0,0,8,01,00,2C,00,00,00,00,00
133065,1,206,0,0,8,00,00,00,00,00,00,00,00
133075,0,300,0,0,8,03,A5,64,5A,64,00,64,74
133075,0,301,0,0,3,03,04,00
133125,0,300,0,0,8,03,A5,64,5A,64,00,64,65
133125,0,301,0,0,3,54,05,00
133125,1,401,0,0,8,FC,9D,00,00,FD,08,00,00
133135,1,201,0,0,5,00,00,00,00,63
133145,1,203,0,0,8,00,00,00,00,00,00,00,00
133145,1,400,0,0,8,01,00,2C,00,00,00,00,00
133165,1,206,0,0,8,00,00,00,00,00,00,00,00
133175,0,300,0,0,8,03,A5,64,5A,64,00,64,76
133175,0,301,0,0,3,F5,06,00
133215,1,403,0,0,8,64,00,00,00,40,E3,09,00
133225,0,300,0,0,8,03,A5,64,5A,64,00,64,67
133225,0,301,0,0,3,B8,07,00
133235,1,401,0,0,8,F8,9D,00,00,FD,08,00,00
133235,1,201,0,0,5,00,00,00,00,63
133245,1,203,0,0,8,00,00,00,00,00,00,00,00
133255,1,400,0,0,8,01,00,2C,00,00,00,00,00
133265,1,206,0,0,8,00,00,00,00,00,00,00,00
133275,0,300,0,0,8,03,A5,64,5A,64,00,64,F8
133275,0,301,0,0,3,80,08,00
133325,0,300,0,0,8,03,A5,64,5A,64,00,64,E9
133325,0,301,0,0,3,88,09,00
133335,1,401,0,0,8,F8,9D,00,00,FD,08,00,00
133335,1,201,0,0,5,00,00,00,00,63
133345,1,203,0,0,8,00,00,00,00,00,00,00,00
133355,1,400,0,0,8,01,00,2C,00,00,00,00,00
133365,1,206,0,0,8,00,00,00,00,00,00,00,00
133375,0,300,0,0,8,03,A5,64,5A,64,00,64,FA
133375,0,301,0,0,3,C6,0A,00
133425,0,300,0,0,8,03,A5,64,5A,64,00,64,EB
133425,0,301,0,0,3,43,0B,00
133435,1,401,0,0,8,F8,9D,00,00,FE,08,00,00
133435,1,201,0,0,5,00,00,00,00,63
133445,1,203,0,0,8,00,00,00,00,00,00,00,00
133455,1,400,0,0,8,01,00,2C,00,00,00,00,00
133465,1,206,0,0,8,00,00,00,00,00,00,00,00
133475,0,300,0,0,8,03,A5,64,5A,64,00,64,FC
133475,0,301,0,0,3,B5,0C,00
133525,0,300,0,0,8,03,A5,64,5A,64,00,64,ED
133525,0,301,0,0,3,4E,0D,00
133535,1,401,0,0,8,F8,9D,00,00,FE,08,00,00
133535,1,201,0,0,5,00,00,00,00,63
133545,1,203,0,0,8,00,00,00,00,00,00,00,00
133555,1,400,0,0,8,01,00,2C,00,00,00,00,00
133555,1,204,0,0,8,00,00,00,00,00,00,00,00
133565,1,206,0,0,8,00,00,00,00,00,00,00,00
133565,1,202,0,0,8,E2,12,00,00,0E,7C,05,00
133575,0,300,0,0,8,03,A5,64,5A,64,00,64,FE
133575,0,301,0,0,3,1D,0E,00
133625,0,300,0,0,8,03,A5,64,5A,64,00,64,EF
133625,0,301,0,0,3,E8,0F,00
133635,1,401,0,0,8,F8,9D,00,00,FE,08,00,00
133635,1,201,0,0,5,00,00,00,00,63
133645,1,203,0,0,8,00,00,00,00,00,00,00,00
133655,1,400,0,0,8,01,00,2C,00,00,00,00,00
133665,1,206,0,0,8,00,00,00,00,00,00,00,00
133675,0,300,0,0,8,03,A5,64,5A,64,00,64,70
133675,0,301,0,0,3,E2,00,00
133715,1,402,0,0,8,58,00,00,00,3C,A9,08,00
133725,0,300,0,0,8,03,A5,64,5A,64,00,64,61
133725,0,301,0,0,3,B3,01,00
133735,1,401,0,0,8,F6,9D,00,00,FE,08,00,00
133735,1,201,0,0,5,00,00,00,00,63
133745,1,203,0,0,8,00,00,00,00,00,00,00,00
133755,1,400,0,0,8,01,00,2C,00,00,00,00,00
133765,1,206,0,0,8,00,00,00,00,00,00,00,00
133775,0,300,0,0,8,03,A5,64,5A,64,00,64,72
133775,0,301,0,0,3,6B,02,00
133825,0,300,0,0,8,03,A5,64,5A,64,00,64,63
133825,0,301,0,0,3,96,03,00
133835,1,401,0,0,8,F6,9D,00,00,FE,08,00,00
133835,1,201,0,0,5,00,00,00,00,63
133845,1,203,0,0,8,00,00,00,00,00,00,00,00
133855,1,400,0,0,8,01,00,2C,00,00,00,00,00
133865,1,206,0,0,8,00,00,00,00,00,00,00,00
133875,0,300,0,0,8,03,A5,64,5A,64,00,64,74
133875,0,301,0,0,3,03,04,00
133925,0,300,0,0,8,03,A5,64,5A,64,00,64,65
133925,0,301,0,0,3,54,05,00
133935,1,401,0,0,8,F6,9D,00,00,FF,08,00,00
133935,1,201,0,0,5,00,00,00,00,63
133945,1,203,0,0,8,00,00,00,00,00,00,00,00
133955,1,400,0,0,8,01,00,2C,00,00,00,00,00
133965,1,206,0,0,8,00,00,00,00,00,00,00,00
133975,0,300,0,0,8,03,A5,64,5A,64,00,64,76
133975,0,301,0,0,3,F5,06,00
134025,0,300,0,0,8,03,A5,64,5A,64,00,64,67
134025,0,301,0,0,3,B8,07,00
134035,1,401,0,0,8,F8,9D,00,00,FF,08,00,00
134035,1,201,0,0,5,00,00,00,00,63
134045,1,203,0,0,8,00,00,00,00,00,00,00,00
134055,1,400,0,0,8,01,00,2C,00,00,00,00,00
134065,1,206,0,0,8,00,00,00,00,00,00,00,00
134075,0,300,0,0,8,03,A5,64,5A,64,00,64,F8
134075,0,301,0,0,3,80,08,00
134125,0,300,0,0,8,03,A5,64,5A,64,00,64,E9
134125,0,301,0,0,3,88,09,00
134135,1,201,0,0,5,00,00,00,00,63
134135,1,401,0,0,8,F8,9D,00,00,FF,08,00,00
134145,1,203,0,0,8,00,00,00,00,00,00,00,00
134155,1,400,0,0,8,01,00,2C,00,00,00,00,00
134165,1,206,0,0,8,00,00,00,00,00,00,00,00
134175,0,300,0,0,8,03,A5,64,5A,64,00,64,FA
134175,0,301,0,0,3,C6,0A,00
134215,1,403,0,0,8,64,00,00,00,40,E3,09,00
134225,0,300,0,0,8,03,A5,64,5A,64,00,64,EB
134225,0,301,0,0,3,43,0B,00
134235,1,201,0,0,5,00,00,00,00,63
134235,1,401,0,0,8,FA,9D,00,00,FF,08,00,00
134245,1,203,0,0,8,00,00,00,00,00,00,00,00
134255,1,400,0,0,8,01,00,2C,00,00,00,00,00
134265,1,206,0,0,8,00,00,00,00,00,00,00,00
134275,0,300,0,0,8,03,A5,64,5A,64,00,64,FC
134275,0,301,0,0,3,B5,0C,00
134325,0,300,0,0,8,03,A5,64,5A,64,00,64,ED
134325,0,301,0,0,3,4E,0D,00
134335,1,201,0,0,5,00,00,00,00,63
134335,1,401,0,0,8,FA,9D,00,00,FF,08,00,00
134345,1,203,0,0,8,00,00,00,00,00,00,00,00
134355,1,400,0,0,8,01,00,2C,00,00,00,00,00
134365,1,206,0,0,8,00,00,00,00,00,00,00,00
134375,0,300,0,0,8,03,A5,64,5A,64,00,64,FE
134375,0,301,0,0,3,1D,0E,00
134425,0,300,0,0,8,03,A5,64,5A,64,00,64,EF
134425,0,301,0,0,3,E8,0F,00
134435,1,201,0,0,5,00,00,00,00,63
134435,1,401,0,0,8,FA,9D,00,00,00,09,00,00
134445,1,203,0,0,8,00,00,00,00,00,00,00,00
134455,1,400,0,0,8,01,00,2C,00,00,00,00,00
134465,1,206,0,0,8,00,00,00,00,00,00,00,00
134475,0,300,0,0,8,03,A5,64,5A,64,00,64,70
134475,0,301,0,0,3,E2,00,00
134525,0,300,0,0,8,03,A5,64,5A,64,00,64,61
134525,0,301,0,0,3,B3,01,00
134535,1,201,0,0,5,00,00,00,00,63
134535,1,401,0,0,8,F6,9D,00,00,00,09,00,00
134545,1,203,0,0,8,00,00,00,00,00,00,00,00
134555,1,400,0,0,8,01,00,2C,00,00,00,00,00
134555,1,204,0,0,8,00,00,00,00,00,00,00,00
134565,1,206,0,0,8,00,00,00,00,00,00,00,00
134565,1,202,0,0,8,E2,12,00,00,0E,7C,05,00
134575,0,300,0,0,8,03,A5,64,5A,64,00,64,72
134575,0,301,0,0,3,6B,02,00
134625,0,300,0,0,8,03,A5,64,5A,64,00,64,63
134625,0,301,0,0,3,96,03,00
134635,1,201,0,0,5,00,00,00,00,63
134635,1,401,0,0,8,F6,9D,00,00,FE,08,00,00
134645,1,203,0,0,8,00,00,00,00,00,00,00,00
134655,1,400,0,0,8,01,00,2C,00,00,00,00,00
134665,1,206,0,0,8,00,00,00,00,00,00,00,00
134675,0,300,0,0,8,03,A5,64,5A,64,00,64,74
134675,0,301,0,0,3,03,04,00
134715,1,402,0,0,8,58,00,00,00,18,A9,08,00
134725,0,300,0,0,8,03,A5,64,5A,64,00,64,65
134725,0,301,0,0,3,54,05,00
134735,1,201,0,0,5,00,00,00,00,63
134735,1,401,0,0,8,F6,9D,00,00,FE,08,00,00
134745,1,203,0,0,8,00,00,00,00,00,00,00,00
134755,1,400,0,0,8,01,00,2C,00,00,00,00,00
134765,1,206,0,0,8,00,00,00,00,00,00,00,00
134775,0,300,0,0,8,03,A5,64,5A,64,00,64,76
134775,0,301,0,0,3,F5,06,00
134825,0,300,0,0,8,03,A5,64,5A,64,00,64,67
134825,0,301,0,0,3,B8,07,00
134835,1,201,0,0,5,00,00,00,00,63
134835,1,401,0,0,8,F6,9D,00,00,FE,08,00,00
134845,1,203,0,0,8,00,00,00,00,00,00,00,00
134855,1,400,0,0,8,01,00,2C,00,00,00,00,00
134865,1,206,0,0,8,00,00,00,00,00,00,00,00
134875,0,300,0,0,8,03,A5,64,5A,64,00,64,F8
134875,0,301,0,0,3,80,08,00
134925,0,300,0,0,8,03,A5,64,5A,64,00,64,E9
134925,0,301,0,0,3,88,09,00
134935,1,201,0,0,5,00,00,00,00,63
134935,1,401,0,0,8,F6,9D,00,00,FF,08,00,00
134945,1,203,0,0,8,00,00,00,00,00,00,00,00
134955,1,400,0,0,8,01,00,2C,00,00,00,00,00
134965,1,206,0,0,8,00,00,00,00,00,00,00,00
134975,0,300,0,0,8,03,A5,64,5A,64,00,64,FA
134975,0,301,0,0,3,C6,0A,00
135025,0,300,0,0,8,03,A5,64,5A,64,00,64,EB
135025,0,301,0,0,3,43,0B,00
135035,1,201,0,0,5,00,00,00,00,63
135035,1,401,0,0,8,F4,9D,00,00,FF,08,00,00
135045,1,203,0,0,8,00,00,00,00,00,00,00,00
135055,1,400,0,0,8,01,00,2C,00,00,00,00,00
135065,1,206,0,0,8,00,00,00,00,00,00,00,00
135075,0,300,0,0,8,03,A5,64,5A,64,00,64,FC
135075,0,301,0,0,3,B5,0C,00
135125,0,300,0,0,8,03,A5,64,5A,64,00,64,ED
135125,0,301,0,0,3,4E,0D,00
135135,1,201,0,0,5,00,00,00,00,63
135135,1,401,0,0,8,F4,9D,00,00,FE,08,00,00
135145,1,203,0,0,8,00,00,00,00,00,00,00,00
135155,1,400,0,0,8,01,00,2C,00,00,00,00,00
135165,1,206,0,0,8,00,00,00,00,00,00,00,00
135175,0,300,0,0,8,03,A5,64,5A,64,00,64,FE
135175,0,301,0,0,3,1D,0E,00
135215,1,403,0,0,8,64,00,00,00,40,E3,09,00
135225,0,300,0,0,8,03,A5,64,5A,64,00,64,EF
135225,0,301,0,0,3,E8,0F,00
135235,1,201,0,0,5,00,00,00,00,63
135235,1,401,0,0,8,F4,9D,00,00,FE,08,00,00
135245,1,203,0,0,8,00,00,00,00,00,00,00,00
135255,1,400,0,0,8,01,00,2C,00,00,00,00,00
135265,1,206,0,0,8,00,00,00,00,00,00,00,00
135275,0,300,0,0,8,03,A5,64,5A,64,00,64,70
135275,0,301,0,0,3,E2,00,00
135325,0,300,0,0,8,03,A5,64,5A,64,00,64,61
135325,0,301,0,0,3,B3,01,00
135335,1,201,0,0,5,00,00,00,00,63
135335,1,401,0,0,8,F4,9D,00,00,FE,08,00,00
135345,1,203,0,0,8,00,00,00,00,00,00,00,00
135355,1,400,0,0,8,01,00,2C,00,00,00,00,00
135365,1,206,0,0,8,00,00,00,00,00,00,00,00
135375,0,300,0,0,8,03,A5,64,5A,64,00,64,72
135375,0,301,0,0,3,6B,02,00
135425,0,300,0,0,8,03,A5,64,5A,64,00,64,63
135425,0,301,0,0,3,96,03,00
135435,1,201,0,0,5,00,00,00,00,63
135435,1,401,0,0,8,F4,9D,00,00,FD,08,00,00
135445,1,203,0,0,8,00,00,00,00,00,00,00,00
135455,1,400,0,0,8,01,00,2C,00,00,00,00,00
135465,1,206,0,0,8,00,00,00,00,00,00,00,00
135475,0,300,0,0,8,03,A5,64,5A,64,00,64,74
135475,0,301,0,0,3,03,04,00
135525,0,300,0,0,8,03,A5,64,5A,64,00,64,65
135525,0,301,0,0,3,54,05,00
135535,1,201,0,0,5,00,00,00,00,63
135535,1,401,0,0,8,F2,9D,00,00,FD,08,00,00
135545,1,203,0,0,8,00,00,00,00,00,00,00,00
135555,1,400,0,0,8,01,00,2C,00,00,00,00,00
135555,1,204,0,0,8,00,00,00,00,00,00,00,00
135565,1,206,0,0,8,00,00,00,00,00,00,00,00
135565,1,202,0,0,8,E2,12,00,00,0E,7C,05,00
135575,0,300,0,0,8,03,A5,64,5A,64,00,64,76
135575,0,301,0,0,3,F5,06,00
135585,1,666,0,0,8,52,08,05,00,52,95,36,02
135595,1,665,0,0,8,00,00,00,53,4C,18,53,00
135605,1,200,0,0,8,58,00,57,AA,08,00,00,00
135625,0,300,0,0,8,03,5A,64,5A,64,00,64,27
135625,0,301,0,0,3,B8,07,00
135635,1,201,0,0,5,00,00,00,00,63
135635,1,401,0,0,8,F2,9D,00,00,FC,08,00,00
135645,1,203,0,0,8,00,00,00,00,00,00,00,00
135655,1,400,0,0,8,01,00,2C,00,00,00,00,00
135665,1,206,0,0,8,00,00,00,00,00,00,00,00
135675,0,300,0,0,8,03,5A,64,5A,64,00,64,B8
135675,0,301,0,0,3,80,08,00
135715,1,402,0,0,8,58,00,00,00,18,A9,08,00
135725,0,300,0,0,8,03,5A,64,5A,64,00,64,A9
135725,0,301,0,0,3,88,09,00
135735,1,201,0,0,5,00,00,00,00,63
135735,1,401,0,0,8,F4,9D,00,00,FC,08,00,00
135745,1,203,0,0,8,00,00,00,00,00,00,00,00
135755,1,400,0,0,8,01,00,2C,00,00,00,00,00
135765,1,206,0,0,8,00,00,00,00,00,00,00,00
135775,0,300,0,0,8,03,5A,64,5A,64,00,64,BA
135775,0,301,0,0,3,C6,0A,00
135825,0,300,0,0,8,03,5A,64,5A,64,00,64,AB
135825,0,301,0,0,3,43,0B,00
135835,1,201,0,0,5,00,00,00,00,63
135835,1,401,0,0,8,F4,9D,00,00,FC,08,00,00
135845,1,203,0,0,8,00,00,00,00,00,00,00,00
135855,1,400,0,0,8,01,00,2C,00,00,00,00,00
135865,1,206,0,0,8,00,00,00,00,00,00,00,00
135875,0,300,0,0,8,03,5A,64,5A,64,00,64,BC
135875,0,301,0,0,3,B5,0C,00
135925,0,300,0,0,8,03,5A,64,5A,64,00,64,AD
135925,0,301,0,0,3,4E,0D,00
135935,1,201,0,0,5,00,00,00,00,62
135935,1,401,0,0,8,F4,9D,00,00,FD,08,00,00
135945,1,203,0,0,8,00,00,00,00,00,00,00,00
135955,1,400,0,0,8,01,00,2C,00,00,00,00,00
135965,1,206,0,0,8,00,00,00,00,00,00,00,00
135975,0,300,0,0,8,03,5A,64,5A,64,00,64,BE
135975,0,301,0,0,3,1D,0E,00
136025,0,300,0,0,8,03,5A,64,5A,64,00,64,AF
136025,0,301,0,0,3,E8,0F,00
136035,1,201,0,0,5,00,00,00,00,62
136035,1,401,0,0,8,E6,9E,00,00,FD,08,00,00
136045,1,203,0,0,8,00,00,00,00,00,00,00,00
136055,1,400,0,0,8,01,00,2C,00,00,00,00,00
136065,1,206,0,0,8,00,00,00,00,00,00,00,00
136075,0,300,0,0,8,03,5A,64,5A,64,00,64,30
136075,0,301,0,0,3,E2,00,00
136125,0,300,0,0,8,03,5A,64,5A,64,00,64,21
136125,0,301,0,0,3,B3,01,00
136135,1,201,0,0,5,00,00,00,00,62
136135,1,401,0,0,8,E6,9E,00,00,08,07,00,00
136145,1,203,0,0,8,00,00,00,00,00,00,00,00
136155,1,400,0,0,8,01,00,2C,00,00,00,00,00
136165,1,206,0,0,8,00,00,00,00,00,00,00,00
136175,0,300,0,0,8,03,5A,64,5A,64,00,64,32
136175,0,301,0,0,3,6B,02,00
136215,1,403,0,0,8,64,00,00,00,40,E3,09,00
136225,0,300,0,0,8,03,5A,64,5A,64,00,64,23
136225,0,301,0,0,3,96,03,00
136235,1,201,0,0,5,00,00,00,00,62
136235,1,401,0,0,8,F0,9E,00,00,08,07,00,00
136245,1,203,0,0,8,00,00,00,00,00,00,00,00
136255,1,400,0,0,8,01,00,2C,00,00,00,00,00
136265,1,206,0,0,8,00,00,00,00,00,00,00,00
136275,0,300,0,0,8,03,5A,64,5A,64,00,64,34
136275,0,301,0,0,3,03,04,00
136325,0,300,0,0,8,03,5A,64,5A,64,00,64,25
136325,0,301,0,0,3,54,05,00
136335,1,201,0,0,5,00,00,00,00,62
136335,1,401,0,0,8,F0,9E,00,00,BE,00,00,00
136345,1,203,0,0,8,00,00,00,00,00,00,00,00
136355,1,400,0,0,8,01,00,0C,00,00,00,00,00
136365,1,206,0,0,8,00,00,00,00,00,00,00,00
136375,0,300,0,0,8,03,5A,64,5A,64,00,64,36
136375,0,301,0,0,3,F5,06,00
136425,0,300,0,0,8,03,5A,64,5A,64,00,64,27
136425,0,301,0,0,3,B8,07,00
136435,1,201,0,0,5,00,00,00,00,62
136435,1,401,0,0,8,F0,9E,00,00,BE,00,00,00
136445,1,203,0,0,8,00,00,00,00,00,00,00,00
136455,1,400,0,0,8,01,00,0C,00,00,00,00,00
136465,1,206,0,0,8,00,00,00,00,00,00,00,00
136475,0,300,0,0,8,03,5A,64,5A,64,00,64,B8
136475,0,301,0,0,3,80,08,00
136525,0,300,0,0,8,03,5A,64,5A,64,00,64,A9
136525,0,301,0,0,3,88,09,00
136535,1,201,0,0,5,00,00,00,00,62
136535,1,401,0,0,8,F4,9E,00,00,BE,00,00,00
136545,1,203,0,0,8,00,00,00,00,00,00,00,00
136555,1,204,0,0,8,00,00,00,00,00,00,00,00
136555,1,400,0,0,8,01,00,0C,00,00,00,00,00
136565,1,206,0,0,8,00,00,00,00,00,00,00,00
136565,1,202,0,0,8,E2,12,00,00,0E,7C,05,00
136575,0,300,0,0,8,03,5A,64,5A,64,00,64,BA
136575,0,301,0,0,3,C6,0A,00
136625,0,300,0,0,8,03,5A,64,5A,64,00,64,AB
136625,0,301,0,0,3,43,0B,00
136635,1,201,0,0,5,00,00,00,00,62
136635,1,401,0,0,8,F4,9E,00,00,46,00,00,00
136645,1,203,0,0,8,00,00,00,00,00,00,00,00
136655,1,400,0,0,8,01,00,0C,00,00,00,00,00
136665,1,206,0,0,8,00,00,00,00,00,00,00,00
136675,0,300,0,0,8,03,5A,64,5A,64,00,64,BC
136675,0,301,0,0,3,B5,0C,00
136715,1,402,0,0,8,58,00,00,00,F4,A8,08,00
136725,0,300,0,0,8,03,5A,64,5A,64,00,64,AD
136725,0,301,0,0,3,4E,0D,00
136735,1,201,0,0,5,00,00,00,00,62
136735,1,401,0,0,8,F6,9E,00,00,46,00,00,00
136745,1,203,0,0,8,00,00,00,00,00,00,00,00
136755,1,400,0,0,8,01,00,0C,00,00,00,00,00
136765,1,206,0,0,8,00,00,00,00,00,00,00,00
136775,0,300,0,0,8,03,5A,64,5A,64,00,64,BE
136775,0,301,0,0,3,1D,0E,00
136825,0,300,0,0,8,03,5A,64,5A,64,00,64,AF
136825,0,301,0,0,3,E8,0F,00
136835,1,201,0,0,5,00,00,00,00,62
136835,1,401,0,0,8,F6,9E,00,00,46,00,00,00
136845,1,203,0,0,8,00,00,00,00,00,00,00,00
136855,1,400,0,0,8,01,00,0C,00,00,00,00,00
136865,1,206,0,0,8,00,00,00,00,00,00,00,00
136875,0,300,0,0,8,03,5A,64,5A,64,00,64,30
136875,0,301,0,0,3,E2,00,00
136925,0,300,0,0,8,03,5A,64,5A,64,00,64,21
136925,0,301,0,0,3,B3,01,00
136935,1,201,0,0,5,00,00,00,00,62
136935,1,401,0,0,8,F6,9E,00,00,46,00,00,00
136945,1,203,0,0,8,00,00,00,00,00,00,00,00
136955,1,400,0,0,8,01,00,0C,00,00,00,00,00
136965,1,206,0,0,8,00,00,00,00,00,00,00,00
136975,0,300,0,0,8,03,5A,64,5A,64,00,64,32
136975,0,301,0,0,3,6B,02,00
137025,0,300,0,0,8,03,5A,64,5A,64,00,64,23
137025,0,301,0,0,3,96,03,00
137035,1,201,0,0,5,00,00,00,00,62
137035,1,401,0,0,8,F6,9E,00,00,46,00,00,00
137045,1,203,0,0,8,00,00,00,00,00,00,00,00
137055,1,400,0,0,8,01,00,0C,00,00,00,00,00
137065,1,206,0,0,8,00,00,00,00,00,00,00,00
137075,0,300,0,0,8,03,5A,64,5A,64,00,64,34
137075,0,301,0,0,3,03,04,00
