15:34:57.285,1,201,0,0,5,0,0,0,0,2,,,
15:34:57.348,1,300,0,0,8,0,5a,64,5a,0,0,0,ea
15:34:57.412,1,206,0,0,8,0,0,0,0,0,0,0,0
15:34:57.475,1,201,0,0,5,0,0,0,0,2,,,
15:34:57.538,1,300,0,0,8,0,5a,64,5a,0,0,0,ae
15:34:57.600,1,301,0,0,3,e8,f,0,,,,,
15:34:57.664,1,201,0,0,5,0,0,0,0,2,,,
15:34:57.728,1,401,0,0,8,46,a0,0,0,44,0,0,0
15:34:57.791,1,201,0,0,5,0,0,0,0,2,,,
15:34:57.854,1,400,0,0,8,1,0,c,0,0,0,0,0
15:34:57.917,1,206,0,0,8,0,0,0,0,0,0,0,0
15:34:57.980,1,201,0,0,5,0,0,0,0,2,,,
15:34:58.043,1,300,0,0,8,0,5a,64,5a,0,0,0,c8
15:34:58.107,1,206,0,0,8,0,0,0,0,0,0,0,0
15:34:58.169,1,201,0,0,5,0,0,0,0,2,,,
15:34:58.233,1,401,0,0,8,46,a0,0,0,44,0,0,0
15:34:58.296,1,300,0,0,8,0,5a,64,5a,0,0,0,9d
15:34:58.359,1,201,0,0,5,0,0,0,0,2,,,
15:34:58.422,1,206,0,0,8,0,0,0,0,0,0,0,0
15:34:58.485,1,201,0,0,5,0,0,0,0,2,,,
15:34:58.548,1,300,0,0,8,0,5a,64,5a,0,0,0,62
15:34:58.613,1,206,0,0,8,0,0,0,0,0,0,0,0
15:34:58.676,1,201,0,0,5,0,0,0,0,2,,,
15:34:58.738,1,300,0,0,8,0,5a,64,5a,0,0,0,26
15:34:58.802,1,203,0,0,8,0,0,0,0,0,0,0,0
15:34:58.864,1,201,0,0,5,0,0,0,0,2,,,
15:34:58.927,1,401,0,0,8,44,a0,0,0,44,0,0,0
15:34:58.992,1,300,0,0,8,0,5a,64,5a,0,0,0,fb
15:34:59.054,1,400,0,0,8,1,0,c,0,0,0,0,0
15:34:59.118,1,206,0,0,8,0,0,0,0,0,0,0,0
15:34:59.180,1,201,0,0,5,0,0,0,0,2,,,
15:34:59.243,1,300,0,0,8,0,5a,64,5a,0,0,0,40
15:34:59.307,1,206,0,0,8,0,0,0,0,0,0,0,0
15:34:59.369,1,201,0,0,5,0,0,0,0,2,,,
15:34:59.432,1,401,0,0,8,48,a0,0,0,44,0,0,0
15:34:59.496,1,300,0,0,8,0,5a,64,5a,0,0,0,15
15:34:59.559,1,400,0,0,8,1,0,c,0,0,0,0,0
15:34:59.624,1,206,0,0,8,0,0,0,0,0,0,0,0
15:34:59.686,1,201,0,0,5,0,0,0,0,2,,,
15:34:59.750,1,300,0,0,8,0,5a,64,5a,0,0,0,ea
15:34:59.813,1,204,0,0,8,0,0,0,0,0,0,0,0
15:34:59.876,1,201,0,0,5,0,0,0,0,2,,,
15:34:59.939,1,401,0,0,8,46,a0,0,0,45,0,0,0
15:35:00.002,1,203,0,0,8,0,0,0,0,0,0,0,0
15:35:00.065,1,201,0,0,5,0,0,0,0,2,,,
15:35:00.129,1,401,0,0,8,48,a0,0,0,44,0,0,0
15:35:00.192,1,300,0,0,8,0,5a,64,5a,0,0,0,73
15:35:00.254,1,400,0,0,8,1,0,c,0,0,0,0,0
15:35:00.319,1,404,0,0,2,1,0,,,,,,
15:35:00.380,1,404,0,0,2,20,0,,,,,,
15:35:00.443,1,300,0,0,8,0,5a,64,5a,0,0,0,c8
15:35:00.506,1,404,0,0,2,24,0,,,,,,
15:35:00.570,1,404,0,0,2,26,0,,,,,,
15:35:00.632,1,404,0,0,2,4c,0,,,,,,
15:35:00.698,1,300,0,0,8,0,5a,64,5a,0,0,0,9d
15:35:00.758,1,400,0,0,8,1,0,c,0,0,0,0,0
15:35:00.821,1,404,0,0,2,4,0,,,,,,
15:35:00.884,1,404,0,0,2,b1,1,,,,,,
15:35:00.949,1,300,0,0,8,0,5a,64,5a,0,0,0,62
15:35:01.010,1,403,0,0,8,64,0,0,0,40,e3,9,0
15:35:01.073,1,201,0,0,5,32,0,6,22,2,,,
15:35:01.137,1,401,0,0,8,46,a0,0,0,44,0,0,0
15:35:01.203,1,300,0,0,8,0,5a,64,5a,0,0,0,37
15:35:01.264,1,400,0,0,8,1,0,c,0,0,0,0,0
15:35:01.327,1,206,0,0,8,0,0,0,0,0,0,0,0
15:35:01.390,1,201,0,0,5,32,0,cc,b,2,,,
15:35:01.455,1,400,0,0,8,1,0,c,0,0,0,0,0
15:35:01.515,1,402,0,0,8,5f,0,0,0,28,59,9,0
15:35:01.579,1,201,0,0,5,32,0,c,8,2,,,
15:35:01.641,1,401,0,0,8,48,a0,0,0,45,0,0,0
15:35:01.704,1,206,0,0,8,0,0,0,0,0,0,0,0
15:35:01.767,1,201,0,0,5,32,0,7a,17,2,,,
15:35:01.830,1,401,0,0,8,48,a0,0,0,44,0,0,0
15:35:01.894,1,300,0,0,8,0,5a,64,5a,0,0,0,15
15:35:01.956,1,400,0,0,8,1,0,c,0,0,0,0,0
15:35:02.019,1,403,0,0,8,64,0,0,0,40,e3,9,0
15:35:02.083,1,201,0,0,5,32,0,22,1a,2,,,
15:35:02.147,1,401,0,0,8,48,a0,0,0,44,0,0,0
15:35:02.209,1,206,0,0,8,0,0,0,0,0,0,0,0
15:35:02.273,1,201,0,0,5,62,2,e2,4,2,,,
15:35:02.336,1,401,0,0,8,48,a0,0,0,44,0,0,0
15:35:02.400,1,300,0,0,8,0,5a,64,5a,0,0,0,bf
15:35:02.464,1,400,0,0,8,1,0,c,0,0,0,0,0
15:35:02.527,1,206,0,0,8,0,0,0,0,0,0,0,0
15:35:02.590,1,201,0,0,5,62,2,f8,1b,2,,,
15:35:02.654,1,400,0,0,8,1,0,c,0,0,0,0,0
15:35:02.717,1,206,0,0,8,0,0,0,0,0,0,0,0
15:35:02.780,1,201,0,0,5,62,2,ae,b,2,,,
15:35:02.843,1,401,0,0,8,48,a0,0,0,45,0,0,0
15:35:02.906,1,206,0,0,8,0,0,0,0,0,0,0,0
15:35:02.968,1,201,0,0,5,62,2,24,e,2,,,
15:35:03.031,1,401,0,0,8,48,a0,0,0,45,0,0,0
15:35:03.094,1,300,0,0,8,0,5a,64,5a,0,0,0,9d
15:35:03.159,1,400,0,0,8,1,0,c,0,0,0,0,0
15:35:03.221,1,206,0,0,8,0,0,0,0,0,0,0,0
15:35:03.284,1,201,0,0,5,ca,3,2c,b,2,,,
15:35:03.349,1,401,0,0,8,4a,a0,0,0,44,0,0,0
15:35:03.410,1,206,0,0,8,0,0,0,0,0,0,0,0
15:35:03.479,1,201,0,0,5,ca,3,50,0,2,,,
15:35:03.542,1,401,0,0,8,48,a0,0,0,45,0,0,0
15:35:03.605,1,206,0,0,8,0,0,0,0,0,0,0,0
15:35:03.670,1,400,0,0,8,1,0,c,0,0,0,0,0
15:35:03.733,1,401,0,0,8,48,a0,0,0,45,0,0,0
15:35:03.798,1,300,0,0,8,0,5a,64,5a,0,0,0,fb
15:35:03.861,1,200,0,0,8,5f,0,b5,59,9,0,0,0
15:35:03.924,1,206,0,0,8,0,0,0,0,0,0,0,0
15:35:03.987,1,201,0,0,5,7e,4,0,0,2,,,
15:35:04.050,1,301,0,0,3,e2,0,0,,,,,
15:35:04.114,1,206,0,0,8,0,0,0,0,0,0,0,0
15:35:04.177,1,201,0,0,5,7e,4,0,0,2,,,
15:35:04.243,1,401,0,0,8,4a,a0,0,0,44,0,0,0
15:35:04.307,1,203,0,0,8,0,0,0,0,0,0,0,0
15:35:04.370,1,400,0,0,8,1,0,c,0,0,0,0,0
15:35:04.434,1,300,0,0,8,0,5a,64,5a,0,0,0,c8
15:35:04.496,1,300,0,0,8,0,5a,64,5a,0,0,0,d9
15:35:04.561,1,400,0,0,8,1,0,c,0,0,0,0,0
15:35:04.624,1,206,0,0,8,0,0,0,0,0,0,0,0
15:35:04.687,1,201,0,0,5,7e,4,0,0,2,,,
15:35:04.750,1,300,0,0,8,0,5a,64,5a,0,0,0,ae
15:35:04.814,1,204,0,0,8,0,0,0,0,0,0,0,0
15:35:04.876,1,201,0,0,5,7e,4,0,0,2,,,
15:35:04.941,1,300,0,0,8,0,5a,64,5a,0,0,0,62
15:35:05.004,1,203,0,0,8,0,0,0,0,0,0,0,0
15:35:05.068,1,400,0,0,8,1,0,c,0,0,0,0,0
15:35:05.131,1,300,0,0,8,0,5a,64,5a,0,0,0,26
15:35:05.194,1,300,0,0,8,0,5a,64,5a,0,0,0,37
15:35:05.259,1,400,0,0,8,1,0,c,0,0,0,0,0
15:35:05.321,1,206,0,0,8,0,0,0,0,0,0,0,0
15:35:05.383,1,201,0,0,5,7e,4,0,0,2,,,
15:35:05.446,1,300,0,0,8,0,5a,64,5a,0,0,0,8c
15:35:05.509,1,206,0,0,8,0,0,0,0,0,0,0,0
15:35:05.573,1,400,0,0,8,1,0,c,0,0,0,0,0
15:35:05.636,1,300,0,0,8,0,5a,64,5a,0,0,0,40
15:35:05.700,1,300,0,0,8,0,5a,64,5a,0,0,0,51
15:35:05.763,1,400,0,0,8,1,0,c,0,0,0,0,0
15:35:05.826,1,206,0,0,8,0,0,0,0,0,0,0,0
15:35:05.890,1,201,0,0,5,74,4,0,0,2,,,
15:35:05.954,1,401,0,0,8,4a,a0,0,0,45,0,0,0
15:35:06.017,1,206,0,0,8,0,0,0,0,0,0,0,0
15:35:06.081,1,201,0,0,5,74,4,0,0,2,,,
15:35:06.145,1,300,0,0,8,0,5a,64,5a,0,0,0,ea
15:35:06.209,1,206,0,0,8,0,0,0,0,0,0,0,0
15:35:06.272,1,400,0,0,8,1,0,c,0,0,0,0,0
15:35:06.336,1,300,0,0,8,0,5a,64,5a,0,0,0,ae
15:35:06.399,1,300,0,0,8,0,5a,64,5a,0,0,0,bf
15:35:06.463,1,400,0,0,8,1,0,c,0,0,0,0,0
15:35:06.526,1,206,0,0,8,0,0,0,0,0,0,0,0
15:35:06.589,1,201,0,0,5,6a,4,0,0,2,,,
15:35:06.652,1,401,0,0,8,4a,a0,0,0,44,0,0,0
15:35:06.716,1,206,0,0,8,0,0,0,0,0,0,0,0
15:35:06.781,1,201,0,0,5,6a,4,0,0,2,,,
15:35:06.845,1,300,0,0,8,0,5a,64,5a,0,0,0,c8
15:35:06.908,1,206,0,0,8,0,0,0,0,0,0,0,0
15:35:06.972,1,400,0,0,8,1,0,c,0,0,0,0,0
15:35:07.035,1,403,0,0,8,64,0,0,0,40,e3,9,0
15:35:07.099,1,300,0,0,8,0,5a,64,5a,0,0,0,9d
15:35:07.162,1,400,0,0,8,1,0,c,0,0,0,0,0
15:35:07.226,1,206,0,0,8,0,0,0,0,0,0,0,0
15:35:07.289,1,201,0,0,5,4c,4,0,0,2,,,
15:35:07.353,1,401,0,0,8,4a,a0,0,0,44,0,0,0
15:35:07.416,1,206,0,0,8,0,0,0,0,0,0,0,0
15:35:07.480,1,201,0,0,5,4c,4,0,0,2,,,
15:35:07.543,1,300,0,0,8,0,5a,64,5a,0,0,0,26
15:35:07.607,1,206,0,0,8,0,0,0,0,0,0,0,0
15:35:07.670,1,400,0,0,8,1,0,c,0,0,0,0,0
15:35:07.734,1,300,0,0,8,0,5a,64,5a,0,0,0,ea
15:35:07.797,1,300,0,0,8,0,5a,64,5a,0,0,0,fb
15:35:07.861,1,400,0,0,8,1,0,c,0,0,0,0,0
15:35:07.924,1,206,0,0,8,0,0,0,0,0,0,0,0
15:35:07.987,1,201,0,0,5,2e,4,0,0,2,,,
15:35:08.050,1,300,0,0,8,0,5a,64,5a,0,0,0,40
15:35:08.113,1,206,0,0,8,0,0,0,0,0,0,0,0
15:35:08.176,1,400,0,0,8,1,0,c,0,0,0,0,0
15:35:08.240,1,300,0,0,8,0,5a,64,5a,0,0,0,4
15:35:08.303,1,203,0,0,8,0,0,0,0,0,0,0,0
15:35:08.366,1,400,0,0,8,1,0,c,0,0,0,0,0
15:35:08.429,1,206,0,0,8,0,0,0,0,0,0,0,0
15:35:08.492,1,201,0,0,5,2e,4,0,0,2,,,
15:35:08.555,1,401,0,0,8,4e,a0,0,0,45,0,0,0
15:35:08.618,1,206,0,0,8,0,0,0,0,0,0,0,0
15:35:08.681,1,400,0,0,8,1,0,c,0,0,0,0,0
15:35:08.744,1,300,0,0,8,0,5a,64,5a,0,0,0,ae
15:35:08.808,1,204,0,0,8,0,0,0,0,0,0,0,0
15:35:08.872,1,400,0,0,8,1,0,c,0,0,0,0,0
15:35:08.935,1,300,0,0,8,0,5a,64,5a,0,0,0,62
15:35:08.999,1,300,0,0,8,0,5a,64,5a,0,0,0,73
15:35:09.063,1,401,0,0,8,4c,a0,0,0,44,0,0,0
15:35:09.126,1,206,0,0,8,0,0,0,0,0,0,0,0
15:35:09.189,1,201,0,0,5,24,4,0,0,2,,,
15:35:09.252,1,401,0,0,8,4c,a0,0,0,44,0,0,0
15:35:09.315,1,206,0,0,8,0,0,0,0,0,0,0,0
15:35:09.379,1,400,0,0,8,1,0,c,0,0,0,0,0
15:35:09.442,1,300,0,0,8,0,5a,64,5a,0,0,0,8c
15:35:09.506,1,203,0,0,8,0,0,0,0,0,0,0,0
15:35:09.569,1,400,0,0,8,1,0,c,0,0,0,0,0
15:35:09.632,1,300,0,0,8,0,5a,64,5a,0,0,0,40
15:35:09.695,1,300,0,0,8,0,5a,64,5a,0,0,0,51
15:35:09.759,1,401,0,0,8,4c,a0,0,0,45,0,0,0
15:35:09.822,1,206,0,0,8,0,0,0,0,0,0,0,0
15:35:09.885,1,201,0,0,5,1a,4,0,0,2,,,
15:35:09.948,1,300,0,0,8,0,5a,64,5a,0,0,0,26
15:35:10.011,1,206,0,0,8,0,0,0,0,0,0,0,0
15:35:10.074,1,400,0,0,8,1,0,c,0,0,0,0,0
15:35:10.138,1,300,0,0,8,0,5a,64,5a,0,0,0,ea
15:35:10.201,1,300,0,0,8,0,5a,64,5a,0,0,0,fb
15:35:10.264,1,401,0,0,8,4a,a0,0,0,44,0,0,0
15:35:10.327,1,206,0,0,8,0,0,0,0,0,0,0,0
15:35:10.390,1,201,0,0,5,10,4,0,0,2,,,
15:35:10.453,1,401,0,0,8,4a,a0,0,0,44,0,0,0
15:35:10.517,1,206,0,0,8,0,0,0,0,0,0,0,0
15:35:10.580,1,400,0,0,8,1,0,c,0,0,0,0,0
15:35:10.644,1,300,0,0,8,0,5a,64,5a,0,0,0,4
15:35:10.707,1,203,0,0,8,0,0,0,0,0,0,0,0
15:35:10.770,1,400,0,0,8,1,0,c,0,0,0,0,0
15:35:10.833,1,300,0,0,8,0,5a,64,5a,0,0,0,c8
15:35:10.898,1,300,0,0,8,0,5a,64,5a,0,0,0,d9
15:35:10.961,1,401,0,0,8,4c,a0,0,0,45,0,0,0
15:35:11.024,1,206,0,0,8,0,0,0,0,0,0,0,0
15:35:11.087,1,201,0,0,5,fc,3,0,0,2,,,
15:35:11.150,1,300,0,0,8,0,5a,64,5a,0,0,0,ae
15:35:11.213,1,206,0,0,8,0,0,0,0,0,0,0,0
15:35:11.277,1,400,0,0,8,1,0,c,0,0,0,0,0
15:35:11.326,1,300,0,0,8,0,5a,64,5a,0,0,0,62
15:35:11.403,1,203,0,0,8,0,0,0,0,0,0,0,0
15:35:11.466,1,401,0,0,8,4c,a0,0,0,45,0,0,0
15:35:11.530,1,206,0,0,8,0,0,0,0,0,0,0,0
15:35:11.593,1,201,0,0,5,fc,3,0,0,2,,,
15:35:11.657,1,401,0,0,8,4c,a0,0,0,45,0,0,0
15:35:11.721,1,206,0,0,8,0,0,0,0,0,0,0,0
15:35:11.785,1,400,0,0,8,1,0,c,0,0,0,0,0
15:35:11.848,1,300,0,0,8,0,5a,64,5a,0,0,0,8c
15:35:11.913,1,206,0,0,8,0,0,0,0,0,0,0,0
15:35:11.974,1,400,0,0,8,1,0,c,0,0,0,0,0
15:35:12.038,1,403,0,0,8,64,0,0,0,40,e3,9,0
15:35:12.102,1,300,0,0,8,0,5a,64,5a,0,0,0,51
15:35:12.165,1,401,0,0,8,4c,a0,0,0,45,0,0,0
15:35:12.228,1,206,0,0,8,0,0,0,0,0,0,0,0
15:35:12.291,1,201,0,0,5,d4,3,0,0,2,,,
15:35:12.354,1,401,0,0,8,4c,a0,0,0,45,0,0,0
15:35:12.418,1,206,0,0,8,0,0,0,0,0,0,0,0
15:35:12.481,1,400,0,0,8,1,0,c,0,0,0,0,0
15:35:12.545,1,402,0,0,8,5f,0,0,0,28,59,9,0
15:35:12.608,1,206,0,0,8,0,0,0,0,0,0,0,0
15:35:12.671,1,400,0,0,8,1,0,c,0,0,0,0,0
15:35:12.734,1,300,0,0,8,0,5a,64,5a,0,0,0,ae
15:35:12.798,1,300,0,0,8,0,5a,64,5a,0,0,0,bf
15:35:12.863,1,200,0,0,8,5f,0,8e,59,9,0,0,0
15:35:12.925,1,206,0,0,8,0,0,0,0,0,0,0,0
15:35:12.988,1,400,0,0,8,1,0,c,0,0,0,0,0
15:35:13.051,1,301,0,0,3,3,4,0,,,,,
15:35:13.114,1,206,0,0,8,0,0,0,0,0,0,0,0
15:35:13.180,1,400,0,0,8,1,0,c,0,0,0,0,0
15:35:13.241,1,300,0,0,8,0,5a,64,5a,0,0,0,c8
15:35:13.305,1,203,0,0,8,0,0,0,0,0,0,0,0
15:35:13.368,1,401,0,0,8,4e,a0,0,0,44,0,0,0
15:35:13.431,1,300,0,0,8,0,5a,64,5a,0,0,0,8c
15:35:13.494,1,201,0,0,5,c0,3,0,0,2,,,
15:35:13.557,1,401,0,0,8,4e,a0,0,0,45,0,0,0
15:35:13.621,1,206,0,0,8,0,0,0,0,0,0,0,0
15:35:13.685,1,400,0,0,8,1,0,c,0,0,0,0,0
15:35:13.748,1,300,0,0,8,0,5a,64,5a,0,0,0,62
15:35:13.812,1,204,0,0,8,0,0,0,0,0,0,0,0
15:35:13.876,1,400,0,0,8,1,0,c,0,0,0,0,0
15:35:13.940,1,300,0,0,8,0,5a,64,5a,0,0,0,26
15:35:14.003,1,203,0,0,8,0,0,0,0,0,0,0,0
15:35:14.067,1,401,0,0,8,4c,a0,0,0,44,0,0,0
15:35:14.130,1,206,0,0,8,0,0,0,0,0,0,0,0
15:35:14.193,1,400,0,0,8,1,0,c,0,0,0,0,0
15:35:14.256,1,401,0,0,8,4c,a0,0,0,44,0,0,0
15:35:14.320,1,206,0,0,8,0,0,0,0,0,0,0,0
15:35:14.383,1,400,0,0,8,1,0,c,0,0,0,0,0
15:35:14.446,1,300,0,0,8,0,5a,64,5a,0,0,0,40
15:35:14.509,1,206,0,0,8,0,0,0,0,0,0,0,0
15:35:14.572,1,401,0,0,8,4e,a0,0,0,45,0,0,0
15:35:14.635,1,300,0,0,8,0,5a,64,5a,0,0,0,4
15:35:14.698,1,300,0,0,8,0,5a,64,5a,0,0,0,15
15:35:14.761,1,401,0,0,8,4e,a0,0,0,44,0,0,0
15:35:14.825,1,206,0,0,8,0,0,0,0,0,0,0,0
15:35:14.888,1,201,0,0,5,a2,3,0,0,2,,,
15:35:14.951,1,301,0,0,3,c6,a,0,,,,,
15:35:15.014,1,206,0,0,8,0,0,0,0,0,0,0,0
15:35:15.077,1,201,0,0,5,98,3,0,0,2,,,
15:35:15.140,1,300,0,0,8,0,5a,64,5a,0,0,0,ae
15:35:15.204,1,203,0,0,8,0,0,0,0,0,0,0,0
15:35:15.267,1,401,0,0,8,50,a0,0,0,44,0,0,0
15:35:15.331,1,206,0,0,8,0,0,0,0,0,0,0,0
15:35:15.394,1,201,0,0,5,98,3,0,0,2,,,
15:35:15.458,1,401,0,0,8,50,a0,0,0,45,0,0,0
15:35:15.521,1,206,0,0,8,0,0,0,0,0,0,0,0
15:35:15.584,1,201,0,0,5,98,3,0,0,2,,,
15:35:15.647,1,300,0,0,8,0,5a,64,5a,0,0,0,c8
15:35:15.710,1,206,0,0,8,0,0,0,0,0,0,0,0
15:35:15.774,1,401,0,0,8,50,a0,0,0,44,0,0,0
15:35:15.836,1,666,0,0,8,52,8,5,0,52,95,36,2
15:35:15.899,1,300,0,0,8,0,5a,64,5a,0,0,0,9d
15:35:15.962,1,401,0,0,8,4e,a0,0,0,44,0,0,0
15:35:16.025,1,206,0,0,8,0,0,0,0,0,0,0,0
15:35:16.088,1,201,0,0,5,98,3,0,0,2,,,
15:35:16.151,1,301,0,0,3,6b,2,0,,,,,
15:35:16.214,1,206,0,0,8,0,0,0,0,0,0,0,0
15:35:16.277,1,401,0,0,8,50,a0,0,0,45,0,0,0
15:35:16.340,1,300,0,0,8,0,5a,64,5a,0,0,0,26
15:35:16.404,1,203,0,0,8,0,0,0,0,0,0,0,0
15:35:16.466,1,401,0,0,8,50,a0,0,0,45,0,0,0
15:35:16.529,1,206,0,0,8,0,0,0,0,0,0,0,0
15:35:16.592,1,201,0,0,5,98,3,0,0,2,,,
15:35:16.655,1,404,0,0,2,46,0,,,,,,
15:35:16.719,1,206,0,0,8,0,0,0,0,0,0,0,0
15:35:16.782,1,404,0,0,2,a,0,,,,,,
15:35:16.847,1,300,0,0,8,0,5a,64,5a,0,0,0,40
15:35:16.909,1,203,0,0,8,0,0,0,0,0,0,0,0
15:35:16.973,1,401,0,0,8,50,a0,0,0,45,0,0,0
15:35:17.040,1,300,0,0,8,0,5a,64,5a,0,0,0,4
15:35:17.099,1,300,0,0,8,0,5a,64,5a,0,0,0,15
15:35:17.163,1,401,0,0,8,50,a0,0,0,45,0,0,0
15:35:17.229,1,206,0,0,8,0,0,0,0,0,0,0,0
15:35:17.288,1,201,0,0,5,8e,3,0,0,2,,,
15:35:17.352,1,301,0,0,3,c6,a,0,,,,,
15:35:17.414,1,206,0,0,8,0,0,0,0,0,0,0,0
15:35:17.477,1,401,0,0,8,50,a0,0,0,45,0,0,0
15:35:17.540,1,300,0,0,8,0,5a,64,5a,0,0,0,ae
15:35:17.603,1,203,0,0,8,0,0,0,0,0,0,0,0
15:35:17.666,1,401,0,0,8,50,a0,0,0,45,0,0,0
15:35:17.729,1,206,0,0,8,0,0,0,0,0,0,0,0
15:35:17.793,1,201,0,0,5,84,3,0,0,2,,,
15:35:17.855,1,401,0,0,8,50,a0,0,0,45,0,0,0
15:35:17.918,1,206,0,0,8,0,0,0,0,0,0,0,0
15:35:17.981,1,401,0,0,8,50,a0,0,0,45,0,0,0
15:35:18.044,1,300,0,0,8,0,5a,64,5a,0,0,0,c8
15:35:18.109,1,203,0,0,8,0,0,0,0,0,0,0,0
15:35:18.171,1,401,0,0,8,4e,a0,0,0,45,0,0,0
15:35:18.236,1,300,0,0,8,0,5a,64,5a,0,0,0,8c
15:35:18.298,1,300,0,0,8,0,5a,64,5a,0,0,0,9d
15:35:18.362,1,401,0,0,8,4e,a0,0,0,44,0,0,0
15:35:18.425,1,206,0,0,8,0,0,0,0,0,0,0,0
15:35:18.488,1,201,0,0,5,7a,3,0,0,2,,,
15:35:18.551,1,301,0,0,3,6b,2,0,,,,,
15:35:18.615,1,206,0,0,8,0,0,0,0,0,0,0,0
15:35:18.678,1,401,0,0,8,4e,a0,0,0,44,0,0,0
15:35:18.742,1,300,0,0,8,0,5a,64,5a,0,0,0,26
15:35:18.804,1,400,0,0,8,1,0,c,0,0,0,0,0
15:35:18.867,1,200,0,0,8,5f,0,7a,59,9,0,2,0
15:35:18.930,1,206,0,0,8,0,0,0,0,0,0,0,0
15:35:18.993,1,201,0,0,5,7a,3,0,0,2,,,
15:35:19.056,1,403,0,0,8,64,0,0,0,40,e3,9,0
15:35:19.119,1,206,0,0,8,0,0,0,0,0,0,0,0
15:35:19.185,1,401,0,0,8,4e,a0,0,0,44,0,0,0
15:35:19.246,1,300,0,0,8,0,5a,64,5a,0,0,0,40
15:35:19.308,1,203,0,0,8,0,0,0,0,0,0,0,0
15:35:19.374,1,401,0,0,8,50,a0,0,0,44,0,0,0
15:35:19.435,1,300,0,0,8,0,5a,64,5a,0,0,0,4
15:35:19.499,1,300,0,0,8,0,5a,64,5a,0,0,0,15
15:35:19.562,1,402,0,0,8,5f,0,0,0,28,59,9,0
15:35:19.626,1,206,0,0,8,0,0,0,0,0,0,0,0
15:35:19.689,1,201,0,0,5,52,3,0,0,2,,,
15:35:19.752,1,401,0,0,8,4e,a0,0,0,45,0,0,0
15:35:19.815,1,204,0,0,8,0,0,0,0,0,0,0,0
15:35:19.878,1,401,0,0,8,4e,a0,0,0,45,0,0,0
15:35:19.942,1,300,0,0,8,0,5a,64,5a,0,0,0,ae
15:35:20.005,1,400,0,0,8,1,0,c,0,0,0,0,0
15:35:20.068,1,403,0,0,8,64,0,0,0,40,e3,9,0
15:35:20.131,1,206,0,0,8,0,0,0,0,0,0,0,0
15:35:20.195,1,201,0,0,5,52,3,0,0,2,,,
15:35:20.257,1,401,0,0,8,50,a0,0,0,44,0,0,0
15:35:20.322,1,206,0,0,8,0,0,0,0,0,0,0,0
15:35:20.384,1,401,0,0,8,4e,a0,0,0,44,0,0,0
15:35:20.447,1,300,0,0,8,0,5a,64,5a,0,0,0,c8
15:35:20.511,1,206,0,0,8,0,0,0,0,0,0,0,0
15:35:20.574,1,401,0,0,8,50,a0,0,0,44,0,0,0
15:35:20.637,1,300,0,0,8,0,5a,64,5a,0,0,0,8c
15:35:20.701,1,300,0,0,8,0,5a,64,5a,0,0,0,9d
15:35:20.765,1,401,0,0,8,50,a0,0,0,45,0,0,0
15:35:20.830,1,206,0,0,8,0,0,0,0,0,0,0,0
15:35:20.891,1,401,0,0,8,50,a0,0,0,45,0,0,0
15:35:20.955,1,401,0,0,8,50,a0,0,0,44,0,0,0
15:35:21.020,1,206,0,0,8,0,0,0,0,0,0,0,0
15:35:21.082,1,401,0,0,8,50,a0,0,0,44,0,0,0
15:35:21.146,1,300,0,0,8,0,5a,64,5a,0,0,0,26
15:35:21.211,1,203,0,0,8,0,0,0,0,0,0,0,0
15:35:21.272,1,401,0,0,8,50,a0,0,0,45,0,0,0
15:35:21.335,1,300,0,0,8,0,5a,64,5a,0,0,0,ea
15:35:21.398,1,300,0,0,8,0,5a,64,5a,0,0,0,fb
15:35:21.461,1,401,0,0,8,52,a0,0,0,45,0,0,0
15:35:21.524,1,206,0,0,8,0,0,0,0,0,0,0,0
15:35:21.588,1,401,0,0,8,50,a0,0,0,45,0,0,0
15:35:21.650,1,300,0,0,8,0,5a,64,5a,0,0,0,40
15:35:21.713,1,206,0,0,8,0,0,0,0,0,0,0,0
15:35:21.776,1,401,0,0,8,50,a0,0,0,44,0,0,0
15:35:21.840,1,666,0,0,8,52,8,5,0,52,95,36,2
15:35:21.904,1,203,0,0,8,0,0,0,0,0,0,0,0
15:35:21.969,1,401,0,0,8,52,a0,0,0,45,0,0,0
15:35:22.031,1,206,0,0,8,0,0,0,0,0,0,0,0
15:35:22.095,1,201,0,0,5,e4,2,0,0,2,,,
15:35:22.159,1,401,0,0,8,52,a0,0,0,45,0,0,0
15:35:22.221,1,206,0,0,8,0,0,0,0,0,0,0,0
15:35:22.284,1,401,0,0,8,52,a0,0,0,44,0,0,0
15:35:22.348,1,300,0,0,8,0,5a,64,5a,0,0,0,ae
15:35:22.412,1,400,0,0,8,1,0,c,0,0,0,0,0
15:35:22.475,1,401,0,0,8,50,a0,0,0,44,0,0,0
15:35:22.539,1,300,0,0,8,0,5a,64,5a,0,0,0,62
15:35:22.602,1,301,0,0,3,96,3,0,,,,,
15:35:22.665,1,401,0,0,8,52,a0,0,0,44,0,0,0
15:35:22.728,1,206,0,0,8,0,0,0,0,0,0,0,0
15:35:22.791,1,401,0,0,8,52,a0,0,0,45,0,0,0
15:35:22.854,1,401,0,0,8,50,a0,0,0,45,0,0,0
15:35:22.917,1,206,0,0,8,0,0,0,0,0,0,0,0
15:35:22.981,1,401,0,0,8,50,a0,0,0,45,0,0,0
15:35:23.046,1,300,0,0,8,0,5a,64,5a,0,0,0,8c
15:35:23.106,1,203,0,0,8,0,0,0,0,0,0,0,0
15:35:23.172,1,401,0,0,8,52,a0,0,0,45,0,0,0
15:35:23.232,1,206,0,0,8,0,0,0,0,0,0,0,0
15:35:23.295,1,401,0,0,8,52,a0,0,0,44,0,0,0
15:35:23.358,1,401,0,0,8,52,a0,0,0,44,0,0,0
15:35:23.422,1,206,0,0,8,0,0,0,0,0,0,0,0
15:35:23.491,1,401,0,0,8,52,a0,0,0,45,0,0,0
15:35:23.554,1,300,0,0,8,0,5a,64,5a,0,0,0,26
15:35:23.617,1,206,0,0,8,0,0,0,0,0,0,0,0
15:35:23.681,1,401,0,0,8,52,a0,0,0,45,0,0,0
15:35:23.744,1,300,0,0,8,0,5a,64,5a,0,0,0,ea
15:35:23.808,1,203,0,0,8,0,0,0,0,0,0,0,0
15:35:23.871,1,401,0,0,8,52,a0,0,0,45,0,0,0
15:35:23.935,1,206,0,0,8,0,0,0,0,0,0,0,0
15:35:23.998,1,401,0,0,8,52,a0,0,0,44,0,0,0
15:35:24.062,1,403,0,0,8,64,0,0,0,40,e3,9,0
15:35:24.125,1,206,0,0,8,0,0,0,0,0,0,0,0
15:35:24.188,1,401,0,0,8,50,a0,0,0,44,0,0,0
15:35:24.251,1,300,0,0,8,0,5a,64,5a,0,0,0,4
15:35:24.316,1,400,0,0,8,1,0,c,0,0,0,0,0
15:35:24.378,1,404,0,0,2,20,0,,,,,,
15:35:24.442,1,404,0,0,2,22,0,,,,,,
15:35:24.506,1,203,0,0,8,0,0,0,0,0,0,0,0
15:35:24.569,1,404,0,0,2,26,0,,,,,,
15:35:24.632,1,206,0,0,8,0,0,0,0,0,0,0,0
15:35:24.696,1,201,0,0,5,e4,2,0,0,2,,,
15:35:24.758,1,404,0,0,2,2,0,,,,,,
15:35:24.822,1,204,0,0,8,0,0,0,0,0,0,0,0
15:35:24.885,1,404,0,0,2,b1,1,,,,,,
15:35:24.949,1,300,0,0,8,0,5a,64,5a,0,0,0,62
15:35:25.013,1,400,0,0,8,1,0,c,0,0,0,0,0
15:35:25.077,1,403,0,0,8,64,0,0,0,40,e3,9,0
15:35:25.141,1,300,0,0,8,0,5a,64,5a,0,0,0,26
15:35:25.205,1,203,0,0,8,0,0,0,0,0,0,0,0
15:35:25.268,1,201,0,0,5,e4,2,0,0,2,,,
15:35:25.332,1,206,0,0,8,0,0,0,0,0,0,0,0
15:35:25.396,1,201,0,0,5,e4,2,0,0,2,,,
15:35:25.459,1,201,0,0,5,e4,2,0,0,2,,,
15:35:25.522,1,206,0,0,8,0,0,0,0,0,0,0,0
15:35:25.586,1,201,0,0,5,f8,2,0,0,2,,,
15:35:25.649,1,300,0,0,8,0,5a,64,5a,0,0,0,40
15:35:25.713,1,400,0,0,8,1,0,c,0,0,0,0,0
15:35:25.776,1,201,0,0,5,f8,2,0,0,2,,,
15:35:25.841,1,300,0,0,8,0,5a,64,5a,0,0,0,4
15:35:25.903,1,401,0,0,8,50,a0,0,0,44,0,0,0
15:35:25.966,1,201,0,0,5,f8,2,0,0,2,,,
15:35:26.029,1,206,0,0,8,0,0,0,0,0,0,0,0
15:35:26.093,1,201,0,0,5,f8,2,0,0,2,,,
15:35:26.155,1,201,0,0,5,f8,2,0,0,2,,,
15:35:26.218,1,400,0,0,8,1,0,c,0,0,0,0,0
15:35:26.282,1,201,0,0,5,f8,2,0,0,2,,,
15:35:26.345,1,300,0,0,8,0,5a,64,5a,0,0,0,ae
15:35:26.407,1,203,0,0,8,0,0,0,0,0,0,0,0
15:35:26.470,1,201,0,0,5,f8,2,0,0,2,,,
15:35:26.533,1,206,0,0,8,0,0,0,0,0,0,0,0
15:35:26.596,1,201,0,0,5,16,3,0,0,2,,,
15:35:26.659,1,201,0,0,5,16,3,0,0,2,,,
15:35:26.722,1,400,0,0,8,1,0,c,0,0,0,0,0
15:35:26.785,1,201,0,0,5,16,3,0,0,2,,,
15:35:26.848,1,300,0,0,8,0,5a,64,5a,0,0,0,c8
15:35:26.911,1,203,0,0,8,0,0,0,0,0,0,0,0
15:35:26.979,1,201,0,0,5,16,3,0,0,2,,,
15:35:27.043,1,300,0,0,8,0,5a,64,5a,0,0,0,8c
15:35:27.107,1,401,0,0,8,54,a0,0,0,44,0,0,0
15:35:27.170,1,201,0,0,5,16,3,0,0,2,,,
15:35:27.233,1,206,0,0,8,0,0,0,0,0,0,0,0
15:35:27.300,1,201,0,0,5,16,3,0,0,2,,,
15:35:27.360,1,201,0,0,5,16,3,0,0,2,,,
15:35:27.423,1,400,0,0,8,1,0,c,0,0,0,0,0
15:35:27.486,1,201,0,0,5,48,3,0,0,2,,,
15:35:27.549,1,300,0,0,8,0,5a,64,5a,0,0,0,26
15:35:27.613,1,400,0,0,8,1,0,c,0,0,0,0,0
15:35:27.677,1,201,0,0,5,48,3,0,0,2,,,
15:35:27.740,1,300,0,0,8,0,5a,64,5a,0,0,0,ea
15:35:27.803,1,300,0,0,8,0,5a,64,5a,0,0,0,fb
15:35:27.867,1,200,0,0,8,5f,0,62,59,9,0,2,0
15:35:27.930,1,206,0,0,8,0,0,0,0,0,0,0,0
15:35:27.995,1,201,0,0,5,48,3,0,0,2,,,
15:35:28.056,1,403,0,0,8,64,0,0,0,40,e3,9,0
15:35:28.120,1,400,0,0,8,1,0,c,0,0,0,0,0
15:35:28.183,1,201,0,0,5,48,3,0,0,2,,,
15:35:28.247,1,300,0,0,8,0,5a,64,5a,0,0,0,4
15:35:28.310,1,203,0,0,8,0,0,0,0,0,0,0,0
15:35:28.373,1,201,0,0,5,70,3,0,0,2,,,
15:35:28.436,1,300,0,0,8,0,5a,64,5a,0,0,0,c8
15:35:28.499,1,201,0,0,5,70,3,0,0,2,,,
15:35:28.562,1,402,0,0,8,5f,0,0,0,28,59,9,0
15:35:28.626,1,400,0,0,8,1,0,c,0,0,0,0,0
15:35:28.689,1,201,0,0,5,70,3,0,0,2,,,
15:35:28.753,1,300,0,0,8,0,5a,64,5a,0,0,0,ae
15:35:28.816,1,204,0,0,8,0,0,0,0,0,0,0,0
15:35:28.880,1,201,0,0,5,70,3,0,0,2,,,
15:35:28.942,1,300,0,0,8,0,5a,64,5a,0,0,0,62
15:35:29.006,1,401,0,0,8,54,a0,0,0,45,0,0,0
15:35:29.069,1,403,0,0,8,64,0,0,0,40,e3,9,0
15:35:29.133,1,206,0,0,8,0,0,0,0,0,0,0,0
15:35:29.196,1,201,0,0,5,a2,3,0,0,2,,,
15:35:29.259,1,201,0,0,5,a2,3,0,0,2,,,
15:35:29.322,1,400,0,0,8,1,0,c,0,0,0,0,0
15:35:29.385,1,201,0,0,5,a2,3,0,0,2,,,
15:35:29.449,1,300,0,0,8,0,5a,64,5a,0,0,0,8c
15:35:29.512,1,401,0,0,8,54,a0,0,0,45,0,0,0
15:35:29.576,1,402,0,0,8,5f,0,0,0,28,59,9,0
15:35:29.639,1,300,0,0,8,0,5a,64,5a,0,0,0,40
15:35:29.702,1,300,0,0,8,0,5a,64,5a,0,0,0,51
15:35:29.766,1,201,0,0,5,a2,3,0,0,2,,,
15:35:29.828,1,400,0,0,8,1,0,c,0,0,0,0,0
15:35:29.892,1,201,0,0,5,a2,3,0,0,2,,,
15:35:29.955,1,301,0,0,3,f5,6,0,,,,,
15:35:30.019,1,400,0,0,8,1,0,c,0,0,0,0,0
15:35:30.082,1,403,0,0,8,64,0,0,0,40,e3,9,0
15:35:30.146,1,300,0,0,8,0,5a,64,5a,0,0,0,ea
15:35:30.210,1,203,0,0,8,0,0,0,0,0,0,0,0
15:35:30.272,1,201,0,0,5,d4,3,0,0,2,,,
15:35:30.336,1,206,0,0,8,0,0,0,0,0,0,0,0
15:35:30.398,1,201,0,0,5,d4,3,0,0,2,,,
15:35:30.461,1,201,0,0,5,d4,3,0,0,2,,,
15:35:30.532,1,400,0,0,8,1,0,c,0,0,0,0,0
15:35:30.589,1,402,0,0,8,5f,0,0,0,28,59,9,0
15:35:30.653,1,300,0,0,8,0,5a,64,5a,0,0,0,4
15:35:30.715,1,400,0,0,8,1,0,c,0,0,0,0,0
15:35:30.778,1,201,0,0,5,6,4,0,0,2,,,
15:35:30.841,1,666,0,0,8,52,8,5,0,52,95,36,2
15:35:30.904,1,301,0,0,3,88,9,0,,,,,
15:35:30.968,1,201,0,0,5,6,4,0,0,2,,,
15:35:31.032,1,400,0,0,8,1,0,c,0,0,0,0,0
15:35:31.094,1,403,0,0,8,64,0,0,0,40,e3,9,0
15:35:31.158,1,201,0,0,5,6,4,0,0,2,,,
15:35:31.220,1,400,0,0,8,1,0,c,0,0,0,0,0
15:35:31.283,1,201,0,0,5,6,4,0,0,2,,,
15:35:31.346,1,300,0,0,8,0,5a,64,5a,0,0,0,62
15:35:31.410,1,203,0,0,8,0,0,0,0,0,0,0,0
15:35:31.474,1,201,0,0,5,38,4,0,0,2,,,
15:35:31.538,1,206,0,0,8,0,0,0,0,0,0,0,0
15:35:31.602,1,201,0,0,5,38,4,0,0,2,,,
15:35:31.664,1,201,0,0,5,38,4,0,0,2,,,
15:35:31.728,1,400,0,0,8,1,0,c,0,0,0,0,0
15:35:31.791,1,201,0,0,5,38,4,0,0,2,,,
15:35:31.856,1,301,0,0,3,b5,c,0,,,,,
15:35:31.917,1,206,0,0,8,0,0,0,0,0,0,0,0
15:35:31.980,1,201,0,0,5,38,4,0,0,2,,,
15:35:32.047,1,300,0,0,8,0,5a,64,5a,0,0,0,40
15:35:32.110,1,203,0,0,8,0,0,0,0,0,0,0,0
15:35:32.173,1,201,0,0,5,38,4,0,0,2,,,
15:35:32.236,1,206,0,0,8,0,0,0,0,0,0,0,0
15:35:32.299,1,201,0,0,5,38,4,0,0,2,,,
15:35:32.362,1,404,0,0,2,20,0,,,,,,
15:35:32.427,1,206,0,0,8,0,0,0,0,0,0,0,0
15:35:32.489,1,201,0,0,5,38,4,0,0,2,,,
15:35:32.552,1,300,0,0,8,0,5a,64,5a,0,0,0,ea
15:35:32.615,1,401,0,0,8,58,a0,0,0,45,0,0,0
15:35:32.678,1,404,0,0,2,4d,0,,,,,,
15:35:32.741,1,300,0,0,8,0,5a,64,5a,0,0,0,ae
15:35:32.804,1,301,0,0,3,e8,f,0,,,,,
15:35:32.867,1,404,0,0,2,b1,1,,,,,,
15:35:32.933,1,206,0,0,8,0,0,0,0,0,0,0,0
15:35:32.996,1,201,0,0,5,38,4,0,0,2,,,
15:35:33.059,1,403,0,0,8,64,0,0,0,40,e3,9,0
15:35:33.122,1,206,0,0,8,0,0,0,0,0,0,0,0
15:35:33.185,1,201,0,0,5,38,4,0,0,2,,,
15:35:33.248,1,300,0,0,8,0,5a,64,5a,0,0,0,c8
15:35:33.312,1,203,0,0,8,0,0,0,0,0,0,0,0
15:35:33.375,1,201,0,0,5,38,4,0,0,2,,,
15:35:33.439,1,400,0,0,8,1,0,c,0,0,0,0,0
15:35:33.503,1,201,0,0,5,38,4,0,0,2,,,
15:35:33.566,1,402,0,0,8,5f,0,0,0,28,59,9,0
15:35:33.630,1,206,0,0,8,0,0,0,0,0,0,0,0
15:35:33.694,1,201,0,0,5,38,4,0,0,2,,,
15:35:33.756,1,201,0,0,5,38,4,0,0,2,,,
15:35:33.820,1,401,0,0,8,54,a0,0,0,44,0,0,0
15:35:33.883,1,201,0,0,5,38,4,0,0,2,,,
15:35:33.947,1,300,0,0,8,0,5a,64,5a,0,0,0,26
15:35:34.010,1,203,0,0,8,0,0,0,0,0,0,0,0
15:35:34.074,1,201,0,0,5,38,4,0,0,2,,,
15:35:34.137,1,206,0,0,8,0,0,0,0,0,0,0,0
15:35:34.200,1,201,0,0,5,38,4,0,0,2,,,
15:35:34.263,1,201,0,0,5,24,4,0,0,2,,,
15:35:34.327,1,206,0,0,8,0,0,0,0,0,0,0,0
15:35:34.391,1,201,0,0,5,24,4,0,0,2,,,
15:35:34.454,1,300,0,0,8,0,5a,64,5a,0,0,0,40
15:35:34.522,1,401,0,0,8,56,a0,0,0,45,0,0,0
15:35:34.580,1,201,0,0,5,24,4,0,0,2,,,
15:35:34.643,1,400,0,0,8,1,0,c,0,0,0,0,0
15:35:34.707,1,203,0,0,8,0,0,0,0,0,0,0,0
15:35:34.769,1,201,0,0,5,24,4,0,0,2,,,
15:35:34.832,1,206,0,0,8,0,0,0,0,0,0,0,0
15:35:34.895,1,201,0,0,5,24,4,0,0,2,,,
15:35:34.958,1,201,0,0,5,24,4,0,0,2,,,
15:35:35.026,1,401,0,0,8,56,a0,0,0,44,0,0,0
15:35:35.089,1,201,0,0,5,24,4,0,0,2,,,
15:35:35.152,1,300,0,0,8,0,5a,64,5a,0,0,0,ae
15:35:35.217,1,401,0,0,8,54,a0,0,0,45,0,0,0
15:35:35.279,1,201,0,0,5,24,4,0,0,2,,,
15:35:35.343,1,400,0,0,8,1,0,c,0,0,0,0,0
15:35:35.406,1,301,0,0,3,96,3,0,,,,,
15:35:35.470,1,201,0,0,5,24,4,0,0,2,,,
15:35:35.533,1,206,0,0,8,0,0,0,0,0,0,0,0
15:35:35.595,1,201,0,0,5,24,4,0,0,2,,,
15:35:35.658,1,201,0,0,5,24,4,0,0,2,,,
15:35:35.721,1,401,0,0,8,56,a0,0,0,44,0,0,0
15:35:35.784,1,201,0,0,5,1a,4,0,0,2,,,
15:35:35.847,1,300,0,0,8,0,5a,64,5a,0,0,0,8c
15:35:35.911,1,203,0,0,8,0,0,0,0,0,0,0,0
15:35:35.974,1,201,0,0,5,1a,4,0,0,2,,,
15:35:36.038,1,206,0,0,8,0,0,0,0,0,0,0,0
15:35:36.101,1,201,0,0,5,1a,4,0,0,2,,,
15:35:36.165,1,201,0,0,5,1a,4,0,0,2,,,
15:35:36.229,1,401,0,0,8,56,a0,0,0,45,0,0,0
15:35:36.291,1,201,0,0,5,1a,4,0,0,2,,,
15:35:36.355,1,300,0,0,8,0,5a,64,5a,0,0,0,26
15:35:36.418,1,401,0,0,8,56,a0,0,0,45,0,0,0
15:35:36.481,1,201,0,0,5,2e,4,0,0,2,,,
15:35:36.544,1,400,0,0,8,1,0,c,0,0,0,0,0
15:35:36.607,1,402,0,0,8,5f,0,0,0,28,59,9,0
15:35:36.674,1,201,0,0,5,2e,4,0,0,2,,,
15:35:36.737,1,206,0,0,8,0,0,0,0,0,0,0,0
15:35:36.800,1,201,0,0,5,2e,4,0,0,2,,,
15:35:36.865,1,200,0,0,8,5f,0,50,59,9,0,2,0
15:35:36.927,1,401,0,0,8,58,a0,0,0,44,0,0,0
15:35:36.990,1,201,0,0,5,2e,4,0,0,2,,,
15:35:37.054,1,300,0,0,8,0,5a,64,5a,0,0,0,4
15:35:37.117,1,401,0,0,8,56,a0,0,0,44,0,0,0
15:35:37.181,1,201,0,0,5,2e,4,0,0,2,,,
15:35:37.244,1,400,0,0,8,1,0,c,0,0,0,0,0
15:35:37.310,1,203,0,0,8,0,0,0,0,0,0,0,0
15:35:37.370,1,201,0,0,5,38,4,0,0,2,,,
15:35:37.433,1,206,0,0,8,0,0,0,0,0,0,0,0
15:35:37.497,1,201,0,0,5,38,4,0,0,2,,,
15:35:37.560,1,201,0,0,5,38,4,0,0,2,,,
15:35:37.622,1,401,0,0,8,58,a0,0,0,45,0,0,0
15:35:37.685,1,201,0,0,5,38,4,0,0,2,,,
15:35:37.748,1,400,0,0,8,1,0,c,0,0,0,0,0
15:35:37.811,1,203,0,0,8,0,0,0,0,0,0,0,0
15:35:37.874,1,201,0,0,5,38,4,0,0,2,,,
15:35:37.937,1,206,0,0,8,0,0,0,0,0,0,0,0
15:35:38.003,1,201,0,0,5,38,4,0,0,2,,,
15:35:38.065,1,201,0,0,5,38,4,0,0,2,,,
15:35:38.128,1,401,0,0,8,58,a0,0,0,44,0,0,0
15:35:38.192,1,201,0,0,5,38,4,0,0,2,,,
15:35:38.254,1,300,0,0,8,0,5a,64,5a,0,0,0,8c
15:35:38.318,1,401,0,0,8,58,a0,0,0,45,0,0,0
15:35:38.380,1,201,0,0,5,38,4,0,0,2,,,
15:35:38.443,1,400,0,0,8,1,0,c,0,0,0,0,0
15:35:38.506,1,203,0,0,8,0,0,0,0,0,0,0,0
15:35:38.569,1,201,0,0,5,38,4,0,0,2,,,
15:35:38.633,1,401,0,0,8,5a,a0,0,0,45,0,0,0
15:35:38.696,1,201,0,0,5,42,4,0,0,2,,,
15:35:38.759,1,201,0,0,5,42,4,0,0,2,,,
15:35:38.822,1,204,0,0,8,0,0,0,0,0,0,0,0
15:35:38.885,1,201,0,0,5,42,4,0,0,2,,,
15:35:38.948,1,400,0,0,8,1,0,c,0,0,0,0,0
15:35:39.012,1,203,0,0,8,0,0,0,0,0,0,0,0
15:35:39.075,1,201,0,0,5,42,4,0,0,2,,,
15:35:39.138,1,206,0,0,8,0,0,0,0,0,0,0,0
15:35:39.204,1,201,0,0,5,42,4,0,0,2,,,
15:35:39.264,1,201,0,0,5,42,4,0,0,2,,,
15:35:39.328,1,401,0,0,8,56,a0,0,0,44,0,0,0
15:35:39.390,1,201,0,0,5,4c,4,0,0,2,,,
15:35:39.453,1,400,0,0,8,1,0,c,0,0,0,0,0
15:35:39.516,1,401,0,0,8,58,a0,0,0,45,0,0,0
15:35:39.580,1,201,0,0,5,4c,4,0,0,2,,,
15:35:39.642,1,300,0,0,8,0,5a,64,5a,0,0,0,c8
15:35:39.705,1,301,0,0,3,88,9,0,,,,,
15:35:39.770,1,201,0,0,5,4c,4,0,0,2,,,
15:35:39.817,1,401,0,0,8,56,a0,0,0,45,0,0,0
15:35:39.894,1,201,0,0,5,4c,4,0,0,2,,,
15:35:39.959,1,201,0,0,5,4c,4,0,0,2,,,
15:35:40.020,1,401,0,0,8,58,a0,0,0,45,0,0,0
15:35:40.083,1,201,0,0,5,74,4,0,0,2,,,
15:35:40.146,1,300,0,0,8,0,5a,64,5a,0,0,0,62
15:35:40.209,1,203,0,0,8,0,0,0,0,0,0,0,0
15:35:40.273,1,404,0,0,2,44,0,,,,,,
15:35:40.335,1,401,0,0,8,58,a0,0,0,44,0,0,0
15:35:40.398,1,201,0,0,5,74,4,0,0,2,,,
15:35:40.462,1,404,0,0,2,23,0,,,,,,
15:35:40.524,1,401,0,0,8,58,a0,0,0,44,0,0,0
15:35:40.587,1,201,0,0,5,74,4,0,0,2,,,
15:35:40.651,1,300,0,0,8,0,5a,64,5a,0,0,0,8c
15:35:40.715,1,203,0,0,8,0,0,0,0,0,0,0,0
15:35:40.778,1,404,0,0,2,a,0,,,,,,
15:35:40.841,1,404,0,0,2,b0,1,,,,,,
15:35:40.905,1,300,0,0,8,0,5a,64,5a,0,0,0,51
15:35:40.970,1,201,0,0,5,60,4,0,0,2,,,
15:35:41.032,1,401,0,0,8,58,a0,0,0,46,0,0,0
15:35:41.095,1,201,0,0,5,60,4,0,0,2,,,
15:35:41.158,1,400,0,0,8,1,0,c,0,0,0,0,0
15:35:41.221,1,401,0,0,8,56,a0,0,0,44,0,0,0
15:35:41.284,1,201,0,0,5,60,4,0,0,2,,,
15:35:41.348,1,300,0,0,8,0,5a,64,5a,0,0,0,ea
15:35:41.410,1,203,0,0,8,0,0,0,0,0,0,0,0
15:35:41.474,1,201,0,0,5,74,4,0,0,2,,,
15:35:41.536,1,206,0,0,8,0,0,0,0,0,0,0,0
15:35:41.599,1,201,0,0,5,74,4,0,0,2,,,
15:35:41.662,1,201,0,0,5,74,4,0,0,2,,,
15:35:41.725,1,206,0,0,8,0,0,0,0,0,0,0,0
15:35:41.788,1,201,0,0,5,74,4,0,0,2,,,
15:35:41.852,1,300,0,0,8,0,5a,64,5a,0,0,0,4
15:35:41.914,1,203,0,0,8,0,0,0,0,0,0,0,0
15:35:41.978,1,201,0,0,5,74,4,0,0,2,,,
15:35:42.042,1,401,0,0,8,58,a0,0,0,44,0,0,0
15:35:42.106,1,201,0,0,5,88,4,0,0,2,,,
15:35:42.167,1,201,0,0,5,88,4,0,0,2,,,
15:35:42.230,1,206,0,0,8,0,0,0,0,0,0,0,0
15:35:42.293,1,201,0,0,5,88,4,0,0,2,,,
15:35:42.356,1,300,0,0,8,0,5a,64,5a,0,0,0,ae
15:35:42.419,1,206,0,0,8,0,0,0,0,0,0,0,0
15:35:42.483,1,201,0,0,5,88,4,0,0,2,,,
15:35:42.546,1,300,0,0,8,0,5a,64,5a,0,0,0,62
15:35:42.609,1,203,0,0,8,0,0,0,0,0,0,0,0
15:35:42.672,1,201,0,0,5,88,4,0,0,2,,,
15:35:42.735,1,206,0,0,8,0,0,0,0,0,0,0,0
15:35:42.798,1,201,0,0,5,b0,4,0,0,2,,,
15:35:42.864,1,400,0,0,8,1,0,c,0,0,0,0,0
15:35:42.926,1,206,0,0,8,0,0,0,0,0,0,0,0
15:35:42.988,1,201,0,0,5,b0,4,0,0,2,,,
15:35:43.051,1,300,0,0,8,0,5a,64,5a,0,0,0,8c
15:35:43.114,1,203,0,0,8,0,0,0,0,0,0,0,0
15:35:43.179,1,201,0,0,5,b0,4,0,0,2,,,
15:35:43.240,1,206,0,0,8,0,0,0,0,0,0,0,0
15:35:43.304,1,201,0,0,5,b0,4,0,0,2,,,
15:35:43.366,1,201,0,0,5,b0,4,0,0,2,,,
15:35:43.431,1,206,0,0,8,0,0,0,0,0,0,0,0
15:35:43.493,1,201,0,0,5,b0,4,0,0,2,,,
15:35:43.556,1,300,0,0,8,0,5a,64,5a,0,0,0,26
15:35:43.619,1,402,0,0,8,5f,0,0,0,28,59,9,0
15:35:43.682,1,201,0,0,5,b0,4,0,0,2,,,
15:35:43.746,1,300,0,0,8,0,5a,64,5a,0,0,0,ea
15:35:43.810,1,301,0,0,3,43,b,0,,,,,
15:35:43.872,1,201,0,0,5,b0,4,0,0,2,,,
15:35:43.936,1,206,0,0,8,0,0,0,0,0,0,0,0
15:35:43.999,1,201,0,0,5,c4,4,0,0,2,,,
15:35:44.064,1,400,0,0,8,1,0,c,0,0,0,0,0
15:35:44.126,1,403,0,0,8,64,0,0,0,40,e3,9,0
15:35:44.189,1,201,0,0,5,c4,4,0,0,2,,,
15:35:44.252,1,300,0,0,8,0,5a,64,5a,0,0,0,4
15:35:44.316,1,203,0,0,8,0,0,0,0,0,0,0,0
15:35:44.380,1,201,0,0,5,c4,4,0,0,2,,,
15:35:44.443,1,401,0,0,8,58,a0,0,0,45,0,0,0
15:35:44.506,1,300,0,0,8,0,5a,64,5a,0,0,0,d9
15:35:44.569,1,201,0,0,5,e2,4,0,0,2,,,
15:35:44.632,1,206,0,0,8,0,0,0,0,0,0,0,0
15:35:44.696,1,201,0,0,5,e2,4,0,0,2,,,
15:35:44.759,1,301,0,0,3,1d,e,0,,,,,
15:35:44.823,1,204,0,0,8,0,0,0,0,0,0,0,0
15:35:44.887,1,201,0,0,5,e2,4,0,0,2,,,
15:35:44.950,1,300,0,0,8,0,5a,64,5a,0,0,0,62
15:35:45.013,1,203,0,0,8,0,0,0,0,0,0,0,0
15:35:45.076,1,201,0,0,5,e2,4,0,0,2,,,
15:35:45.140,1,206,0,0,8,0,0,0,0,0,0,0,0
15:35:45.203,1,201,0,0,5,e2,4,0,0,2,,,
15:35:45.265,1,400,0,0,8,1,0,c,0,0,0,0,0
15:35:45.329,1,206,0,0,8,0,0,0,0,0,0,0,0
15:35:45.392,1,201,0,0,5,ec,4,0,0,2,,,
15:35:45.457,1,300,0,0,8,0,5a,64,5a,0,0,0,8c
15:35:45.519,1,206,0,0,8,0,0,0,0,0,0,0,0
15:35:45.583,1,201,0,0,5,ec,4,0,0,2,,,
15:35:45.645,1,401,0,0,8,5a,a0,0,0,45,0,0,0
15:35:45.708,1,301,0,0,3,b3,1,0,,,,,
15:35:45.773,1,201,0,0,5,ec,4,0,0,2,,,
15:35:45.836,1,206,0,0,8,0,0,0,0,0,0,0,0
15:35:45.900,1,201,0,0,5,0,5,0,0,2,,,
15:35:45.963,1,400,0,0,8,1,0,c,0,0,0,0,0
15:35:46.027,1,206,0,0,8,0,0,0,0,0,0,0,0
15:35:46.089,1,201,0,0,5,0,5,0,0,2,,,
15:35:46.152,1,300,0,0,8,0,5a,64,5a,0,0,0,ea
15:35:46.217,1,203,0,0,8,0,0,0,0,0,0,0,0
15:35:46.279,1,201,0,0,5,0,5,0,0,2,,,
15:35:46.344,1,401,0,0,8,5a,a0,0,0,44,0,0,0
15:35:46.405,1,201,0,0,5,0,5,0,0,2,,,
15:35:46.469,1,400,0,0,8,1,0,c,0,0,0,0,0
15:35:46.533,1,206,0,0,8,0,0,0,0,0,0,0,0
15:35:46.595,1,201,0,0,5,14,5,0,0,2,,,
15:35:46.658,1,301,0,0,3,3,4,0,,,,,
15:35:46.722,1,206,0,0,8,0,0,0,0,0,0,0,0
15:35:46.785,1,201,0,0,5,14,5,0,0,2,,,
15:35:46.848,1,401,0,0,8,5a,a0,0,0,45,0,0,0
15:35:46.911,1,203,0,0,8,0,0,0,0,0,0,0,0
15:35:46.975,1,201,0,0,5,14,5,0,0,2,,,
15:35:47.039,1,206,0,0,8,0,0,0,0,0,0,0,0
15:35:47.101,1,201,0,0,5,14,5,0,0,2,,,
15:35:47.164,1,400,0,0,8,1,0,c,0,0,0,0,0
15:35:47.229,1,206,0,0,8,0,0,0,0,0,0,0,0
15:35:47.291,1,201,0,0,5,14,5,0,0,2,,,
15:35:47.355,1,300,0,0,8,0,5a,64,5a,0,0,0,62
15:35:47.418,1,203,0,0,8,0,0,0,0,0,0,0,0
15:35:47.482,1,201,0,0,5,14,5,0,0,2,,,
15:35:47.545,1,401,0,0,8,58,a0,0,0,45,0,0,0
15:35:47.608,1,300,0,0,8,0,5a,64,5a,0,0,0,37
15:35:47.671,1,400,0,0,8,1,0,c,0,0,0,0,0
15:35:47.735,1,206,0,0,8,0,0,0,0,0,0,0,0
15:35:47.798,1,201,0,0,5,a,5,0,0,2,,,
15:35:47.862,1,400,0,0,8,1,0,c,0,0,0,0,0
15:35:47.924,1,206,0,0,8,0,0,0,0,0,0,0,0
15:35:47.992,1,201,0,0,5,a,5,0,0,2,,,
15:35:48.055,1,401,0,0,8,5a,a0,0,0,45,0,0,0
15:35:48.121,1,203,0,0,8,0,0,0,0,0,0,0,0
15:35:48.182,1,201,0,0,5,28,5,0,0,2,,,
15:35:48.245,1,401,0,0,8,58,a0,0,0,44,0,0,0
15:35:48.308,1,301,0,0,3,54,5,0,,,,,
15:35:48.373,1,400,0,0,8,1,0,c,0,0,0,0,0
15:35:48.435,1,206,0,0,8,0,0,0,0,0,0,0,0
15:35:48.498,1,201,0,0,5,28,5,0,0,2,,,
15:35:48.561,1,404,0,0,2,26,0,,,,,,
15:35:48.624,1,404,0,0,2,4c,0,,,,,,
15:35:48.687,1,404,0,0,2,4d,0,,,,,,
15:35:48.751,1,401,0,0,8,5a,a0,0,0,45,0,0,0
15:35:48.815,1,203,0,0,8,0,0,0,0,0,0,0,0
15:35:48.876,1,400,0,0,8,1,0,c,0,0,0,0,0
15:35:48.939,1,206,0,0,8,0,0,0,0,0,0,0,0
15:35:49.002,1,201,0,0,5,28,5,0,0,2,,,
15:35:49.065,1,400,0,0,8,1,0,c,0,0,0,0,0
15:35:49.128,1,403,0,0,8,64,0,0,0,40,e3,9,0
15:35:49.192,1,201,0,0,5,28,5,0,0,2,,,
15:35:49.254,1,401,0,0,8,5a,a0,0,0,45,0,0,0
15:35:49.318,1,203,0,0,8,0,0,0,0,0,0,0,0
15:35:49.383,1,201,0,0,5,28,5,0,0,2,,,
15:35:49.448,1,300,0,0,8,0,5a,64,5a,0,0,0,8c
15:35:49.506,1,201,0,0,5,28,5,0,0,2,,,
15:35:49.570,1,400,0,0,8,1,0,c,0,0,0,0,0
15:35:49.632,1,402,0,0,8,5f,0,0,0,28,59,9,0
15:35:49.695,1,201,0,0,5,28,5,0,0,2,,,
15:35:49.758,1,301,0,0,3,6b,2,0,,,,,
15:35:49.822,1,204,0,0,8,0,0,0,0,0,0,0,0
15:35:49.886,1,201,0,0,5,28,5,0,0,2,,,
15:35:49.949,1,300,0,0,8,0,5a,64,5a,0,0,0,26
15:35:50.012,1,203,0,0,8,0,0,0,0,0,0,0,0
15:35:50.075,1,400,0,0,8,1,0,c,0,0,0,0,0
15:35:50.140,1,403,0,0,8,64,0,0,0,40,e3,9,0
15:35:50.202,1,201,0,0,5,28,5,0,0,2,,,
15:35:50.252,1,400,0,0,8,1,0,c,0,0,0,0,0
15:35:50.329,1,206,0,0,8,0,0,0,0,0,0,0,0
15:35:50.392,1,201,0,0,5,28,5,0,0,2,,,
15:35:50.455,1,300,0,0,8,0,5a,64,5a,0,0,0,40
15:35:50.519,1,203,0,0,8,0,0,0,0,0,0,0,0
15:35:50.583,1,400,0,0,8,1,0,c,0,0,0,0,0
15:35:50.646,1,300,0,0,8,0,5a,64,5a,0,0,0,4
15:35:50.709,1,300,0,0,8,0,5a,64,5a,0,0,0,15
15:35:50.773,1,400,0,0,8,1,0,c,0,0,0,0,0
15:35:50.836,1,206,0,0,8,0,0,0,0,0,0,0,0
15:35:50.900,1,201,0,0,5,3c,5,0,0,2,,,
15:35:50.962,1,401,0,0,8,5c,a0,0,0,45,0,0,0
15:35:51.026,1,206,0,0,8,0,0,0,0,0,0,0,0
15:35:51.090,1,201,0,0,5,3c,5,0,0,2,,,
15:35:51.153,1,300,0,0,8,0,5a,64,5a,0,0,0,ae
15:35:51.215,1,203,0,0,8,0,0,0,0,0,0,0,0
15:35:51.279,1,400,0,0,8,1,0,c,0,0,0,0,0
15:35:51.342,1,206,0,0,8,0,0,0,0,0,0,0,0
15:35:51.405,1,201,0,0,5,50,5,0,0,2,,,
15:35:51.468,1,400,0,0,8,1,0,c,0,0,0,0,0
15:35:51.532,1,206,0,0,8,0,0,0,0,0,0,0,0
15:35:51.596,1,201,0,0,5,50,5,0,0,2,,,
15:35:51.658,1,300,0,0,8,0,5a,64,5a,0,0,0,c8
15:35:51.721,1,206,0,0,8,0,0,0,0,0,0,0,0
15:35:51.786,1,400,0,0,8,1,0,c,0,0,0,0,0
15:35:51.849,1,666,0,0,8,52,8,5,0,52,95,36,2
15:35:51.913,1,203,0,0,8,0,0,0,0,0,0,0,0
15:35:51.975,1,400,0,0,8,1,0,c,0,0,0,0,0
15:35:52.037,1,206,0,0,8,0,0,0,0,0,0,0,0
15:35:52.100,1,201,0,0,5,5a,5,0,0,2,,,
15:35:52.163,1,401,0,0,8,58,a0,0,0,45,0,0,0
15:35:52.227,1,206,0,0,8,0,0,0,0,0,0,0,0
15:35:52.290,1,201,0,0,5,64,5,0,0,2,,,
15:35:52.352,1,300,0,0,8,0,5a,64,5a,0,0,0,26
15:35:52.416,1,203,0,0,8,0,0,0,0,0,0,0,0
15:35:52.478,1,400,0,0,8,1,0,c,0,0,0,0,0
15:35:52.541,1,206,0,0,8,0,0,0,0,0,0,0,0
15:35:52.605,1,201,0,0,5,64,5,0,0,2,,,
15:35:52.669,1,400,0,0,8,1,0,c,0,0,0,0,0
15:35:52.731,1,206,0,0,8,0,0,0,0,0,0,0,0
15:35:52.796,1,201,0,0,5,6e,5,0,0,2,,,
15:35:52.859,1,300,0,0,8,0,5a,64,5a,0,0,0,40
15:35:52.922,1,206,0,0,8,0,0,0,0,0,0,0,0
15:35:52.986,1,400,0,0,8,1,0,c,0,0,0,0,0
15:35:53.049,1,300,0,0,8,0,5a,64,5a,0,0,0,4
15:35:53.112,1,203,0,0,8,0,0,0,0,0,0,0,0
15:35:53.175,1,400,0,0,8,1,0,c,0,0,0,0,0
15:35:53.239,1,206,0,0,8,0,0,0,0,0,0,0,0
15:35:53.302,1,201,0,0,5,6e,5,0,0,2,,,
15:35:53.367,1,401,0,0,8,58,a0,0,0,44,0,0,0
15:35:53.428,1,206,0,0,8,0,0,0,0,0,0,0,0
15:35:53.492,1,201,0,0,5,78,5,0,0,2,,,
15:35:53.555,1,300,0,0,8,0,5a,64,5a,0,0,0,ae
15:35:53.617,1,203,0,0,8,0,0,0,0,0,0,0,0
15:35:53.682,1,400,0,0,8,1,0,c,0,0,0,0,0
15:35:53.744,1,206,0,0,8,0,0,0,0,0,0,0,0
15:35:53.807,1,201,0,0,5,78,5,0,0,2,,,
15:35:53.871,1,400,0,0,8,1,0,c,0,0,0,0,0
15:35:53.933,1,206,0,0,8,0,0,0,0,0,0,0,0
15:35:53.997,1,201,0,0,5,8c,5,0,0,2,,,
15:35:54.060,1,301,0,0,3,80,8,0,,,,,
15:35:54.123,1,206,0,0,8,0,0,0,0,0,0,0,0
15:35:54.186,1,400,0,0,8,1,0,c,0,0,0,0,0
15:35:54.249,1,300,0,0,8,0,5a,64,5a,0,0,0,8c
15:35:54.314,1,203,0,0,8,0,0,0,0,0,0,0,0
15:35:54.377,1,400,0,0,8,1,0,c,0,0,0,0,0
15:35:54.440,1,206,0,0,8,0,0,0,0,0,0,0,0
15:35:54.504,1,201,0,0,5,96,5,0,0,2,,,
15:35:54.568,1,401,0,0,8,58,a0,0,0,45,0,0,0
15:35:54.630,1,206,0,0,8,0,0,0,0,0,0,0,0
15:35:54.694,1,201,0,0,5,96,5,0,0,2,,,
15:35:54.756,1,300,0,0,8,0,5a,64,5a,0,0,0,26
15:35:54.820,1,203,0,0,8,0,0,0,0,0,0,0,0
15:35:54.883,1,400,0,0,8,1,0,c,0,0,0,0,0
15:35:54.948,1,300,0,0,8,0,5a,64,5a,0,0,0,ea
15:35:55.010,1,301,0,0,3,43,b,0,,,,,
15:35:55.075,1,400,0,0,8,1,0,c,0,0,0,0,0
15:35:55.137,1,206,0,0,8,0,0,0,0,0,0,0,0
15:35:55.201,1,201,0,0,5,96,5,0,0,2,,,
15:35:55.263,1,401,0,0,8,5a,a0,0,0,45,0,0,0
15:35:55.328,1,206,0,0,8,0,0,0,0,0,0,0,0
15:35:55.391,1,400,0,0,8,1,0,c,0,0,0,0,0
15:35:55.454,1,300,0,0,8,0,5a,64,5a,0,0,0,4
15:35:55.516,1,203,0,0,8,0,0,0,0,0,0,0,0
15:35:55.580,1,400,0,0,8,1,0,c,0,0,0,0,0
15:35:55.643,1,206,0,0,8,0,0,0,0,0,0,0,0
15:35:55.706,1,201,0,0,5,a0,5,0,0,2,,,
15:35:55.770,1,401,0,0,8,5c,a0,0,0,45,0,0,0
15:35:55.833,1,204,0,0,8,0,0,0,0,0,0,0,0
15:35:55.903,1,400,0,0,8,1,0,c,0,0,0,0,0
15:35:55.959,1,300,0,0,8,0,5a,64,5a,0,0,0,ae
15:35:56.022,1,206,0,0,8,0,0,0,0,0,0,0,0
15:35:56.085,1,400,0,0,8,1,0,c,0,0,0,0,0
15:35:56.148,1,403,0,0,8,64,0,0,0,40,e3,9,0
15:35:56.211,1,203,0,0,8,0,0,0,0,0,0,0,0
15:35:56.273,1,401,0,0,8,5c,a0,0,0,44,0,0,0
15:35:56.337,1,206,0,0,8,0,0,0,0,0,0,0,0
15:35:56.400,1,201,0,0,5,b4,5,0,0,2,,,
15:35:56.463,1,401,0,0,8,5a,a0,0,0,44,0,0,0
15:35:56.527,1,404,0,0,2,25,0,,,,,,
15:35:56.591,1,400,0,0,8,1,0,c,0,0,0,0,0
15:35:56.654,1,402,0,0,8,5f,0,0,0,28,59,9,0
15:35:56.717,1,203,0,0,8,0,0,0,0,0,0,0,0
15:35:56.780,1,404,0,0,2,a,0,,,,,,
15:35:56.844,1,206,0,0,8,0,0,0,0,0,0,0,0
15:35:56.913,1,201,0,0,5,be,5,0,0,2,,,
15:35:56.971,1,401,0,0,8,5a,a0,0,0,44,0,0,0
15:35:57.034,1,206,0,0,8,0,0,0,0,0,0,0,0
15:35:57.098,1,400,0,0,8,1,0,c,0,0,0,0,0
15:35:57.161,1,300,0,0,8,0,5a,64,5a,0,0,0,26
15:35:57.224,1,206,0,0,8,0,0,0,0,0,0,0,0
15:35:57.287,1,400,0,0,8,1,0,c,0,0,0,0,0
15:35:57.350,1,300,0,0,8,0,5a,64,5a,0,0,0,ea
15:35:57.413,1,203,0,0,8,0,0,0,0,0,0,0,0
15:35:57.477,1,401,0,0,8,5a,a0,0,0,44,0,0,0
15:35:57.540,1,206,0,0,8,0,0,0,0,0,0,0,0
15:35:57.603,1,201,0,0,5,d2,5,0,0,2,,,
15:35:57.666,1,401,0,0,8,5a,a0,0,0,45,0,0,0
15:35:57.730,1,206,0,0,8,0,0,0,0,0,0,0,0
15:35:57.793,1,400,0,0,8,1,0,c,0,0,0,0,0
15:35:57.857,1,666,0,0,8,52,8,5,0,52,95,36,2
15:35:57.920,1,203,0,0,8,0,0,0,0,0,0,0,0
15:35:57.984,1,400,0,0,8,1,0,c,0,0,0,0,0
15:35:58.047,1,300,0,0,8,0,5a,64,5a,0,0,0,c8
15:35:58.111,1,300,0,0,8,0,5a,64,5a,0,0,0,d9
15:35:58.174,1,401,0,0,8,5c,a0,0,0,45,0,0,0
15:35:58.237,1,206,0,0,8,0,0,0,0,0,0,0,0
15:35:58.300,1,400,0,0,8,1,0,c,0,0,0,0,0
15:35:58.363,1,401,0,0,8,5c,a0,0,0,44,0,0,0
15:35:58.426,1,206,0,0,8,0,0,0,0,0,0,0,0
15:35:58.489,1,400,0,0,8,1,0,c,0,0,0,0,0
15:35:58.552,1,300,0,0,8,0,5a,64,5a,0,0,0,62
15:35:58.615,1,203,0,0,8,0,0,0,0,0,0,0,0
15:35:58.678,1,401,0,0,8,5c,a0,0,0,45,0,0,0
15:35:58.742,1,206,0,0,8,0,0,0,0,0,0,0,0
15:35:58.805,1,201,0,0,5,fa,5,0,0,2,,,
15:35:58.868,1,401,0,0,8,5c,a0,0,0,44,0,0,0
15:35:58.931,1,206,0,0,8,0,0,0,0,0,0,0,0
15:35:58.994,1,400,0,0,8,1,0,c,0,0,0,0,0
15:35:59.058,1,300,0,0,8,0,5a,64,5a,0,0,0,8c
15:35:59.122,1,203,0,0,8,0,0,0,0,0,0,0,0
15:35:59.185,1,400,0,0,8,1,0,c,0,0,0,0,0
15:35:59.248,1,300,0,0,8,0,5a,64,5a,0,0,0,40
15:35:59.311,1,301,0,0,3,b3,1,0,,,,,
15:35:59.375,1,401,0,0,8,5c,a0,0,0,44,0,0,0
15:35:59.438,1,206,0,0,8,0,0,0,0,0,0,0,0
15:35:59.494,1,400,0,0,8,1,0,c,0,0,0,0,0
15:35:59.564,1,401,0,0,8,5a,a0,0,0,45,0,0,0
15:35:59.627,1,206,0,0,8,0,0,0,0,0,0,0,0
15:35:59.690,1,400,0,0,8,1,0,c,0,0,0,0,0
15:35:59.754,1,300,0,0,8,0,5a,64,5a,0,0,0,ea
15:35:59.817,1,203,0,0,8,0,0,0,0,0,0,0,0
15:35:59.881,1,401,0,0,8,5a,a0,0,0,44,0,0,0
15:35:59.944,1,206,0,0,8,0,0,0,0,0,0,0,0
15:36:00.007,1,201,0,0,5,2c,6,0,0,2,,,
15:36:00.070,1,401,0,0,8,5a,a0,0,0,44,0,0,0
15:36:00.134,1,206,0,0,8,0,0,0,0,0,0,0,0
15:36:00.197,1,400,0,0,8,1,0,c,0,0,0,0,0
15:36:00.261,1,300,0,0,8,0,5a,64,5a,0,0,0,4
15:36:00.324,1,206,0,0,8,0,0,0,0,0,0,0,0
15:36:00.390,1,400,0,0,8,1,0,c,0,0,0,0,0
15:36:00.452,1,300,0,0,8,0,5a,64,5a,0,0,0,c8
15:36:00.515,1,203,0,0,8,0,0,0,0,0,0,0,0
15:36:00.578,1,401,0,0,8,5a,a0,0,0,45,0,0,0
15:36:00.642,1,206,0,0,8,0,0,0,0,0,0,0,0
15:36:00.705,1,400,0,0,8,1,0,c,0,0,0,0,0
15:36:00.768,1,401,0,0,8,5c,a0,0,0,45,0,0,0
15:36:00.832,1,204,0,0,8,0,0,0,0,0,0,0,0
15:36:00.896,1,400,0,0,8,1,0,c,0,0,0,0,0
15:36:00.959,1,300,0,0,8,0,5a,64,5a,0,0,0,62
15:36:01.023,1,203,0,0,8,0,0,0,0,0,0,0,0
15:36:01.086,1,401,0,0,8,5a,a0,0,0,44,0,0,0
15:36:01.150,1,300,0,0,8,0,5a,64,5a,0,0,0,26
15:36:01.213,1,301,0,0,3,b8,7,0,,,,,
15:36:01.276,1,401,0,0,8,5a,a0,0,0,45,0,0,0
15:36:01.339,1,206,0,0,8,0,0,0,0,0,0,0,0
15:36:01.402,1,400,0,0,8,1,0,c,0,0,0,0,0
15:36:01.465,1,401,0,0,8,5c,a0,0,0,45,0,0,0
15:36:01.528,1,206,0,0,8,0,0,0,0,0,0,0,0
15:36:01.591,1,400,0,0,8,1,0,c,0,0,0,0,0
15:36:01.654,1,300,0,0,8,0,5a,64,5a,0,0,0,40
15:36:01.717,1,203,0,0,8,0,0,0,0,0,0,0,0
15:36:01.780,1,401,0,0,8,5a,a0,0,0,44,0,0,0
15:36:01.844,1,206,0,0,8,0,0,0,0,0,0,0,0
15:36:01.907,1,400,0,0,8,1,0,c,0,0,0,0,0
15:36:01.970,1,401,0,0,8,5a,a0,0,0,45,0,0,0
15:36:02.034,1,206,0,0,8,0,0,0,0,0,0,0,0
15:36:02.097,1,400,0,0,8,1,0,c,0,0,0,0,0
15:36:02.160,1,300,0,0,8,0,5a,64,5a,0,0,0,ea
15:36:02.223,1,203,0,0,8,0,0,0,0,0,0,0,0
15:36:02.286,1,401,0,0,8,5a,a0,0,0,45,0,0,0
15:36:02.349,1,300,0,0,8,0,5a,64,5a,0,0,0,ae
15:36:02.413,1,300,0,0,8,0,5a,64,5a,0,0,0,bf
15:36:02.476,1,401,0,0,8,5c,a0,0,0,45,0,0,0
15:36:02.542,1,206,0,0,8,0,0,0,0,0,0,0,0
15:36:02.603,1,400,0,0,8,1,0,c,0,0,0,0,0
15:36:02.666,1,402,0,0,8,5f,0,0,0,28,59,9,0
15:36:02.730,1,206,0,0,8,0,0,0,0,0,0,0,0
15:36:02.793,1,201,0,0,5,72,6,0,0,2,,,
15:36:02.856,1,300,0,0,8,0,5a,64,5a,0,0,0,c8
15:36:02.920,1,203,0,0,8,0,0,0,0,0,0,0,0
15:36:02.985,1,401,0,0,8,5c,a0,0,0,44,0,0,0
15:36:03.047,1,206,0,0,8,0,0,0,0,0,0,0,0
15:36:03.110,1,201,0,0,5,72,6,0,0,2,,,
15:36:03.173,1,401,0,0,8,5e,a0,0,0,44,0,0,0
15:36:03.236,1,206,0,0,8,0,0,0,0,0,0,0,0
15:36:03.299,1,201,0,0,5,72,6,0,0,2,,,
15:36:03.362,1,300,0,0,8,0,5a,64,5a,0,0,0,62
15:36:03.426,1,206,0,0,8,0,0,0,0,0,0,0,0
15:36:03.492,1,401,0,0,8,5c,a0,0,0,45,0,0,0
15:36:03.552,1,300,0,0,8,0,5a,64,5a,0,0,0,26
15:36:03.615,1,203,0,0,8,0,0,0,0,0,0,0,0
15:36:03.679,1,401,0,0,8,5c,a0,0,0,45,0,0,0
15:36:03.743,1,206,0,0,8,0,0,0,0,0,0,0,0
15:36:03.806,1,201,0,0,5,86,6,0,0,2,,,
15:36:03.869,1,665,0,0,8,0,0,0,53,4c,18,53,0
15:36:03.932,1,206,0,0,8,0,0,0,0,0,0,0,0
15:36:03.995,1,201,0,0,5,9a,6,0,0,2,,,
15:36:04.059,1,300,0,0,8,0,5a,64,5a,0,0,0,40
15:36:04.127,1,203,0,0,8,0,0,0,0,0,0,0,0
15:36:04.186,1,401,0,0,8,5c,a0,0,0,44,0,0,0
15:36:04.249,1,404,0,0,2,2,30,,,,,,
15:36:04.313,1,300,0,0,8,0,5a,64,5a,0,0,0,15
15:36:04.376,1,404,0,0,2,20,0,,,,,,
15:36:04.440,1,206,0,0,8,0,0,0,0,0,0,0,0
15:36:04.504,1,201,0,0,5,90,6,0,0,2,,,
15:36:04.567,1,404,0,0,2,26,0,,,,,,
15:36:04.630,1,404,0,0,2,4c,0,,,,,,
15:36:04.694,1,401,0,0,8,5c,a0,0,0,44,0,0,0
15:36:04.757,1,404,0,0,2,2,0,,,,,,
15:36:04.821,1,203,0,0,8,0,0,0,0,0,0,0,0
15:36:04.884,1,404,0,0,2,b1,1,,,,,,
15:36:04.952,1,206,0,0,8,0,0,0,0,0,0,0,0
15:36:05.011,1,201,0,0,5,a4,6,0,0,2,,,
15:36:05.075,1,401,0,0,8,5c,a0,0,0,44,0,0,0
15:36:05.138,1,206,0,0,8,0,0,0,0,0,0,0,0
15:36:05.201,1,201,0,0,5,a4,6,0,0,2,,,
15:36:05.264,1,401,0,0,8,5a,a0,0,0,45,0,0,0
15:36:05.328,1,206,0,0,8,0,0,0,0,0,0,0,0
15:36:05.391,1,401,0,0,8,5a,a0,0,0,45,0,0,0
15:36:05.455,1,300,0,0,8,0,5a,64,5a,0,0,0,8c
15:36:05.518,1,400,0,0,8,1,0,c,0,0,0,0,0
15:36:05.581,1,401,0,0,8,5e,a0,0,0,45,0,0,0
15:36:05.644,1,206,0,0,8,0,0,0,0,0,0,0,0
15:36:05.707,1,201,0,0,5,ae,6,0,0,2,,,
15:36:05.770,1,401,0,0,8,5c,a0,0,0,45,0,0,0
15:36:05.833,1,204,0,0,8,0,0,0,0,0,0,0,0
15:36:05.896,1,401,0,0,8,5c,a0,0,0,45,0,0,0
15:36:05.960,1,300,0,0,8,0,5a,64,5a,0,0,0,26
15:36:06.023,1,203,0,0,8,0,0,0,0,0,0,0,0
15:36:06.087,1,401,0,0,8,5c,a0,0,0,45,0,0,0
15:36:06.150,1,300,0,0,8,0,5a,64,5a,0,0,0,ea
15:36:06.214,1,300,0,0,8,0,5a,64,5a,0,0,0,fb
15:36:06.277,1,401,0,0,8,5c,a0,0,0,45,0,0,0
15:36:06.341,1,206,0,0,8,0,0,0,0,0,0,0,0
15:36:06.404,1,201,0,0,5,cc,6,0,0,2,,,
15:36:06.467,1,401,0,0,8,5a,a0,0,0,45,0,0,0
15:36:06.530,1,206,0,0,8,0,0,0,0,0,0,0,0
15:36:06.594,1,401,0,0,8,5a,a0,0,0,45,0,0,0
15:36:06.657,1,300,0,0,8,0,5a,64,5a,0,0,0,4
15:36:06.721,1,400,0,0,8,1,0,c,0,0,0,0,0
15:36:06.784,1,401,0,0,8,5c,a0,0,0,44,0,0,0
15:36:06.848,1,206,0,0,8,0,0,0,0,0,0,0,0
15:36:06.911,1,201,0,0,5,d6,6,0,0,2,,,
15:36:06.975,1,401,0,0,8,5c,a0,0,0,44,0,0,0
15:36:07.038,1,206,0,0,8,0,0,0,0,0,0,0,0
15:36:07.101,1,401,0,0,8,5c,a0,0,0,44,0,0,0
15:36:07.164,1,300,0,0,8,0,5a,64,5a,0,0,0,ae
15:36:07.228,1,206,0,0,8,0,0,0,0,0,0,0,0
15:36:07.291,1,401,0,0,8,5c,a0,0,0,44,0,0,0
15:36:07.356,1,300,0,0,8,0,5a,64,5a,0,0,0,62
15:36:07.418,1,400,0,0,8,1,0,c,0,0,0,0,0
15:36:07.482,1,401,0,0,8,5c,a0,0,0,45,0,0,0
15:36:07.545,1,206,0,0,8,0,0,0,0,0,0,0,0
15:36:07.608,1,201,0,0,5,fe,6,0,0,2,,,
15:36:07.671,1,402,0,0,8,5f,0,0,0,28,59,9,0
15:36:07.740,1,206,0,0,8,0,0,0,0,0,0,0,0
15:36:07.797,1,401,0,0,8,5c,a0,0,0,45,0,0,0
15:36:07.861,1,300,0,0,8,0,5a,64,5a,0,0,0,8c
15:36:07.923,1,400,0,0,8,1,0,c,0,0,0,0,0
15:36:07.986,1,401,0,0,8,5a,a0,0,0,44,0,0,0
15:36:08.050,1,300,0,0,8,0,5a,64,5a,0,0,0,40
15:36:08.113,1,201,0,0,5,fe,6,0,0,2,,,
15:36:08.176,1,403,0,0,8,64,0,0,0,40,e3,9,0
15:36:08.240,1,206,0,0,8,0,0,0,0,0,0,0,0
15:36:08.303,1,401,0,0,8,5a,a0,0,0,45,0,0,0
15:36:08.367,1,401,0,0,8,5a,a0,0,0,45,0,0,0
15:36:08.430,1,206,0,0,8,0,0,0,0,0,0,0,0
15:36:08.493,1,401,0,0,8,5a,a0,0,0,45,0,0,0
15:36:08.556,1,300,0,0,8,0,5a,64,5a,0,0,0,ea
15:36:08.620,1,203,0,0,8,0,0,0,0,0,0,0,0
15:36:08.684,1,402,0,0,8,5f,0,0,0,28,59,9,0
15:36:08.746,1,206,0,0,8,0,0,0,0,0,0,0,0
15:36:08.809,1,201,0,0,5,12,7,0,0,2,,,
15:36:08.872,1,401,0,0,8,5e,a0,0,0,45,0,0,0
15:36:08.935,1,206,0,0,8,0,0,0,0,0,0,0,0
15:36:08.998,1,401,0,0,8,5e,a0,0,0,44,0,0,0
15:36:09.061,1,300,0,0,8,0,5a,64,5a,0,0,0,4
15:36:09.125,1,203,0,0,8,0,0,0,0,0,0,0,0
15:36:09.188,1,403,0,0,8,64,0,0,0,40,e3,9,0
15:36:09.252,1,300,0,0,8,0,5a,64,5a,0,0,0,c8
15:36:09.316,1,300,0,0,8,0,5a,64,5a,0,0,0,d9
15:36:09.379,1,401,0,0,8,5a,a0,0,0,45,0,0,0
15:36:09.443,1,206,0,0,8,0,0,0,0,0,0,0,0
15:36:09.508,1,401,0,0,8,5c,a0,0,0,45,0,0,0
15:36:09.570,1,401,0,0,8,5c,a0,0,0,45,0,0,0
15:36:09.634,1,206,0,0,8,0,0,0,0,0,0,0,0
15:36:09.697,1,401,0,0,8,5c,a0,0,0,45,0,0,0
15:36:09.761,1,300,0,0,8,0,5a,64,5a,0,0,0,62
15:36:09.824,1,203,0,0,8,0,0,0,0,0,0,0,0
15:36:09.889,1,401,0,0,8,5c,a0,0,0,45,0,0,0
15:36:09.952,1,300,0,0,8,0,5a,64,5a,0,0,0,26
15:36:10.016,1,300,0,0,8,0,5a,64,5a,0,0,0,37
15:36:10.081,1,401,0,0,8,5c,a0,0,0,45,0,0,0
15:36:10.144,1,206,0,0,8,0,0,0,0,0,0,0,0
15:36:10.207,1,401,0,0,8,5c,a0,0,0,45,0,0,0
15:36:10.271,1,401,0,0,8,5c,a0,0,0,45,0,0,0
15:36:10.334,1,206,0,0,8,0,0,0,0,0,0,0,0
15:36:10.402,1,401,0,0,8,5c,a0,0,0,45,0,0,0
15:36:10.461,1,300,0,0,8,0,5a,64,5a,0,0,0,40
15:36:10.525,1,203,0,0,8,0,0,0,0,0,0,0,0
15:36:10.589,1,401,0,0,8,5a,a0,0,0,45,0,0,0
15:36:10.652,1,300,0,0,8,0,5a,64,5a,0,0,0,4
15:36:10.715,1,300,0,0,8,0,5a,64,5a,0,0,0,15
15:36:10.779,1,401,0,0,8,5c,a0,0,0,45,0,0,0
15:36:10.842,1,206,0,0,8,0,0,0,0,0,0,0,0
15:36:10.906,1,401,0,0,8,5c,a0,0,0,45,0,0,0
15:36:10.969,1,401,0,0,8,5a,a0,0,0,44,0,0,0
15:36:11.034,1,206,0,0,8,0,0,0,0,0,0,0,0
15:36:11.096,1,401,0,0,8,5a,a0,0,0,44,0,0,0
15:36:11.160,1,300,0,0,8,0,5a,64,5a,0,0,0,ae
15:36:11.223,1,203,0,0,8,0,0,0,0,0,0,0,0
15:36:11.288,1,401,0,0,8,5c,a0,0,0,45,0,0,0
15:36:11.350,1,206,0,0,8,0,0,0,0,0,0,0,0
15:36:11.413,1,201,0,0,5,30,7,0,0,2,,,
15:36:11.477,1,401,0,0,8,5c,a0,0,0,45,0,0,0
15:36:11.539,1,206,0,0,8,0,0,0,0,0,0,0,0
15:36:11.602,1,401,0,0,8,5c,a0,0,0,45,0,0,0
15:36:11.665,1,300,0,0,8,0,5a,64,5a,0,0,0,c8
15:36:11.731,1,400,0,0,8,1,0,c,0,0,0,0,0
15:36:11.791,1,401,0,0,8,5c,a0,0,0,45,0,0,0
15:36:11.854,1,300,0,0,8,0,5a,64,5a,0,0,0,8c
15:36:11.917,1,203,0,0,8,0,0,0,0,0,0,0,0
15:36:11.980,1,401,0,0,8,5e,a0,0,0,45,0,0,0
15:36:12.043,1,206,0,0,8,0,0,0,0,0,0,0,0
15:36:12.106,1,401,0,0,8,5e,a0,0,0,45,0,0,0
15:36:12.170,1,403,0,0,8,64,0,0,0,40,e3,9,0
15:36:12.232,1,405,0,0,8,4a,0,0,0,3,0,0,0
15:36:12.295,1,404,0,0,2,44,0,,,,,,
15:36:12.358,1,300,0,0,8,0,5a,64,5a,0,0,0,26
15:36:12.421,1,203,0,0,8,0,0,0,0,0,0,0,0
15:36:12.484,1,404,0,0,2,23,0,,,,,,
15:36:12.556,1,206,0,0,8,0,0,0,0,0,0,0,0
15:36:12.612,1,201,0,0,5,3a,7,0,0,2,,,
15:36:12.676,1,402,0,0,8,5f,0,0,0,28,59,9,0
15:36:12.738,1,206,0,0,8,0,0,0,0,0,0,0,0
15:36:12.801,1,201,0,0,5,3a,7,0,0,2,,,
15:36:12.864,1,300,0,0,8,0,5a,64,5a,0,0,0,40
15:36:12.928,1,400,0,0,8,1,0,c,0,0,0,0,0
15:36:12.991,1,201,0,0,5,3a,7,0,0,2,,,
15:36:13.055,1,300,0,0,8,0,5a,64,5a,0,0,0,4
15:36:13.120,1,203,0,0,8,0,0,0,0,0,0,0,0
15:36:13.183,1,403,0,0,8,64,0,0,0,40,e3,9,0
15:36:13.246,1,206,0,0,8,0,0,0,0,0,0,0,0
15:36:13.309,1,201,0,0,5,30,7,0,0,2,,,
15:36:13.372,1,201,0,0,5,30,7,0,0,2,,,
15:36:13.436,1,400,0,0,8,1,0,c,0,0,0,0,0
15:36:13.499,1,201,0,0,5,30,7,0,0,2,,,
15:36:13.562,1,300,0,0,8,0,5a,64,5a,0,0,0,ae
15:36:13.626,1,203,0,0,8,0,0,0,0,0,0,0,0
15:36:13.690,1,402,0,0,8,5f,0,0,0,28,59,9,0
15:36:13.752,1,300,0,0,8,0,5a,64,5a,0,0,0,62
15:36:13.816,1,300,0,0,8,0,5a,64,5a,0,0,0,73
15:36:13.880,1,201,0,0,5,3a,7,0,0,2,,,
15:36:13.944,1,206,0,0,8,0,0,0,0,0,0,0,0
15:36:14.006,1,201,0,0,5,3a,7,0,0,2,,,
15:36:14.070,1,201,0,0,5,3a,7,0,0,2,,,
15:36:14.133,1,400,0,0,8,1,0,c,0,0,0,0,0
15:36:14.197,1,403,0,0,8,64,0,0,0,40,e3,9,0
15:36:14.260,1,300,0,0,8,0,5a,64,5a,0,0,0,8c
15:36:14.324,1,203,0,0,8,0,0,0,0,0,0,0,0
15:36:14.387,1,201,0,0,5,44,7,0,0,2,,,
15:36:14.451,1,206,0,0,8,0,0,0,0,0,0,0,0
15:36:14.515,1,201,0,0,5,44,7,0,0,2,,,
15:36:14.579,1,201,0,0,5,44,7,0,0,2,,,
15:36:14.640,1,206,0,0,8,0,0,0,0,0,0,0,0
15:36:14.703,1,201,0,0,5,44,7,0,0,2,,,
15:36:14.767,1,300,0,0,8,0,5a,64,5a,0,0,0,26
15:36:14.829,1,204,0,0,8,0,0,0,0,0,0,0,0
15:36:14.892,1,201,0,0,5,44,7,0,0,2,,,
15:36:14.955,1,300,0,0,8,0,5a,64,5a,0,0,0,ea
15:36:15.018,1,401,0,0,8,5e,a0,0,0,44,0,0,0
15:36:15.082,1,201,0,0,5,44,7,0,0,2,,,
15:36:15.144,1,206,0,0,8,0,0,0,0,0,0,0,0
15:36:15.208,1,201,0,0,5,4e,7,0,0,2,,,
15:36:15.271,1,201,0,0,5,4e,7,0,0,2,,,
15:36:15.336,1,400,0,0,8,1,0,c,0,0,0,0,0
15:36:15.398,1,201,0,0,5,4e,7,0,0,2,,,
15:36:15.462,1,300,0,0,8,0,5a,64,5a,0,0,0,4
15:36:15.526,1,203,0,0,8,0,0,0,0,0,0,0,0
15:36:15.589,1,201,0,0,5,4e,7,0,0,2,,,
15:36:15.653,1,206,0,0,8,0,0,0,0,0,0,0,0
15:36:15.715,1,201,0,0,5,4e,7,0,0,2,,,
15:36:15.778,1,201,0,0,5,4e,7,0,0,2,,,
15:36:15.841,1,400,0,0,8,1,0,c,0,0,0,0,0
15:36:15.904,1,201,0,0,5,4e,7,0,0,2,,,
15:36:15.967,1,201,0,0,5,58,7,0,0,2,,,
15:36:16.030,1,400,0,0,8,1,0,c,0,0,0,0,0
15:36:16.093,1,201,0,0,5,58,7,0,0,2,,,
15:36:16.156,1,300,0,0,8,0,5a,64,5a,0,0,0,62
15:36:16.219,1,401,0,0,8,5e,a0,0,0,44,0,0,0
15:36:16.283,1,201,0,0,5,58,7,0,0,2,,,
15:36:16.346,1,206,0,0,8,0,0,0,0,0,0,0,0
15:36:16.409,1,201,0,0,5,6c,7,0,0,2,,,
15:36:16.471,1,201,0,0,5,6c,7,0,0,2,,,
15:36:16.534,1,400,0,0,8,1,0,c,0,0,0,0,0
15:36:16.597,1,201,0,0,5,6c,7,0,0,2,,,
15:36:16.660,1,300,0,0,8,0,5a,64,5a,0,0,0,8c
15:36:16.725,1,401,0,0,8,5e,a0,0,0,45,0,0,0
15:36:16.788,1,201,0,0,5,76,7,0,0,2,,,
15:36:16.850,1,206,0,0,8,0,0,0,0,0,0,0,0
15:36:16.914,1,201,0,0,5,76,7,0,0,2,,,
15:36:16.976,1,201,0,0,5,76,7,0,0,2,,,
15:36:17.040,1,400,0,0,8,1,0,c,0,0,0,0,0
15:36:17.102,1,201,0,0,5,76,7,0,0,2,,,
15:36:17.165,1,300,0,0,8,0,5a,64,5a,0,0,0,26
15:36:17.229,1,400,0,0,8,1,0,c,0,0,0,0,0
15:36:17.291,1,201,0,0,5,8a,7,0,0,2,,,
15:36:17.354,1,300,0,0,8,0,5a,64,5a,0,0,0,ea
15:36:17.419,1,300,0,0,8,0,5a,64,5a,0,0,0,fb
15:36:17.481,1,201,0,0,5,8a,7,0,0,2,,,
15:36:17.545,1,400,0,0,8,1,0,c,0,0,0,0,0
15:36:17.607,1,201,0,0,5,94,7,0,0,2,,,
15:36:17.670,1,402,0,0,8,5f,0,0,0,28,59,9,0
15:36:17.734,1,400,0,0,8,1,0,c,0,0,0,0,0
15:36:17.801,1,201,0,0,5,94,7,0,0,2,,,
15:36:17.861,1,300,0,0,8,0,5a,64,5a,0,0,0,4
15:36:17.924,1,401,0,0,8,5c,a0,0,0,44,0,0,0
15:36:17.987,1,201,0,0,5,9e,7,0,0,2,,,
15:36:18.050,1,206,0,0,8,0,0,0,0,0,0,0,0
15:36:18.114,1,201,0,0,5,9e,7,0,0,2,,,
15:36:18.176,1,403,0,0,8,64,0,0,0,40,e3,9,0
15:36:18.241,1,400,0,0,8,1,0,c,0,0,0,0,0
15:36:18.303,1,201,0,0,5,9e,7,0,0,2,,,
15:36:18.367,1,300,0,0,8,0,5a,64,5a,0,0,0,ae
15:36:18.429,1,400,0,0,8,1,0,c,0,0,0,0,0
15:36:18.492,1,201,0,0,5,9e,7,0,0,2,,,
15:36:18.560,1,300,0,0,8,0,5a,64,5a,0,0,0,62
15:36:18.619,1,203,0,0,8,0,0,0,0,0,0,0,0
15:36:18.682,1,402,0,0,8,5f,0,0,0,28,59,9,0
15:36:18.746,1,400,0,0,8,1,0,c,0,0,0,0,0
15:36:18.808,1,201,0,0,5,b2,7,0,0,2,,,
15:36:18.872,1,665,0,0,8,0,0,0,53,4c,18,53,0
15:36:18.936,1,400,0,0,8,1,0,c,0,0,0,0,0
15:36:18.999,1,201,0,0,5,b2,7,0,0,2,,,
15:36:19.061,1,300,0,0,8,0,5a,64,5a,0,0,0,8c
15:36:19.126,1,203,0,0,8,0,0,0,0,0,0,0,0
15:36:19.188,1,403,0,0,8,64,0,0,0,40,e3,9,0
15:36:19.253,1,206,0,0,8,0,0,0,0,0,0,0,0
15:36:19.315,1,201,0,0,5,d0,7,0,0,2,,,
15:36:19.378,1,201,0,0,5,d0,7,0,0,2,,,
15:36:19.441,1,400,0,0,8,1,0,c,0,0,0,0,0
15:36:19.504,1,201,0,0,5,d0,7,0,0,2,,,
15:36:19.567,1,300,0,0,8,0,5a,64,5a,0,0,0,26
15:36:19.631,1,401,0,0,8,5e,a0,0,0,45,0,0,0
15:36:19.694,1,402,0,0,8,5f,0,0,0,28,59,9,0
15:36:19.763,1,300,0,0,8,0,5a,64,5a,0,0,0,ea
15:36:19.821,1,203,0,0,8,0,0,0,0,0,0,0,0
15:36:19.885,1,201,0,0,5,d0,7,0,0,2,,,
15:36:19.947,1,206,0,0,8,0,0,0,0,0,0,0,0
15:36:20.010,1,201,0,0,5,e4,7,0,0,2,,,
15:36:20.074,1,201,0,0,5,e4,7,0,0,2,,,
15:36:20.136,1,206,0,0,8,0,0,0,0,0,0,0,0
15:36:20.200,1,403,0,0,8,64,0,0,0,40,e3,9,0
15:36:20.263,1,300,0,0,8,0,5a,64,5a,0,0,0,4
15:36:20.327,1,203,0,0,8,0,0,0,0,0,0,0,0
15:36:20.389,1,201,0,0,5,ee,7,0,0,2,,,
15:36:20.455,1,206,0,0,8,0,0,0,0,0,0,0,0
15:36:20.517,1,404,0,0,2,24,0,,,,,,
15:36:20.578,1,404,0,0,2,27,0,,,,,,
15:36:20.642,1,206,0,0,8,0,0,0,0,0,0,0,0
15:36:20.705,1,402,0,0,8,5f,0,0,0,28,59,9,0
15:36:20.768,1,404,0,0,2,a,0,,,,,,
15:36:20.831,1,401,0,0,8,5e,a0,0,0,44,0,0,0
15:36:20.894,1,201,0,0,5,2,8,0,0,2,,,
15:36:20.957,1,300,0,0,8,0,5a,64,5a,0,0,0,62
15:36:21.023,1,203,0,0,8,0,0,0,0,0,0,0,0
15:36:21.084,1,201,0,0,5,16,8,0,0,2,,,
15:36:21.150,1,206,0,0,8,0,0,0,0,0,0,0,0
15:36:21.210,1,403,0,0,8,64,0,0,0,40,e3,9,0
15:36:21.273,1,201,0,0,5,16,8,0,0,2,,,
15:36:21.336,1,206,0,0,8,0,0,0,0,0,0,0,0
15:36:21.399,1,201,0,0,5,16,8,0,0,2,,,
15:36:21.462,1,300,0,0,8,0,5a,64,5a,0,0,0,8c
15:36:21.526,1,203,0,0,8,0,0,0,0,0,0,0,0
15:36:21.589,1,201,0,0,5,2a,8,0,0,2,,,
15:36:21.652,1,206,0,0,8,0,0,0,0,0,0,0,0
15:36:21.715,1,402,0,0,8,5f,0,0,0,28,59,9,0
15:36:21.779,1,300,0,0,8,0,5a,64,5a,0,0,0,73
15:36:21.841,1,204,0,0,8,0,0,0,0,0,0,0,0
15:36:21.905,1,300,0,0,8,0,5a,64,5a,0,0,0,15
15:36:21.968,1,300,0,0,8,0,5a,64,5a,0,0,0,26
15:36:22.032,1,401,0,0,8,5e,a0,0,0,44,0,0,0
15:36:22.099,1,300,0,0,8,0,5a,64,5a,0,0,0,d9
15:36:22.163,1,300,0,0,8,0,5a,64,5a,0,0,0,ea
15:36:22.227,1,203,0,0,8,0,0,0,0,0,0,0,0
15:36:22.290,1,300,0,0,8,0,5a,64,5a,0,0,0,9d
15:36:22.354,1,206,0,0,8,0,0,0,0,0,0,0,0
15:36:22.420,1,300,0,0,8,0,5a,64,5a,0,0,0,bf
15:36:22.481,1,300,0,0,8,0,5a,64,5a,0,0,0,51
15:36:22.544,1,206,0,0,8,0,0,0,0,0,0,0,0
15:36:22.607,1,300,0,0,8,0,5a,64,5a,0,0,0,73
15:36:22.670,1,300,0,0,8,0,5a,64,5a,0,0,0,15
15:36:22.733,1,401,0,0,8,60,a0,0,0,45,0,0,0
15:36:22.797,1,300,0,0,8,0,5a,64,5a,0,0,0,37
15:36:22.856,1,400,0,0,8,1,0,c,0,0,0,0,0
15:36:22.924,1,203,0,0,8,0,0,0,0,0,0,0,0
15:36:22.988,1,300,0,0,8,0,5a,64,5a,0,0,0,fb
15:36:23.058,1,206,0,0,8,0,0,0,0,0,0,0,0
15:36:23.114,1,300,0,0,8,0,5a,64,5a,0,0,0,9d
15:36:23.178,1,201,0,0,5,34,8,0,0,2,,,
15:36:23.240,1,401,0,0,8,5e,a0,0,0,44,0,0,0
15:36:23.304,1,300,0,0,8,0,5a,64,5a,0,0,0,51
15:36:23.368,1,300,0,0,8,0,5a,64,5a,0,0,0,62
15:36:23.430,1,401,0,0,8,5e,a0,0,0,44,0,0,0
15:36:23.494,1,300,0,0,8,0,5a,64,5a,0,0,0,15
15:36:23.558,1,400,0,0,8,1,0,c,0,0,0,0,0
15:36:23.620,1,203,0,0,8,0,0,0,0,0,0,0,0
15:36:23.684,1,300,0,0,8,0,5a,64,5a,0,0,0,d9
15:36:23.748,1,206,0,0,8,0,0,0,0,0,0,0,0
15:36:23.812,1,300,0,0,8,0,5a,64,5a,0,0,0,fb
15:36:23.875,1,300,0,0,8,0,5a,64,5a,0,0,0,9d
15:36:23.939,1,401,0,0,8,5e,a0,0,0,45,0,0,0
15:36:24.003,1,300,0,0,8,0,5a,64,5a,0,0,0,bf
15:36:24.068,1,300,0,0,8,0,5a,64,5a,0,0,0,40
15:36:24.130,1,203,0,0,8,0,0,0,0,0,0,0,0
15:36:24.195,1,300,0,0,8,0,5a,64,5a,0,0,0,73
15:36:24.259,1,400,0,0,8,1,0,c,0,0,0,0,0
15:36:24.323,1,203,0,0,8,0,0,0,0,0,0,0,0
15:36:24.386,1,300,0,0,8,0,5a,64,5a,0,0,0,37
15:36:24.450,1,206,0,0,8,0,0,0,0,0,0,0,0
15:36:24.513,1,300,0,0,8,0,5a,64,5a,0,0,0,d9
15:36:24.576,1,300,0,0,8,0,5a,64,5a,0,0,0,fb
15:36:24.639,1,401,0,0,8,5e,a0,0,0,44,0,0,0
15:36:24.703,1,300,0,0,8,0,5a,64,5a,0,0,0,9d
15:36:24.767,1,300,0,0,8,0,5a,64,5a,0,0,0,ae
15:36:24.833,1,203,0,0,8,0,0,0,0,0,0,0,0
15:36:24.893,1,300,0,0,8,0,5a,64,5a,0,0,0,51
15:36:24.957,1,400,0,0,8,1,0,c,0,0,0,0,0
15:36:25.019,1,203,0,0,8,0,0,0,0,0,0,0,0
15:36:25.084,1,300,0,0,8,0,5a,64,5a,0,0,0,15
15:36:25.146,1,206,0,0,8,0,0,0,0,0,0,0,0
15:36:25.211,1,300,0,0,8,0,5a,64,5a,0,0,0,37
15:36:25.273,1,300,0,0,8,0,5a,64,5a,0,0,0,d9
15:36:25.337,1,401,0,0,8,5e,a0,0,0,45,0,0,0
15:36:25.400,1,300,0,0,8,0,5a,64,5a,0,0,0,fb
15:36:25.464,1,400,0,0,8,1,0,c,0,0,0,0,0
15:36:25.534,1,203,0,0,8,0,0,0,0,0,0,0,0
15:36:25.591,1,300,0,0,8,0,5a,64,5a,0,0,0,bf
15:36:25.651,1,206,0,0,8,0,0,0,0,0,0,0,0
15:36:25.716,1,300,0,0,8,0,5a,64,5a,0,0,0,51
15:36:25.779,1,300,0,0,8,0,5a,64,5a,0,0,0,73
15:36:25.843,1,204,0,0,8,0,0,0,0,0,0,0,0
15:36:25.906,1,300,0,0,8,0,5a,64,5a,0,0,0,15
15:36:25.969,1,300,0,0,8,0,5a,64,5a,0,0,0,37
15:36:26.032,1,401,0,0,8,60,a0,0,0,44,0,0,0
15:36:26.096,1,300,0,0,8,0,5a,64,5a,0,0,0,d9
15:36:26.160,1,300,0,0,8,0,5a,64,5a,0,0,0,ea
15:36:26.224,1,403,0,0,8,64,0,0,0,40,e3,9,0
15:36:26.287,1,300,0,0,8,0,5a,64,5a,0,0,0,9d
15:36:26.352,1,206,0,0,8,0,0,0,0,0,0,0,0
15:36:26.416,1,300,0,0,8,0,5a,64,5a,0,0,0,bf
15:36:26.478,1,300,0,0,8,0,5a,64,5a,0,0,0,51
15:36:26.541,1,401,0,0,8,5e,a0,0,0,45,0,0,0
15:36:26.605,1,300,0,0,8,0,5a,64,5a,0,0,0,73
15:36:26.668,1,300,0,0,8,0,5a,64,5a,0,0,0,4
15:36:26.731,1,401,0,0,8,5e,a0,0,0,45,0,0,0
15:36:26.795,1,300,0,0,8,0,5a,64,5a,0,0,0,37
15:36:26.858,1,300,0,0,8,0,5a,64,5a,0,0,0,c8
15:36:26.921,1,203,0,0,8,0,0,0,0,0,0,0,0
15:36:26.985,1,300,0,0,8,0,5a,64,5a,0,0,0,fb
15:36:27.050,1,401,0,0,8,5e,a0,0,0,44,0,0,0
15:36:27.113,1,300,0,0,8,0,5a,64,5a,0,0,0,9d
15:36:27.177,1,300,0,0,8,0,5a,64,5a,0,0,0,bf
15:36:27.240,1,401,0,0,8,60,a0,0,0,45,0,0,0
15:36:27.303,1,300,0,0,8,0,5a,64,5a,0,0,0,51
15:36:27.367,1,300,0,0,8,0,5a,64,5a,0,0,0,62
15:36:27.430,1,203,0,0,8,0,0,0,0,0,0,0,0
15:36:27.494,1,300,0,0,8,0,5a,64,5a,0,0,0,15
15:36:27.557,1,300,0,0,8,0,5a,64,5a,0,0,0,26
15:36:27.621,1,203,0,0,8,0,0,0,0,0,0,0,0
15:36:27.684,1,300,0,0,8,0,5a,64,5a,0,0,0,d9
15:36:27.748,1,401,0,0,8,5e,a0,0,0,44,0,0,0
15:36:27.811,1,300,0,0,8,0,5a,64,5a,0,0,0,fb
15:36:27.876,1,665,0,0,8,0,0,0,53,4c,18,53,0
15:36:27.938,1,401,0,0,8,5e,a0,0,0,44,0,0,0
15:36:28.002,1,300,0,0,8,0,5a,64,5a,0,0,0,bf
15:36:28.065,1,300,0,0,8,0,5a,64,5a,0,0,0,40
15:36:28.127,1,203,0,0,8,0,0,0,0,0,0,0,0
15:36:28.190,1,300,0,0,8,0,5a,64,5a,0,0,0,73
15:36:28.253,1,206,0,0,8,0,0,0,0,0,0,0,0
15:36:28.316,1,300,0,0,8,0,5a,64,5a,0,0,0,15
15:36:28.379,1,404,0,0,2,20,0,,,,,,
15:36:28.442,1,404,0,0,2,22,0,,,,,,
15:36:28.506,1,300,0,0,8,0,5a,64,5a,0,0,0,d9
15:36:28.570,1,400,0,0,8,1,0,c,0,0,0,0,0
15:36:28.632,1,404,0,0,2,4c,0,,,,,,
15:36:28.695,1,404,0,0,2,4d,0,,,,,,
15:36:28.758,1,404,0,0,2,2,0,,,,,,
15:36:28.821,1,404,0,0,2,4,0,,,,,,
15:36:28.885,1,404,0,0,2,b1,1,,,,,,
15:36:28.947,1,401,0,0,8,5e,a0,0,0,44,0,0,0
15:36:29.010,1,300,0,0,8,0,5a,64,5a,0,0,0,73
15:36:29.074,1,400,0,0,8,1,0,c,0,0,0,0,0
15:36:29.136,1,401,0,0,8,5e,a0,0,0,44,0,0,0
15:36:29.200,1,300,0,0,8,0,5a,64,5a,0,0,0,37
15:36:29.262,1,300,0,0,8,0,5a,64,5a,0,0,0,c8
15:36:29.325,1,203,0,0,8,0,0,0,0,0,0,0,0
15:36:29.391,1,300,0,0,8,0,5a,64,5a,0,0,0,fb
15:36:29.451,1,401,0,0,8,62,a0,0,0,45,0,0,0
15:36:29.514,1,300,0,0,8,0,5a,64,5a,0,0,0,9d
15:36:29.578,1,300,0,0,8,0,5a,64,5a,0,0,0,bf
15:36:29.641,1,401,0,0,8,5e,a0,0,0,45,0,0,0
15:36:29.704,1,300,0,0,8,0,5a,64,5a,0,0,0,51
15:36:29.771,1,300,0,0,8,0,5a,64,5a,0,0,0,62
15:36:29.830,1,203,0,0,8,0,0,0,0,0,0,0,0
15:36:29.894,1,300,0,0,8,0,5a,64,5a,0,0,0,15
15:36:29.957,1,401,0,0,8,5e,a0,0,0,44,0,0,0
15:36:30.020,1,203,0,0,8,0,0,0,0,0,0,0,0
15:36:30.083,1,300,0,0,8,0,5a,64,5a,0,0,0,d9
15:36:30.147,1,206,0,0,8,0,0,0,0,0,0,0,0
15:36:30.211,1,300,0,0,8,0,5a,64,5a,0,0,0,fb
15:36:30.273,1,400,0,0,8,1,0,c,0,0,0,0,0
15:36:30.336,1,206,0,0,8,0,0,0,0,0,0,0,0
15:36:30.399,1,300,0,0,8,0,5a,64,5a,0,0,0,bf
15:36:30.462,1,300,0,0,8,0,5a,64,5a,0,0,0,40
15:36:30.526,1,203,0,0,8,0,0,0,0,0,0,0,0
15:36:30.589,1,300,0,0,8,0,5a,64,5a,0,0,0,73
15:36:30.652,1,206,0,0,8,0,0,0,0,0,0,0,0
15:36:30.716,1,300,0,0,8,0,5a,64,5a,0,0,0,15
15:36:30.780,1,300,0,0,8,0,5a,64,5a,0,0,0,37
15:36:30.828,1,204,0,0,8,0,0,0,0,0,0,0,0
15:36:30.905,1,300,0,0,8,0,5a,64,5a,0,0,0,d9
15:36:30.968,1,400,0,0,8,1,0,c,0,0,0,0,0
15:36:31.032,1,203,0,0,8,0,0,0,0,0,0,0,0
15:36:31.095,1,300,0,0,8,0,5a,64,5a,0,0,0,9d
15:36:31.157,1,401,0,0,8,5e,a0,0,0,45,0,0,0
15:36:31.221,1,203,0,0,8,0,0,0,0,0,0,0,0
15:36:31.284,1,300,0,0,8,0,5a,64,5a,0,0,0,51
15:36:31.347,1,206,0,0,8,0,0,0,0,0,0,0,0
15:36:31.411,1,300,0,0,8,0,5a,64,5a,0,0,0,73
15:36:31.478,1,400,0,0,8,1,0,c,0,0,0,0,0
15:36:31.540,1,206,0,0,8,0,0,0,0,0,0,0,0
15:36:31.602,1,300,0,0,8,0,5a,64,5a,0,0,0,37
15:36:31.665,1,300,0,0,8,0,5a,64,5a,0,0,0,c8
15:36:31.728,1,203,0,0,8,0,0,0,0,0,0,0,0
15:36:31.792,1,300,0,0,8,0,5a,64,5a,0,0,0,fb
15:36:31.855,1,206,0,0,8,0,0,0,0,0,0,0,0
15:36:31.919,1,201,0,0,5,d4,8,0,0,2,,,
15:36:31.981,1,300,0,0,8,0,5a,64,5a,0,0,0,bf
15:36:32.044,1,206,0,0,8,0,0,0,0,0,0,0,0
15:36:32.107,1,300,0,0,8,0,5a,64,5a,0,0,0,51
15:36:32.171,1,400,0,0,8,1,0,c,0,0,0,0,0
15:36:32.234,1,403,0,0,8,64,0,0,0,40,e3,9,0
15:36:32.300,1,300,0,0,8,0,5a,64,5a,0,0,0,15
15:36:32.360,1,401,0,0,8,5e,a0,0,0,45,0,0,0
15:36:32.423,1,203,0,0,8,0,0,0,0,0,0,0,0
15:36:32.487,1,300,0,0,8,0,5a,64,5a,0,0,0,d9
15:36:32.550,1,206,0,0,8,0,0,0,0,0,0,0,0
15:36:32.613,1,300,0,0,8,0,5a,64,5a,0,0,0,fb
15:36:32.677,1,400,0,0,8,1,0,c,0,0,0,0,0
15:36:32.740,1,402,0,0,8,5f,0,0,0,28,59,9,0
15:36:32.804,1,300,0,0,8,0,5a,64,5a,0,0,0,bf
15:36:32.867,1,300,0,0,8,0,5a,64,5a,0,0,0,40
15:36:32.931,1,203,0,0,8,0,0,0,0,0,0,0,0
15:36:32.994,1,300,0,0,8,0,5a,64,5a,0,0,0,73
15:36:33.057,1,401,0,0,8,5e,a0,0,0,44,0,0,0
15:36:33.120,1,201,0,0,5,de,8,0,0,2,,,
15:36:33.183,1,400,0,0,8,1,0,c,0,0,0,0,0
15:36:33.246,1,206,0,0,8,0,0,0,0,0,0,0,0
15:36:33.310,1,300,0,0,8,0,5a,64,5a,0,0,0,d9
15:36:33.373,1,400,0,0,8,1,0,c,0,0,0,0,0
15:36:33.438,1,206,0,0,8,0,0,0,0,0,0,0,0
15:36:33.500,1,300,0,0,8,0,5a,64,5a,0,0,0,9d
15:36:33.564,1,401,0,0,8,5e,a0,0,0,45,0,0,0
15:36:33.629,1,203,0,0,8,0,0,0,0,0,0,0,0
15:36:33.692,1,300,0,0,8,0,5a,64,5a,0,0,0,51
15:36:33.755,1,206,0,0,8,0,0,0,0,0,0,0,0
15:36:33.819,1,300,0,0,8,0,5a,64,5a,0,0,0,73
15:36:33.884,1,400,0,0,8,1,0,c,0,0,0,0,0
15:36:33.947,1,206,0,0,8,0,0,0,0,0,0,0,0
15:36:34.010,1,300,0,0,8,0,5a,64,5a,0,0,0,37
15:36:34.074,1,400,0,0,8,1,0,c,0,0,0,0,0
15:36:34.138,1,206,0,0,8,0,0,0,0,0,0,0,0
15:36:34.201,1,300,0,0,8,0,5a,64,5a,0,0,0,fb
15:36:34.264,1,401,0,0,8,60,a0,0,0,44,0,0,0
15:36:34.328,1,203,0,0,8,0,0,0,0,0,0,0,0
15:36:34.391,1,300,0,0,8,0,5a,64,5a,0,0,0,bf
15:36:34.455,1,206,0,0,8,0,0,0,0,0,0,0,0
15:36:34.519,1,300,0,0,8,0,5a,64,5a,0,0,0,51
15:36:34.582,1,400,0,0,8,1,0,c,0,0,0,0,0
15:36:34.645,1,206,0,0,8,0,0,0,0,0,0,0,0
15:36:34.710,1,300,0,0,8,0,5a,64,5a,0,0,0,15
15:36:34.772,1,400,0,0,8,1,0,c,0,0,0,0,0
15:36:34.836,1,204,0,0,8,0,0,0,0,0,0,0,0
15:36:34.899,1,300,0,0,8,0,5a,64,5a,0,0,0,d9
15:36:34.963,1,300,0,0,8,0,5a,64,5a,0,0,0,ea
15:36:35.026,1,203,0,0,8,0,0,0,0,0,0,0,0
15:36:35.093,1,300,0,0,8,0,5a,64,5a,0,0,0,9d
15:36:35.153,1,206,0,0,8,0,0,0,0,0,0,0,0
15:36:35.217,1,300,0,0,8,0,5a,64,5a,0,0,0,bf
15:36:35.281,1,400,0,0,8,1,0,c,0,0,0,0,0
15:36:35.344,1,206,0,0,8,0,0,0,0,0,0,0,0
15:36:35.408,1,300,0,0,8,0,5a,64,5a,0,0,0,73
15:36:35.472,1,400,0,0,8,1,0,c,0,0,0,0,0
15:36:35.535,1,203,0,0,8,0,0,0,0,0,0,0,0
15:36:35.598,1,300,0,0,8,0,5a,64,5a,0,0,0,37
15:36:35.661,1,300,0,0,8,0,5a,64,5a,0,0,0,c8
15:36:35.725,1,203,0,0,8,0,0,0,0,0,0,0,0
15:36:35.788,1,400,0,0,8,1,0,c,0,0,0,0,0
15:36:35.855,1,206,0,0,8,0,0,0,0,0,0,0,0
15:36:35.914,1,300,0,0,8,0,5a,64,5a,0,0,0,9d
15:36:35.978,1,400,0,0,8,1,0,c,0,0,0,0,0
15:36:36.041,1,206,0,0,8,0,0,0,0,0,0,0,0
15:36:36.106,1,300,0,0,8,0,5a,64,5a,0,0,0,51
15:36:36.171,1,300,0,0,8,0,5a,64,5a,0,0,0,62
15:36:36.232,1,203,0,0,8,0,0,0,0,0,0,0,0
15:36:36.294,1,300,0,0,8,0,5a,64,5a,0,0,0,15
15:36:36.357,1,206,0,0,8,0,0,0,0,0,0,0,0
15:36:36.420,1,201,0,0,5,b4,5,0,0,2,,,
15:36:36.484,1,400,0,0,8,1,0,c,0,0,0,0,0
15:36:36.547,1,404,0,0,2,25,0,,,,,,
15:36:36.611,1,300,0,0,8,0,5a,64,5a,0,0,0,fb
15:36:36.674,1,400,0,0,8,1,0,c,0,0,0,0,0
15:36:36.738,1,402,0,0,8,5f,0,0,0,28,59,9,0
15:36:36.801,1,300,0,0,8,0,5a,64,5a,0,0,0,bf
15:36:36.865,1,300,0,0,8,0,5a,64,5a,0,0,0,40
15:36:36.928,1,203,0,0,8,0,0,0,0,0,0,0,0
15:36:36.992,1,400,0,0,8,1,0,c,0,0,0,0,0
15:36:37.060,1,206,0,0,8,0,0,0,0,0,0,0,0
15:36:37.119,1,300,0,0,8,0,5a,64,5a,0,0,0,15
15:36:37.183,1,400,0,0,8,1,0,c,0,0,0,0,0
15:36:37.246,1,403,0,0,8,64,0,0,0,40,e3,9,0
15:36:37.309,1,300,0,0,8,0,5a,64,5a,0,0,0,d9
15:36:37.373,1,401,0,0,8,60,a0,0,0,45,0,0,0
15:36:37.436,1,206,0,0,8,0,0,0,0,0,0,0,0
15:36:37.500,1,300,0,0,8,0,5a,64,5a,0,0,0,9d
15:36:37.563,1,300,0,0,8,0,5a,64,5a,0,0,0,ae
15:36:37.627,1,203,0,0,8,0,0,0,0,0,0,0,0
15:36:37.690,1,400,0,0,8,1,0,c,0,0,0,0,0
15:36:37.753,1,402,0,0,8,5f,0,0,0,28,59,9,0
15:36:37.817,1,300,0,0,8,0,5a,64,5a,0,0,0,73
15:36:37.880,1,400,0,0,8,1,0,c,0,0,0,0,0
15:36:37.943,1,206,0,0,8,0,0,0,0,0,0,0,0
15:36:38.007,1,300,0,0,8,0,5a,64,5a,0,0,0,37
15:36:38.070,1,401,0,0,8,60,a0,0,0,45,0,0,0
15:36:38.135,1,203,0,0,8,0,0,0,0,0,0,0,0
15:36:38.197,1,300,0,0,8,0,5a,64,5a,0,0,0,fb
15:36:38.261,1,300,0,0,8,0,5a,64,5a,0,0,0,8c
15:36:38.324,1,203,0,0,8,0,0,0,0,0,0,0,0
15:36:38.389,1,400,0,0,8,1,0,c,0,0,0,0,0
15:36:38.452,1,206,0,0,8,0,0,0,0,0,0,0,0
15:36:38.515,1,300,0,0,8,0,5a,64,5a,0,0,0,51
15:36:38.579,1,400,0,0,8,1,0,c,0,0,0,0,0
15:36:38.642,1,206,0,0,8,0,0,0,0,0,0,0,0
15:36:38.705,1,300,0,0,8,0,5a,64,5a,0,0,0,15
15:36:38.769,1,300,0,0,8,0,5a,64,5a,0,0,0,26
15:36:38.834,1,203,0,0,8,0,0,0,0,0,0,0,0
15:36:38.896,1,400,0,0,8,1,0,c,0,0,0,0,0
15:36:38.959,1,206,0,0,8,0,0,0,0,0,0,0,0
15:36:39.024,1,201,0,0,5,c,3,0,0,2,,,
15:36:39.086,1,400,0,0,8,1,0,c,0,0,0,0,0
15:36:39.150,1,206,0,0,8,0,0,0,0,0,0,0,0
15:36:39.214,1,300,0,0,8,0,5a,64,5a,0,0,0,bf
15:36:39.277,1,401,0,0,8,5e,a0,0,0,45,0,0,0
15:36:39.341,1,206,0,0,8,0,0,0,0,0,0,0,0
15:36:39.404,1,300,0,0,8,0,5a,64,5a,0,0,0,73
15:36:39.468,1,300,0,0,8,0,5a,64,5a,0,0,0,4
15:36:39.531,1,203,0,0,8,0,0,0,0,0,0,0,0
15:36:39.594,1,400,0,0,8,1,0,c,0,0,0,0,0
15:36:39.658,1,206,0,0,8,0,0,0,0,0,0,0,0
15:36:39.724,1,201,0,0,5,e0,1,0,0,2,,,
15:36:39.785,1,400,0,0,8,1,0,c,0,0,0,0,0
15:36:39.848,1,206,0,0,8,0,0,0,0,0,0,0,0
15:36:39.912,1,300,0,0,8,0,5a,64,5a,0,0,0,9d
15:36:39.975,1,401,0,0,8,60,a0,0,0,45,0,0,0
15:36:40.039,1,206,0,0,8,0,0,0,0,0,0,0,0
15:36:40.102,1,300,0,0,8,0,5a,64,5a,0,0,0,51
15:36:40.165,1,300,0,0,8,0,5a,64,5a,0,0,0,62
15:36:40.229,1,203,0,0,8,0,0,0,0,0,0,0,0
