15:37:22.017,1,300,0,0,8,0,5a,64,5a,0,0,0,37
15:37:22.080,1,400,0,0,8,1,0,c,0,0,0,0,0
15:37:22.143,1,203,0,0,8,0,0,0,0,0,0,0,0
15:37:22.206,1,300,0,0,8,0,5a,64,5a,0,0,0,fb
15:37:22.270,1,206,0,0,8,0,0,0,0,0,0,0,0
15:37:22.332,1,201,0,0,5,0,0,0,0,62,,,
15:37:22.397,1,400,0,0,8,1,0,c,0,0,0,0,0
15:37:22.460,1,206,0,0,8,0,0,0,0,0,0,0,0
15:37:22.523,1,300,0,0,8,3,5a,64,5a,a,0,a,61
15:37:22.586,1,400,0,0,8,1,0,c,0,0,0,0,0
15:37:22.650,1,203,0,0,8,0,0,0,0,0,0,0,0
15:37:22.712,1,300,0,0,8,3,5a,64,5a,a,0,a,25
15:37:22.775,1,300,0,0,8,3,5a,64,5a,a,0,a,16
15:37:22.839,1,203,0,0,8,0,0,0,0,0,0,0,0
15:37:22.901,1,300,0,0,8,3,5a,64,5a,a,0,a,e9
15:37:22.964,1,206,0,0,8,0,0,0,0,0,0,0,0
15:37:23.028,1,201,0,0,5,0,0,0,0,62,,,
15:37:23.091,1,400,0,0,8,1,0,c,0,0,0,0,0
15:37:23.155,1,206,0,0,8,0,0,0,0,0,0,0,0
15:37:23.218,1,300,0,0,8,3,5a,64,5a,1e,0,1e,df
15:37:23.281,1,401,0,0,8,62,a0,0,0,46,0,0,0
15:37:23.344,1,203,0,0,8,0,0,0,0,0,0,0,0
15:37:23.409,1,300,0,0,8,3,5a,64,5a,28,0,28,63
15:37:23.472,1,206,0,0,8,0,0,0,0,0,0,0,0
15:37:23.535,1,201,0,0,5,0,0,0,0,62,,,
15:37:23.598,1,400,0,0,8,1,0,c,0,0,0,0,0
15:37:23.662,1,206,0,0,8,0,0,0,0,0,0,0,0
15:37:23.725,1,300,0,0,8,3,5a,64,5a,32,0,32,f9
15:37:23.791,1,400,0,0,8,1,0,c,0,0,0,0,0
15:37:23.853,1,204,0,0,8,0,0,0,0,0,0,0,0
15:37:23.918,1,300,0,0,8,3,5a,64,5a,3c,0,3c,fd
15:37:23.981,1,401,0,0,8,60,a0,0,0,45,0,0,0
15:37:24.046,1,203,0,0,8,0,0,0,0,0,0,0,0
15:37:24.109,1,300,0,0,8,3,5a,64,5a,46,0,46,21
15:37:24.173,1,206,0,0,8,0,0,0,0,0,0,0,0
15:37:24.238,1,201,0,0,5,0,0,0,0,62,,,
15:37:24.300,1,400,0,0,8,1,0,c,0,0,0,0,0
15:37:24.364,1,206,0,0,8,0,0,0,0,0,0,0,0
15:37:24.427,1,201,0,0,5,0,0,0,0,62,,,
15:37:24.492,1,400,0,0,8,1,0,c,0,0,0,0,0
15:37:24.554,1,404,0,0,2,26,0,,,,,,
15:37:24.618,1,300,0,0,8,3,5a,64,5a,5a,0,5a,db
15:37:24.682,1,401,0,0,8,62,a0,0,0,45,0,0,0
15:37:24.747,1,203,0,0,8,0,0,0,0,0,0,0,0
15:37:24.808,1,404,0,0,2,4,0,,,,,,
15:37:24.872,1,206,0,0,8,0,0,0,0,0,0,0,0
15:37:24.935,1,201,0,0,5,0,0,0,0,62,,,
15:37:24.999,1,400,0,0,8,1,0,c,0,0,0,0,0
15:37:25.063,1,206,0,0,8,0,0,0,0,0,0,0,0
15:37:25.127,1,300,0,0,8,3,5a,64,5a,64,0,64,25
15:37:25.191,1,400,0,0,8,1,0,c,0,0,0,0,0
15:37:25.255,1,206,0,0,8,0,0,0,0,0,0,0,0
15:37:25.318,1,300,0,0,8,3,5a,64,5a,64,0,64,a9
15:37:25.381,1,401,0,0,8,62,a0,0,0,45,0,0,0
15:37:25.444,1,203,0,0,8,0,0,0,0,0,0,0,0
15:37:25.512,1,300,0,0,8,3,5a,64,5a,64,0,64,ad
15:37:25.571,1,206,0,0,8,0,0,0,0,0,0,0,0
15:37:25.634,1,201,0,0,5,0,0,0,0,62,,,
15:37:25.703,1,400,0,0,8,1,0,c,0,0,0,0,0
15:37:25.761,1,206,0,0,8,0,0,0,0,0,0,0,0
15:37:25.824,1,300,0,0,8,3,5a,64,5a,64,0,64,23
15:37:25.888,1,400,0,0,8,1,0,c,0,0,0,0,0
15:37:25.951,1,203,0,0,8,0,0,0,0,0,0,0,0
15:37:26.014,1,300,0,0,8,3,5a,64,5a,64,0,64,27
15:37:26.078,1,401,0,0,8,62,a0,0,0,45,0,0,0
15:37:26.141,1,203,0,0,8,0,0,0,0,0,0,0,0
15:37:26.206,1,400,0,0,8,1,0,c,0,0,0,0,0
15:37:26.269,1,206,0,0,8,0,0,0,0,0,0,0,0
15:37:26.332,1,201,0,0,5,0,0,0,0,62,,,
15:37:26.396,1,400,0,0,8,1,0,c,0,0,0,0,0
15:37:26.459,1,206,0,0,8,0,0,0,0,0,0,0,0
15:37:26.523,1,300,0,0,8,3,5a,64,5a,64,0,64,21
15:37:26.586,1,401,0,0,8,62,a0,0,0,45,0,0,0
15:37:26.650,1,203,0,0,8,0,0,0,0,0,0,0,0
15:37:26.713,1,300,0,0,8,3,5a,64,5a,64,0,64,25
15:37:26.777,1,300,0,0,8,3,5a,64,5a,64,0,64,36
15:37:26.841,1,203,0,0,8,0,0,0,0,0,0,0,0
15:37:26.905,1,400,0,0,8,1,0,c,0,0,0,0,0
15:37:26.968,1,206,0,0,8,0,0,0,0,0,0,0,0
15:37:27.032,1,201,0,0,5,0,0,0,0,62,,,
15:37:27.094,1,400,0,0,8,1,0,c,0,0,0,0,0
15:37:27.158,1,206,0,0,8,0,0,0,0,0,0,0,0
15:37:27.221,1,300,0,0,8,3,5a,64,5a,64,0,64,af
15:37:27.285,1,401,0,0,8,62,a0,0,0,45,0,0,0
15:37:27.348,1,203,0,0,8,0,0,0,0,0,0,0,0
15:37:27.413,1,300,0,0,8,3,5a,64,5a,64,0,64,23
15:37:27.474,1,206,0,0,8,0,0,0,0,0,0,0,0
15:37:27.537,1,201,0,0,5,0,0,d4,8,62,,,
15:37:27.601,1,400,0,0,8,1,0,c,0,0,0,0,0
15:37:27.664,1,206,0,0,8,0,0,0,0,0,0,0,0
15:37:27.726,1,300,0,0,8,3,5a,64,5a,64,0,64,a9
15:37:27.789,1,401,0,0,8,4e,a0,0,0,e6,0,0,0
15:37:27.852,1,204,0,0,8,0,0,0,0,0,0,0,0
15:37:27.915,1,300,0,0,8,3,5a,64,5a,64,0,64,ad
15:37:27.978,1,401,0,0,8,e6,9d,0,0,e6,0,0,0
15:37:28.041,1,203,0,0,8,cb,1,fc,f1,1,0,0,0
15:37:28.104,1,400,0,0,8,1,0,2c,0,0,0,0,0
15:37:28.168,1,206,0,0,8,0,0,0,0,0,0,0,0
15:37:28.231,1,201,0,0,5,0,0,64,0,62,,,
15:37:28.295,1,400,0,0,8,1,0,2c,0,0,0,0,0
15:37:28.358,1,403,0,0,8,64,0,0,0,40,e3,9,0
15:37:28.422,1,300,0,0,8,3,5a,64,5a,64,0,64,27
15:37:28.486,1,401,0,0,8,e1,9f,0,0,38,16,0,0
15:37:28.555,1,203,0,0,8,b0,3,0,0,0,0,0,0
15:37:28.621,1,400,0,0,8,1,0,2c,0,0,0,0,0
15:37:28.682,1,401,0,0,8,fb,9f,0,0,6,9,0,0
15:37:28.746,1,203,0,0,8,40,4,0,0,0,0,0,0
15:37:28.809,1,400,0,0,8,1,0,2c,0,0,0,0,0
15:37:28.872,1,402,0,0,8,5f,0,0,0,4,59,9,0
15:37:28.935,1,201,0,0,5,32,0,b8,1,62,,,
15:37:28.998,1,400,0,0,8,1,0,2c,0,0,0,0,0
15:37:29.067,1,206,0,0,8,0,0,0,0,0,0,0,0
15:37:29.125,1,300,0,0,8,3,5a,64,5a,64,0,64,25
15:37:29.189,1,401,0,0,8,37,9f,0,0,c4,3,0,0
15:37:29.253,1,203,0,0,8,94,5,ac,cc,a,0,0,0
15:37:29.315,1,300,0,0,8,3,5a,64,5a,64,0,64,a9
15:37:29.379,1,401,0,0,8,87,9e,0,0,9f,8,0,0
15:37:29.443,1,203,0,0,8,ed,5,24,dd,8,0,0,0
15:37:29.506,1,400,0,0,8,1,0,2c,0,0,0,0,0
15:37:29.570,1,206,0,0,8,0,0,0,0,0,0,0,0
15:37:29.635,1,201,0,0,5,32,0,0,0,62,,,
15:37:29.697,1,400,0,0,8,1,0,2c,0,0,0,0,0
15:37:29.761,1,206,0,0,8,0,0,0,0,0,0,0,0
15:37:29.825,1,300,0,0,8,3,5a,64,5a,64,0,64,23
15:37:29.888,1,401,0,0,8,f1,9f,0,0,45,e,0,0
15:37:29.952,1,203,0,0,8,82,6,78,13,11,0,0,0
15:37:30.015,1,400,0,0,8,1,0,2c,0,0,0,0,0
15:37:30.082,1,401,0,0,8,f1,9f,0,0,c,5,0,0
15:37:30.144,1,203,0,0,8,b8,6,30,96,13,0,0,0
15:37:30.208,1,400,0,0,8,1,0,2c,0,0,0,0,0
15:37:30.271,1,206,0,0,8,0,0,0,0,0,0,0,0
15:37:30.334,1,201,0,0,5,2,3,d6,1,62,,,
15:37:30.400,1,400,0,0,8,1,0,2c,0,0,0,0,0
15:37:30.464,1,206,0,0,8,0,0,0,0,0,0,0,0
15:37:30.524,1,300,0,0,8,3,5a,64,5a,64,0,64,21
15:37:30.589,1,401,0,0,8,af,9d,0,0,c2,1a,0,0
15:37:30.651,1,203,0,0,8,56,7,e8,6a,12,0,0,0
15:37:30.715,1,400,0,0,8,1,0,2c,0,0,0,0,0
15:37:30.777,1,300,0,0,8,3,5a,64,5a,64,0,64,36
15:37:30.840,1,203,0,0,8,cb,7,a4,2b,9,0,0,0
15:37:30.903,1,200,0,0,8,5f,0,21,59,9,0,1,0
15:37:30.968,1,206,0,0,8,0,0,0,0,0,0,0,0
15:37:31.030,1,201,0,0,5,5c,3,66,3,62,,,
15:37:31.098,1,401,0,0,8,f0,9d,0,0,a3,16,0,0
15:37:31.157,1,206,0,0,8,0,0,0,0,0,0,0,0
15:37:31.221,1,300,0,0,8,3,5a,64,5a,64,0,64,af
15:37:31.284,1,401,0,0,8,34,9d,0,0,16,19,0,0
15:37:31.348,1,203,0,0,8,c4,8,80,ba,38,0,0,0
15:37:31.412,1,400,0,0,8,1,0,2c,0,0,0,0,0
15:37:31.476,1,206,0,0,8,0,0,0,0,0,0,0,0
15:37:31.540,1,201,0,0,5,24,4,c6,2,62,,,
15:37:31.603,1,400,0,0,8,1,0,2c,0,0,0,0,0
15:37:31.666,1,206,0,0,8,0,0,0,0,0,0,0,0
15:37:31.732,1,201,0,0,5,24,4,7e,4,62,,,
15:37:31.793,1,401,0,0,8,f3,9b,0,0,af,30,0,0
15:37:31.857,1,204,0,0,8,0,0,0,0,0,0,0,0
15:37:31.919,1,400,0,0,8,1,0,2c,0,0,0,0,0
15:37:31.983,1,401,0,0,8,a8,9b,0,0,f,2d,0,0
15:37:32.046,1,203,0,0,8,1f,a,6c,cd,36,0,0,0
15:37:32.110,1,400,0,0,8,1,0,2c,0,0,0,0,0
15:37:32.173,1,206,0,0,8,0,0,0,0,0,0,0,0
15:37:32.237,1,201,0,0,5,e2,4,ee,2,62,,,
15:37:32.300,1,401,0,0,8,f4,9a,0,0,9b,29,0,0
15:37:32.362,1,206,0,0,8,0,0,0,0,0,0,0,0
15:37:32.426,1,300,0,0,8,3,5a,64,5a,64,0,64,27
15:37:32.490,1,401,0,0,8,58,9c,0,0,6,2f,0,0
15:37:32.556,1,203,0,0,8,b6,a,24,21,15,0,0,0
15:37:32.617,1,400,0,0,8,1,0,2c,0,0,0,0,0
15:37:32.680,1,404,0,0,2,4d,0,,,,,,
15:37:32.744,1,203,0,0,8,a9,9,e8,a4,13,0,0,0
15:37:32.808,1,404,0,0,2,4,0,,,,,,
15:37:32.872,1,206,0,0,8,0,0,0,0,0,0,0,0
15:37:32.934,1,201,0,0,5,14,5,84,8,62,,,
15:37:32.997,1,401,0,0,8,46,9d,0,0,1d,16,0,0
15:37:33.060,1,206,0,0,8,0,0,0,0,0,0,0,0
15:37:33.125,1,400,0,0,8,1,0,2c,0,0,0,0,0
15:37:33.188,1,401,0,0,8,7c,99,0,0,1d,16,0,0
15:37:33.251,1,203,0,0,8,b2,8,78,fb,15,0,0,0
15:37:33.314,1,400,0,0,8,1,0,2c,0,0,0,0,0
15:37:33.378,1,300,0,0,8,3,5a,64,5a,64,0,64,ba
15:37:33.442,1,201,0,0,5,32,5,6,4,62,,,
15:37:33.505,1,400,0,0,8,1,0,2c,0,0,0,0,0
15:37:33.567,1,206,0,0,8,0,0,0,0,0,0,0,0
15:37:33.636,1,201,0,0,5,aa,5,c6,2,62,,,
15:37:33.699,1,401,0,0,8,31,9b,0,0,8e,35,0,0
15:37:33.763,1,206,0,0,8,0,0,0,0,0,0,0,0
15:37:33.827,1,300,0,0,8,3,5a,64,5a,64,0,64,23
15:37:33.892,1,665,0,0,8,0,0,0,53,4c,18,53,0
15:37:33.956,1,206,0,0,8,0,0,0,0,0,0,0,0
15:37:34.018,1,400,0,0,8,1,0,2c,0,0,0,0,0
15:37:34.081,1,401,0,0,8,ad,9c,0,0,d0,26,0,0
15:37:34.145,1,203,0,0,8,7c,9,20,94,37,0,0,0
15:37:34.208,1,400,0,0,8,1,0,2c,0,0,0,0,0
15:37:34.272,1,206,0,0,8,0,0,0,0,0,0,0,0
15:37:34.338,1,201,0,0,5,e6,5,4,1,62,,,
15:37:34.401,1,401,0,0,8,48,9c,0,0,96,33,0,0
15:37:34.464,1,206,0,0,8,0,0,0,0,0,0,0,0
15:37:34.529,1,400,0,0,8,1,0,2c,0,0,0,0,0
15:37:34.591,1,401,0,0,8,48,9c,0,0,ca,30,0,0
15:37:34.655,1,206,0,0,8,0,0,0,0,0,0,0,0
15:37:34.718,1,400,0,0,8,1,0,2c,0,0,0,0,0
15:37:34.783,1,401,0,0,8,bf,9c,0,0,c8,1f,0,0
15:37:34.851,1,203,0,0,8,4,a,30,ee,35,0,0,0
15:37:34.908,1,400,0,0,8,1,0,2c,0,0,0,0,0
15:37:34.971,1,206,0,0,8,0,0,0,0,0,0,0,0
15:37:35.035,1,201,0,0,5,40,6,e,6,62,,,
15:37:35.100,1,401,0,0,8,6c,9c,0,0,45,1d,0,0
15:37:35.163,1,206,0,0,8,0,0,0,0,0,0,0,0
15:37:35.228,1,400,0,0,8,1,0,2c,0,0,0,0,0
15:37:35.292,1,401,0,0,8,c9,99,0,0,f4,34,0,0
15:37:35.354,1,206,0,0,8,0,0,0,0,0,0,0,0
15:37:35.418,1,300,0,0,8,3,5a,64,5a,64,0,64,23
15:37:35.482,1,401,0,0,8,63,9a,0,0,7b,33,0,0
15:37:35.545,1,203,0,0,8,96,a,bc,9d,1e,0,0,0
15:37:35.608,1,401,0,0,8,63,9a,0,0,7b,33,0,0
15:37:35.672,1,206,0,0,8,0,0,0,0,0,0,0,0
15:37:35.734,1,201,0,0,5,ae,6,14,5,62,,,
15:37:35.798,1,401,0,0,8,c8,9b,0,0,cf,32,0,0
15:37:35.861,1,204,0,0,8,0,0,0,0,0,0,0,0
15:37:35.925,1,300,0,0,8,3,5a,64,5a,64,0,64,ad
15:37:35.988,1,401,0,0,8,d6,9a,0,0,13,2b,0,0
15:37:36.052,1,203,0,0,8,f1,a,d8,8b,e,0,0,0
15:37:36.114,1,300,0,0,8,3,5a,64,5a,64,0,64,21
15:37:36.179,1,206,0,0,8,0,0,0,0,0,0,0,0
15:37:36.241,1,201,0,0,5,e0,6,20,3,62,,,
15:37:36.306,1,401,0,0,8,b5,9c,0,0,e2,27,0,0
15:37:36.368,1,206,0,0,8,0,0,0,0,0,0,0,0
15:37:36.433,1,201,0,0,5,f4,6,9a,1,62,,,
15:37:36.496,1,401,0,0,8,bb,9c,0,0,8e,21,0,0
15:37:36.561,1,206,0,0,8,0,0,0,0,0,0,0,0
15:37:36.623,1,300,0,0,8,3,5a,64,5a,64,0,64,ab
15:37:36.686,1,401,0,0,8,8e,9c,0,0,8e,21,0,0
15:37:36.749,1,203,0,0,8,6,a,50,a9,2a,0,0,0
15:37:36.813,1,300,0,0,8,3,5a,64,5a,64,0,64,af
15:37:36.876,1,206,0,0,8,0,0,0,0,0,0,0,0
15:37:36.938,1,201,0,0,5,f4,6,6a,4,62,,,
15:37:37.003,1,401,0,0,8,84,9c,0,0,77,25,0,0
15:37:37.066,1,206,0,0,8,0,0,0,0,0,0,0,0
15:37:37.130,1,300,0,0,8,3,5a,64,5a,64,0,64,25
15:37:37.193,1,401,0,0,8,95,9a,0,0,77,25,0,0
15:37:37.255,1,206,0,0,8,0,0,0,0,0,0,0,0
15:37:37.319,1,300,0,0,8,3,5a,64,5a,64,0,64,a9
15:37:37.381,1,403,0,0,8,64,0,0,0,40,e3,9,0
15:37:37.444,1,203,0,0,8,2e,a,d8,dc,38,0,0,0
15:37:37.507,1,401,0,0,8,d6,9b,0,0,df,2f,0,0
15:37:37.572,1,206,0,0,8,0,0,0,0,0,0,0,0
15:37:37.637,1,400,0,0,8,1,0,2c,0,0,0,0,0
15:37:37.701,1,401,0,0,8,4f,9a,0,0,df,2f,0,0
15:37:37.764,1,206,0,0,8,0,0,0,0,0,0,0,0
15:37:37.827,1,300,0,0,8,3,5a,64,5a,64,0,64,23
15:37:37.891,1,402,0,0,8,5f,0,0,0,ec,55,9,0
15:37:37.954,1,203,0,0,8,5e,a,70,c3,39,0,0,0
15:37:38.017,1,300,0,0,8,3,5a,64,5a,64,0,64,27
15:37:38.080,1,300,0,0,8,3,5a,64,5a,64,0,64,b8
15:37:38.143,1,203,0,0,8,60,a,90,30,17,0,0,0
15:37:38.209,1,401,0,0,8,ce,9a,0,0,b4,2c,0,0
15:37:38.269,1,206,0,0,8,0,0,0,0,0,0,0,0
15:37:38.332,1,400,0,0,8,1,0,2c,0,0,0,0,0
15:37:38.395,1,403,0,0,8,64,0,0,0,40,e3,9,0
15:37:38.458,1,206,0,0,8,0,0,0,0,0,0,0,0
15:37:38.521,1,300,0,0,8,3,5a,64,5a,64,0,64,21
15:37:38.585,1,401,0,0,8,d0,9b,0,0,7e,27,0,0
15:37:38.648,1,203,0,0,8,84,a,b0,17,1d,0,0,0
15:37:38.711,1,401,0,0,8,1d,9b,0,0,7e,27,0,0
15:37:38.774,1,206,0,0,8,0,0,0,0,0,0,0,0
15:37:38.837,1,400,0,0,8,1,0,2c,0,0,0,0,0
15:37:38.901,1,401,0,0,8,7c,9b,0,0,a4,2d,0,0
15:37:38.965,1,206,0,0,8,0,0,0,0,0,0,0,0
15:37:39.028,1,300,0,0,8,3,5a,64,5a,64,0,64,ab
15:37:39.092,1,401,0,0,8,7c,9b,0,0,f1,26,0,0
15:37:39.155,1,203,0,0,8,8f,a,e0,25,18,0,0,0
15:37:39.219,1,401,0,0,8,2b,9c,0,0,f1,26,0,0
15:37:39.282,1,300,0,0,8,3,5a,64,5a,64,0,64,30
15:37:39.346,1,203,0,0,8,97,a,98,ae,40,0,0,0
15:37:39.409,1,401,0,0,8,75,9a,0,0,1,2a,0,0
15:37:39.476,1,206,0,0,8,0,0,0,0,0,0,0,0
15:37:39.536,1,400,0,0,8,1,0,2c,0,0,0,0,0
15:37:39.599,1,401,0,0,8,75,9a,0,0,90,29,0,0
15:37:39.662,1,206,0,0,8,0,0,0,0,0,0,0,0
15:37:39.725,1,300,0,0,8,3,5a,64,5a,64,0,64,a9
15:37:39.788,1,401,0,0,8,f,9c,0,0,9e,2d,0,0
15:37:39.851,1,203,0,0,8,ad,a,20,a5,3a,0,0,0
15:37:39.915,1,200,0,0,8,5f,0,81,58,9,0,1,0
15:37:39.979,1,206,0,0,8,0,0,0,0,0,0,0,0
15:37:40.042,1,201,0,0,5,62,7,da,2,62,,,
15:37:40.105,1,401,0,0,8,b8,9a,0,0,c5,2a,0,0
15:37:40.170,1,206,0,0,8,0,0,0,0,0,0,0,0
15:37:40.232,1,300,0,0,8,3,5a,64,5a,64,0,64,23
15:37:40.294,1,404,0,0,2,44,0,,,,,,
15:37:40.358,1,206,0,0,8,0,0,0,0,0,0,0,0
15:37:40.421,1,401,0,0,8,67,9b,0,0,d7,27,0,0
15:37:40.484,1,404,0,0,2,24,0,,,,,,
15:37:40.547,1,203,0,0,8,c6,a,e4,d3,29,0,0,0
15:37:40.611,1,401,0,0,8,67,9b,0,0,6c,2b,0,0
15:37:40.674,1,206,0,0,8,0,0,0,0,0,0,0,0
15:37:40.737,1,400,0,0,8,1,0,2c,0,0,0,0,0
15:37:40.800,1,401,0,0,8,3f,9b,0,0,e8,24,0,0
15:37:40.864,1,204,0,0,8,0,0,0,0,0,0,0,0
15:37:40.927,1,300,0,0,8,3,5a,64,5a,64,0,64,21
15:37:40.990,1,401,0,0,8,ab,9c,0,0,3a,26,0,0
15:37:41.053,1,203,0,0,8,cf,a,e0,21,33,0,0,0
15:37:41.117,1,401,0,0,8,ab,9c,0,0,3a,26,0,0
15:37:41.180,1,206,0,0,8,0,0,0,0,0,0,0,0
15:37:41.243,1,201,0,0,5,6c,7,fe,1,62,,,
15:37:41.306,1,401,0,0,8,29,9b,0,0,f3,24,0,0
15:37:41.370,1,206,0,0,8,0,0,0,0,0,0,0,0
15:37:41.433,1,400,0,0,8,1,0,2c,0,0,0,0,0
15:37:41.497,1,401,0,0,8,9a,9c,0,0,88,26,0,0
15:37:41.561,1,206,0,0,8,0,0,0,0,0,0,0,0
15:37:41.624,1,401,0,0,8,9a,9c,0,0,88,26,0,0
15:37:41.687,1,401,0,0,8,53,9b,0,0,88,26,0,0
15:37:41.751,1,203,0,0,8,c4,a,10,86,f,0,0,0
15:37:41.814,1,401,0,0,8,53,9b,0,0,8d,25,0,0
15:37:41.878,1,206,0,0,8,0,0,0,0,0,0,0,0
15:37:41.942,1,201,0,0,5,62,7,32,5,62,,,
15:37:42.006,1,401,0,0,8,39,9c,0,0,46,22,0,0
15:37:42.068,1,206,0,0,8,0,0,0,0,0,0,0,0
15:37:42.130,1,300,0,0,8,3,5a,64,5a,64,0,64,a9
15:37:42.193,1,401,0,0,8,50,9c,0,0,46,22,0,0
15:37:42.256,1,203,0,0,8,c3,a,dc,10,22,0,0,0
15:37:42.320,1,401,0,0,8,50,9c,0,0,c0,26,0,0
15:37:42.383,1,300,0,0,8,3,5a,64,5a,64,0,64,be
15:37:42.446,1,400,0,0,8,1,0,2c,0,0,0,0,0
15:37:42.509,1,401,0,0,8,ae,9b,0,0,3c,1f,0,0
15:37:42.572,1,206,0,0,8,0,0,0,0,0,0,0,0
15:37:42.635,1,201,0,0,5,62,7,62,2,62,,,
15:37:42.702,1,401,0,0,8,26,9d,0,0,3c,1f,0,0
15:37:42.766,1,206,0,0,8,0,0,0,0,0,0,0,0
15:37:42.829,1,300,0,0,8,3,5a,64,5a,64,0,64,27
15:37:42.894,1,666,0,0,8,52,8,5,0,52,95,36,2
15:37:42.956,1,203,0,0,8,d3,a,48,f,21,0,0,0
15:37:43.020,1,401,0,0,8,b0,9a,0,0,cf,22,0,0
15:37:43.083,1,300,0,0,8,3,5a,64,5a,64,0,64,bc
15:37:43.147,1,400,0,0,8,1,0,2c,0,0,0,0,0
15:37:43.210,1,401,0,0,8,37,9c,0,0,cf,22,0,0
15:37:43.276,1,206,0,0,8,0,0,0,0,0,0,0,0
15:37:43.337,1,201,0,0,5,62,7,98,3,62,,,
15:37:43.400,1,403,0,0,8,64,0,0,0,40,e3,9,0
15:37:43.465,1,206,0,0,8,0,0,0,0,0,0,0,0
15:37:43.526,1,401,0,0,8,82,9b,0,0,1e,26,0,0
15:37:43.589,1,401,0,0,8,82,9b,0,0,1e,26,0,0
15:37:43.652,1,203,0,0,8,cc,a,48,45,3d,0,0,0
15:37:43.716,1,401,0,0,8,df,9b,0,0,1e,26,0,0
15:37:43.780,1,206,0,0,8,0,0,0,0,0,0,0,0
15:37:43.843,1,201,0,0,5,6c,7,26,2,62,,,
15:37:43.907,1,402,0,0,8,5f,0,0,0,ac,53,9,0
15:37:43.971,1,206,0,0,8,0,0,0,0,0,0,0,0
15:37:44.035,1,201,0,0,5,6c,7,da,7,62,,,
15:37:44.099,1,401,0,0,8,96,9b,0,0,34,2a,0,0
15:37:44.163,1,206,0,0,8,0,0,0,0,0,0,0,0
15:37:44.227,1,401,0,0,8,a9,99,0,0,34,2a,0,0
15:37:44.291,1,401,0,0,8,a9,99,0,0,bb,2a,0,0
15:37:44.354,1,203,0,0,8,fd,a,38,a0,3a,0,0,0
15:37:44.421,1,401,0,0,8,c9,99,0,0,bb,2a,0,0
15:37:44.481,1,206,0,0,8,0,0,0,0,0,0,0,0
15:37:44.544,1,201,0,0,5,8a,7,ca,d,62,,,
15:37:44.607,1,401,0,0,8,c9,99,0,0,7b,3b,0,0
15:37:44.671,1,206,0,0,8,0,0,0,0,0,0,0,0
15:37:44.734,1,201,0,0,5,d0,7,d8,4,62,,,
15:37:44.797,1,401,0,0,8,49,98,0,0,10,41,0,0
15:37:44.860,1,204,0,0,8,0,0,0,0,0,0,0,0
15:37:44.924,1,401,0,0,8,5,98,0,0,10,41,0,0
15:37:44.987,1,401,0,0,8,5,98,0,0,5,48,0,0
15:37:45.051,1,400,0,0,8,1,0,2c,0,0,0,0,0
15:37:45.114,1,401,0,0,8,5,98,0,0,5,48,0,0
15:37:45.178,1,206,0,0,8,0,0,0,0,0,0,0,0
15:37:45.241,1,201,0,0,5,20,8,f8,2,62,,,
15:37:45.305,1,401,0,0,8,a2,98,0,0,ef,47,0,0
15:37:45.370,1,206,0,0,8,0,0,0,0,0,0,0,0
15:37:45.431,1,401,0,0,8,48,9a,0,0,ef,47,0,0
15:37:45.494,1,401,0,0,8,48,9a,0,0,27,3a,0,0
15:37:45.558,1,203,0,0,8,cc,b,40,d5,3,0,0,0
15:37:45.621,1,401,0,0,8,48,9a,0,0,27,3a,0,0
15:37:45.685,1,300,0,0,8,3,5a,64,5a,64,0,64,30
15:37:45.748,1,400,0,0,8,1,0,2c,0,0,0,0,0
15:37:45.811,1,401,0,0,8,e8,9d,0,0,34,1f,0,0
15:37:45.874,1,206,0,0,8,0,0,0,0,0,0,0,0
15:37:45.937,1,201,0,0,5,2a,8,a4,1,62,,,
15:37:46.000,1,401,0,0,8,d4,9e,0,0,b9,9,0,0
15:37:46.064,1,206,0,0,8,0,0,0,0,0,0,0,0
15:37:46.127,1,401,0,0,8,d4,9e,0,0,b9,9,0,0
15:37:46.192,1,401,0,0,8,84,9c,0,0,b9,9,0,0
15:37:46.253,1,400,0,0,8,1,0,2c,0,0,0,0,0
15:37:46.316,1,300,0,0,8,3,5a,64,5a,64,0,64,ad
15:37:46.380,1,206,0,0,8,0,0,0,0,0,0,0,0
15:37:46.444,1,201,0,0,5,f8,7,d6,1,62,,,
15:37:46.507,1,300,0,0,8,3,5a,64,5a,64,0,64,21
15:37:46.571,1,206,0,0,8,0,0,0,0,0,0,0,0
15:37:46.634,1,300,0,0,8,3,5a,64,5a,64,0,64,23
15:37:46.698,1,300,0,0,8,3,5a,64,5a,64,0,64,25
15:37:46.761,1,206,0,0,8,0,0,0,0,0,0,0,0
15:37:46.825,1,300,0,0,8,3,5a,64,5a,64,0,64,27
15:37:46.888,1,402,0,0,8,5f,0,0,0,44,52,9,0
15:37:46.952,1,400,0,0,8,1,0,2c,0,0,0,0,0
15:37:47.015,1,300,0,0,8,3,5a,64,5a,64,0,64,ab
15:37:47.079,1,206,0,0,8,0,0,0,0,0,0,0,0
15:37:47.142,1,201,0,0,5,9e,7,e,1,62,,,
15:37:47.206,1,300,0,0,8,3,5a,64,5a,64,0,64,af
15:37:47.269,1,206,0,0,8,0,0,0,0,0,0,0,0
15:37:47.319,1,300,0,0,8,3,5a,64,5a,64,0,64,21
15:37:47.396,1,403,0,0,8,64,0,0,0,40,e3,9,0
15:37:47.460,1,206,0,0,8,0,0,0,0,0,0,0,0
15:37:47.524,1,300,0,0,8,3,5a,64,5a,64,0,64,25
15:37:47.587,1,300,0,0,8,3,5a,64,5a,64,0,64,27
15:37:47.650,1,203,0,0,8,fe,a,70,83,12,0,0,0
15:37:47.713,1,300,0,0,8,3,5a,64,5a,64,0,64,a9
15:37:47.776,1,206,0,0,8,0,0,0,0,0,0,0,0
15:37:47.839,1,201,0,0,5,6c,7,46,5,62,,,
15:37:47.902,1,402,0,0,8,5f,0,0,0,fc,51,9,0
15:37:47.967,1,206,0,0,8,0,0,0,0,0,0,0,0
15:37:48.028,1,300,0,0,8,3,5a,64,5a,64,0,64,af
15:37:48.091,1,300,0,0,8,3,5a,64,5a,64,0,64,21
15:37:48.154,1,203,0,0,8,de,a,d0,46,14,0,0,0
15:37:48.217,1,404,0,0,2,4a,0,,,,,,
15:37:48.280,1,206,0,0,8,0,0,0,0,0,0,0,0
15:37:48.344,1,201,0,0,5,58,7,1c,2,62,,,
15:37:48.407,1,404,0,0,2,21,0,,,,,,
15:37:48.470,1,404,0,0,2,23,0,,,,,,
15:37:48.533,1,300,0,0,8,3,5a,64,5a,64,0,64,a9
15:37:48.602,1,404,0,0,2,27,0,,,,,,
15:37:48.659,1,400,0,0,8,1,0,2c,0,0,0,0,0
15:37:48.722,1,404,0,0,2,50,0,,,,,,
15:37:48.785,1,300,0,0,8,3,5a,64,5a,64,0,64,be
15:37:48.848,1,404,0,0,2,b0,1,,,,,,
15:37:48.911,1,200,0,0,8,5f,0,50,57,9,0,1,0
15:37:48.974,1,206,0,0,8,0,0,0,0,0,0,0,0
15:37:49.037,1,401,0,0,8,ba,9b,0,0,ce,25,0,0
15:37:49.101,1,300,0,0,8,3,5a,64,5a,64,0,64,25
15:37:49.164,1,206,0,0,8,0,0,0,0,0,0,0,0
15:37:49.228,1,300,0,0,8,3,5a,64,5a,64,0,64,27
15:37:49.291,1,300,0,0,8,3,5a,64,5a,64,0,64,a9
15:37:49.354,1,203,0,0,8,a0,a,3c,d1,10,0,0,0
15:37:49.419,1,403,0,0,8,64,0,0,0,40,e3,9,0
15:37:49.480,1,206,0,0,8,0,0,0,0,0,0,0,0
15:37:49.543,1,201,0,0,5,58,7,54,6,62,,,
15:37:49.606,1,300,0,0,8,3,5a,64,5a,64,0,64,af
15:37:49.671,1,206,0,0,8,0,0,0,0,0,0,0,0
15:37:49.733,1,300,0,0,8,3,5a,64,5a,64,0,64,21
15:37:49.796,1,300,0,0,8,3,5a,64,5a,64,0,64,23
15:37:49.860,1,400,0,0,8,1,0,2c,0,0,0,0,0
15:37:49.923,1,402,0,0,8,5f,0,0,0,6c,51,9,0
15:37:49.987,1,300,0,0,8,3,5a,64,5a,64,0,64,27
15:37:50.051,1,203,0,0,8,93,a,4,47,2d,0,0,0
15:37:50.114,1,300,0,0,8,3,5a,64,5a,64,0,64,a9
15:37:50.179,1,206,0,0,8,0,0,0,0,0,0,0,0
15:37:50.242,1,401,0,0,8,c6,9b,0,0,13,28,0,0
15:37:50.305,1,300,0,0,8,3,5a,64,5a,64,0,64,ad
15:37:50.369,1,206,0,0,8,0,0,0,0,0,0,0,0
15:37:50.431,1,300,0,0,8,3,5a,64,5a,64,0,64,af
15:37:50.494,1,300,0,0,8,3,5a,64,5a,64,0,64,21
15:37:50.557,1,203,0,0,8,94,a,5c,dd,2f,0,0,0
15:37:50.621,1,300,0,0,8,3,5a,64,5a,64,0,64,23
15:37:50.687,1,300,0,0,8,3,5a,64,5a,64,0,64,34
15:37:50.748,1,203,0,0,8,90,a,c0,b2,14,0,0,0
15:37:50.811,1,300,0,0,8,3,5a,64,5a,64,0,64,27
15:37:50.875,1,206,0,0,8,0,0,0,0,0,0,0,0
15:37:50.937,1,401,0,0,8,b,9c,0,0,b1,23,0,0
15:37:51.001,1,300,0,0,8,3,5a,64,5a,64,0,64,ab
15:37:51.065,1,400,0,0,8,1,0,2c,0,0,0,0,0
15:37:51.129,1,300,0,0,8,3,5a,64,5a,64,0,64,ad
15:37:51.195,1,300,0,0,8,3,5a,64,5a,64,0,64,af
15:37:51.257,1,203,0,0,8,93,a,f8,d5,13,0,0,0
15:37:51.319,1,300,0,0,8,3,5a,64,5a,64,0,64,21
15:37:51.382,1,206,0,0,8,0,0,0,0,0,0,0,0
15:37:51.446,1,401,0,0,8,75,9b,0,0,8f,1f,0,0
15:37:51.509,1,300,0,0,8,3,5a,64,5a,64,0,64,25
15:37:51.571,1,206,0,0,8,0,0,0,0,0,0,0,0
15:37:51.634,1,300,0,0,8,3,5a,64,5a,64,0,64,27
15:37:51.698,1,300,0,0,8,3,5a,64,5a,64,0,64,a9
15:37:51.761,1,400,0,0,8,1,0,2c,0,0,0,0,0
15:37:51.824,1,300,0,0,8,3,5a,64,5a,64,0,64,ab
15:37:51.888,1,666,0,0,8,52,8,5,0,52,95,36,2
15:37:51.952,1,203,0,0,8,86,a,90,ef,1d,0,0,0
15:37:52.016,1,300,0,0,8,3,5a,64,5a,64,0,64,af
15:37:52.079,1,206,0,0,8,0,0,0,0,0,0,0,0
15:37:52.141,1,201,0,0,5,3a,7,66,3,62,,,
15:37:52.204,1,300,0,0,8,3,5a,64,5a,64,0,64,23
15:37:52.268,1,400,0,0,8,1,0,2c,0,0,0,0,0
15:37:52.330,1,300,0,0,8,3,5a,64,5a,64,0,64,25
15:37:52.394,1,403,0,0,8,64,0,0,0,40,e3,9,0
15:37:52.457,1,203,0,0,8,78,a,a0,5,10,0,0,0
15:37:52.521,1,300,0,0,8,3,5a,64,5a,64,0,64,a9
15:37:52.587,1,206,0,0,8,0,0,0,0,0,0,0,0
15:37:52.649,1,201,0,0,5,30,7,24,4,62,,,
15:37:52.710,1,300,0,0,8,3,5a,64,5a,64,0,64,ad
15:37:52.774,1,206,0,0,8,0,0,0,0,0,0,0,0
15:37:52.837,1,201,0,0,5,30,7,3a,2,62,,,
15:37:52.900,1,402,0,0,8,5f,0,0,0,70,50,9,0
15:37:52.964,1,400,0,0,8,1,0,2c,0,0,0,0,0
15:37:53.027,1,300,0,0,8,3,5a,64,5a,64,0,64,23
15:37:53.090,1,300,0,0,8,3,5a,64,5a,64,0,64,25
15:37:53.153,1,203,0,0,8,79,a,70,c3,39,0,0,0
15:37:53.216,1,300,0,0,8,3,5a,64,5a,64,0,64,27
15:37:53.279,1,206,0,0,8,0,0,0,0,0,0,0,0
15:37:53.342,1,201,0,0,5,30,7,c8,0,62,,,
15:37:53.405,1,403,0,0,8,64,0,0,0,40,e3,9,0
15:37:53.469,1,400,0,0,8,1,0,2c,0,0,0,0,0
15:37:53.532,1,300,0,0,8,3,5a,64,5a,64,0,64,ad
15:37:53.595,1,300,0,0,8,3,5a,64,5a,64,0,64,af
15:37:53.652,1,203,0,0,8,79,a,50,5e,26,0,0,0
15:37:53.729,1,300,0,0,8,3,5a,64,5a,64,0,64,21
15:37:53.785,1,300,0,0,8,3,5a,64,5a,64,0,64,32
15:37:53.849,1,401,0,0,8,4e,9c,0,0,6e,1a,0,0
15:37:53.912,1,402,0,0,8,5f,0,0,0,28,50,9,0
15:37:53.976,1,206,0,0,8,0,0,0,0,0,0,0,0
15:37:54.038,1,201,0,0,5,3a,7,32,5,62,,,
15:37:54.102,1,300,0,0,8,3,5a,64,5a,64,0,64,a9
15:37:54.165,1,400,0,0,8,1,0,2c,0,0,0,0,0
15:37:54.228,1,300,0,0,8,3,5a,64,5a,64,0,64,ab
15:37:54.292,1,300,0,0,8,3,5a,64,5a,64,0,64,ad
15:37:54.355,1,203,0,0,8,7a,a,0,7e,d,0,0,0
15:37:54.419,1,403,0,0,8,64,0,0,0,40,e3,9,0
15:37:54.483,1,206,0,0,8,0,0,0,0,0,0,0,0
15:37:54.545,1,201,0,0,5,30,7,2e,4,62,,,
15:37:54.608,1,300,0,0,8,3,5a,64,5a,64,0,64,23
15:37:54.672,1,400,0,0,8,1,0,2c,0,0,0,0,0
15:37:54.734,1,300,0,0,8,3,5a,64,5a,64,0,64,25
15:37:54.797,1,300,0,0,8,3,5a,64,5a,64,0,64,27
15:37:54.861,1,204,0,0,8,0,0,0,0,0,0,0,0
15:37:54.925,1,402,0,0,8,5f,0,0,0,bc,4f,9,0
15:37:54.987,1,300,0,0,8,3,5a,64,5a,64,0,64,ab
15:37:55.051,1,401,0,0,8,48,9c,0,0,38,1e,0,0
15:37:55.114,1,300,0,0,8,3,5a,64,5a,64,0,64,ad
15:37:55.178,1,206,0,0,8,0,0,0,0,0,0,0,0
15:37:55.241,1,201,0,0,5,30,7,f8,2,62,,,
15:37:55.306,1,300,0,0,8,3,5a,64,5a,64,0,64,21
15:37:55.371,1,400,0,0,8,1,0,2c,0,0,0,0,0
15:37:55.432,1,300,0,0,8,3,5a,64,5a,64,0,64,23
15:37:55.494,1,300,0,0,8,3,5a,64,5a,64,0,64,25
15:37:55.558,1,203,0,0,8,96,a,d8,62,10,0,0,0
15:37:55.620,1,300,0,0,8,3,5a,64,5a,64,0,64,27
15:37:55.684,1,206,0,0,8,0,0,0,0,0,0,0,0
15:37:55.747,1,201,0,0,5,4e,7,78,5,62,,,
15:37:55.811,1,300,0,0,8,3,5a,64,5a,64,0,64,ab
15:37:55.875,1,400,0,0,8,1,0,2c,0,0,0,0,0
15:37:55.939,1,402,0,0,8,5f,0,0,0,74,4f,9,0
15:37:56.001,1,300,0,0,8,3,5a,64,5a,64,0,64,af
15:37:56.066,1,400,0,0,8,1,0,2c,0,0,0,0,0
15:37:56.129,1,300,0,0,8,3,5a,64,5a,64,0,64,21
15:37:56.192,1,404,0,0,2,4a,0,,,,,,
15:37:56.254,1,401,0,0,8,a9,9c,0,0,ad,23,0,0
15:37:56.319,1,404,0,0,2,1,0,,,,,,
15:37:56.381,1,404,0,0,2,20,0,,,,,,
15:37:56.446,1,404,0,0,2,22,0,,,,,,
15:37:56.508,1,404,0,0,2,24,0,,,,,,
15:37:56.572,1,404,0,0,2,26,0,,,,,,
15:37:56.634,1,405,0,0,8,4c,0,0,0,0,24,0,0
15:37:56.698,1,404,0,0,2,50,0,,,,,,
15:37:56.760,1,401,0,0,8,dd,9b,0,0,94,20,0,0
15:37:56.824,1,404,0,0,2,4,0,,,,,,
15:37:56.887,1,300,0,0,8,3,5a,64,5a,64,0,64,21
15:37:56.951,1,401,0,0,8,9c,9c,0,0,94,20,0,0
15:37:57.014,1,300,0,0,8,3,5a,64,5a,64,0,64,23
15:37:57.078,1,400,0,0,8,1,0,2c,0,0,0,0,0
15:37:57.141,1,201,0,0,5,62,7,52,3,62,,,
15:37:57.206,1,300,0,0,8,3,5a,64,5a,64,0,64,27
15:37:57.268,1,400,0,0,8,1,0,2c,0,0,0,0,0
15:37:57.331,1,300,0,0,8,3,5a,64,5a,64,0,64,a9
15:37:57.394,1,300,0,0,8,3,5a,64,5a,64,0,64,ab
15:37:57.457,1,401,0,0,8,3,9d,0,0,82,19,0,0
15:37:57.521,1,300,0,0,8,3,5a,64,5a,64,0,64,ad
15:37:57.584,1,206,0,0,8,0,0,0,0,0,0,0,0
15:37:57.647,1,201,0,0,5,58,7,84,3,62,,,
15:37:57.711,1,300,0,0,8,3,5a,64,5a,64,0,64,21
15:37:57.774,1,400,0,0,8,1,0,2c,0,0,0,0,0
15:37:57.837,1,201,0,0,5,4e,7,e6,0,62,,,
15:37:57.900,1,665,0,0,8,0,0,0,53,4c,18,53,0
15:37:57.964,1,400,0,0,8,1,0,2c,0,0,0,0,0
15:37:58.028,1,300,0,0,8,3,5a,64,5a,64,0,64,27
15:37:58.091,1,300,0,0,8,3,5a,64,5a,64,0,64,a9
15:37:58.156,1,203,0,0,8,9f,a,14,34,21,0,0,0
15:37:58.218,1,300,0,0,8,3,5a,64,5a,64,0,64,ab
15:37:58.281,1,400,0,0,8,1,0,2c,0,0,0,0,0
15:37:58.344,1,201,0,0,5,4e,7,34,3,62,,,
15:37:58.407,1,300,0,0,8,3,5a,64,5a,64,0,64,af
15:37:58.470,1,400,0,0,8,1,0,2c,0,0,0,0,0
15:37:58.533,1,300,0,0,8,3,5a,64,5a,64,0,64,21
15:37:58.596,1,300,0,0,8,3,5a,64,5a,64,0,64,23
15:37:58.660,1,203,0,0,8,9c,a,78,9,6,0,0,0
15:37:58.722,1,300,0,0,8,3,5a,64,5a,64,0,64,25
15:37:58.786,1,206,0,0,8,0,0,0,0,0,0,0,0
15:37:58.848,1,201,0,0,5,4e,7,5a,5,62,,,
15:37:58.912,1,300,0,0,8,3,5a,64,5a,64,0,64,a9
15:37:58.978,1,400,0,0,8,1,0,2c,0,0,0,0,0
15:37:59.038,1,201,0,0,5,4e,7,18,1,62,,,
15:37:59.102,1,300,0,0,8,3,5a,64,5a,64,0,64,ad
15:37:59.166,1,401,0,0,8,71,9b,0,0,5c,18,0,0
15:37:59.229,1,300,0,0,8,3,5a,64,5a,64,0,64,af
15:37:59.293,1,300,0,0,8,3,5a,64,5a,64,0,64,21
15:37:59.355,1,203,0,0,8,a7,a,84,13,3b,0,0,0
15:37:59.417,1,300,0,0,8,3,5a,64,5a,64,0,64,23
15:37:59.480,1,400,0,0,8,1,0,2c,0,0,0,0,0
15:37:59.543,1,201,0,0,5,4e,7,a0,0,62,,,
15:37:59.606,1,300,0,0,8,3,5a,64,5a,64,0,64,27
15:37:59.669,1,206,0,0,8,0,0,0,0,0,0,0,0
15:37:59.734,1,300,0,0,8,3,5a,64,5a,64,0,64,a9
15:37:59.796,1,300,0,0,8,3,5a,64,5a,64,0,64,ab
15:37:59.860,1,203,0,0,8,a5,a,90,52,1d,0,0,0
15:37:59.923,1,300,0,0,8,3,5a,64,5a,64,0,64,ad
15:37:59.986,1,301,0,0,3,1d,e,0,,,,,
15:38:00.049,1,201,0,0,5,58,7,7c,1,62,,,
15:38:00.113,1,300,0,0,8,3,5a,64,5a,64,0,64,21
15:38:00.176,1,300,0,0,8,3,5a,64,5a,64,0,64,32
15:38:00.239,1,201,0,0,5,58,7,b0,4,62,,,
15:38:00.302,1,300,0,0,8,3,5a,64,5a,64,0,64,25
15:38:00.367,1,401,0,0,8,58,9c,0,0,1f,19,0,0
15:38:00.429,1,300,0,0,8,3,5a,64,5a,64,0,64,27
15:38:00.494,1,300,0,0,8,3,5a,64,5a,64,0,64,a9
15:38:00.558,1,203,0,0,8,b5,a,9c,2a,1b,0,0,0
15:38:00.622,1,300,0,0,8,3,5a,64,5a,64,0,64,ab
15:38:00.685,1,300,0,0,8,3,5a,64,5a,64,0,64,bc
15:38:00.750,1,201,0,0,5,62,7,c6,2,62,,,
15:38:00.810,1,300,0,0,8,3,5a,64,5a,64,0,64,af
15:38:00.874,1,204,0,0,8,0,0,0,0,0,0,0,0
15:38:00.937,1,402,0,0,8,5f,0,0,0,e8,4d,9,0
15:38:01.001,1,300,0,0,8,3,5a,64,5a,64,0,64,23
15:38:01.064,1,401,0,0,8,4e,9d,0,0,91,1b,0,0
15:38:01.128,1,300,0,0,8,3,5a,64,5a,64,0,64,25
15:38:01.191,1,300,0,0,8,3,5a,64,5a,64,0,64,27
15:38:01.253,1,203,0,0,8,b4,a,28,36,b,0,0,0
15:38:01.317,1,300,0,0,8,3,5a,64,5a,64,0,64,a9
15:38:01.380,1,300,0,0,8,3,5a,64,5a,64,0,64,ba
15:38:01.443,1,403,0,0,8,64,0,0,0,40,e3,9,0
15:38:01.509,1,300,0,0,8,3,5a,64,5a,64,0,64,ad
15:38:01.573,1,401,0,0,8,6f,9d,0,0,7f,1d,0,0
15:38:01.636,1,301,0,0,3,e8,f,0,,,,,
15:38:01.700,1,300,0,0,8,3,5a,64,5a,64,0,64,21
15:38:01.763,1,203,0,0,8,bc,a,c4,c7,a,0,0,0
15:38:01.826,1,300,0,0,8,3,5a,64,5a,64,0,64,23
15:38:01.890,1,400,0,0,8,1,0,2c,0,0,0,0,0
15:38:01.954,1,203,0,0,8,b7,a,f8,6e,2f,0,0,0
15:38:02.016,1,300,0,0,8,3,5a,64,5a,64,0,64,27
15:38:02.079,1,300,0,0,8,3,5a,64,5a,64,0,64,b8
15:38:02.142,1,201,0,0,5,62,7,18,1,62,,,
15:38:02.205,1,300,0,0,8,3,5a,64,5a,64,0,64,ab
15:38:02.268,1,401,0,0,8,ab,9c,0,0,5a,1b,0,0
15:38:02.331,1,300,0,0,8,3,5a,64,5a,64,0,64,ad
15:38:02.394,1,300,0,0,8,3,5a,64,5a,64,0,64,af
15:38:02.458,1,203,0,0,8,b9,a,4c,57,20,0,0,0
15:38:02.522,1,300,0,0,8,3,5a,64,5a,64,0,64,21
15:38:02.583,1,300,0,0,8,3,5a,64,5a,64,0,64,32
15:38:02.646,1,201,0,0,5,62,7,fa,0,62,,,
15:38:02.709,1,300,0,0,8,3,5a,64,5a,64,0,64,25
15:38:02.773,1,401,0,0,8,28,9d,0,0,b1,1e,0,0
15:38:02.837,1,300,0,0,8,3,5a,64,5a,64,0,64,27
15:38:02.900,1,300,0,0,8,3,5a,64,5a,64,0,64,a9
15:38:02.963,1,203,0,0,8,d5,a,98,48,2e,0,0,0
15:38:03.027,1,300,0,0,8,3,5a,64,5a,64,0,64,ab
15:38:03.090,1,400,0,0,8,1,0,2c,0,0,0,0,0
15:38:03.153,1,203,0,0,8,d8,a,c8,e6,b,0,0,0
15:38:03.217,1,300,0,0,8,3,5a,64,5a,64,0,64,af
15:38:03.280,1,300,0,0,8,3,5a,64,5a,64,0,64,30
15:38:03.343,1,201,0,0,5,76,7,98,3,62,,,
15:38:03.406,1,300,0,0,8,3,5a,64,5a,64,0,64,23
15:38:03.469,1,401,0,0,8,d0,9b,0,0,b3,1f,0,0
15:38:03.533,1,300,0,0,8,3,5a,64,5a,64,0,64,25
15:38:03.596,1,300,0,0,8,3,5a,64,5a,64,0,64,27
15:38:03.660,1,203,0,0,8,db,a,a0,8d,28,0,0,0
15:38:03.724,1,300,0,0,8,3,5a,64,5a,64,0,64,a9
15:38:03.791,1,206,0,0,8,0,0,0,0,0,0,0,0
15:38:03.851,1,201,0,0,5,8a,7,86,1,62,,,
15:38:03.914,1,200,0,0,8,5f,0,3f,54,9,0,0,0
15:38:03.977,1,300,0,0,8,3,5a,64,5a,64,0,64,be
15:38:04.042,1,201,0,0,5,6c,7,ca,3,62,,,
15:38:04.103,1,300,0,0,8,3,5a,64,5a,64,0,64,21
15:38:04.167,1,401,0,0,8,c1,9c,0,0,4,21,0,0
15:38:04.233,1,300,0,0,8,3,5a,64,5a,64,0,64,23
15:38:04.295,1,404,0,0,2,44,0,,,,,,
15:38:04.358,1,203,0,0,8,e2,a,68,23,a,0,0,0
15:38:04.422,1,300,0,0,8,3,5a,64,5a,64,0,64,27
15:38:04.486,1,300,0,0,8,3,5a,64,5a,64,0,64,b8
15:38:04.549,1,201,0,0,5,94,7,ba,4,62,,,
15:38:04.612,1,404,0,0,2,4c,0,,,,,,
15:38:04.677,1,401,0,0,8,36,9d,0,0,24,1d,0,0
15:38:04.739,1,201,0,0,5,a8,7,d2,0,62,,,
15:38:04.802,1,404,0,0,2,4,0,,,,,,
15:38:04.866,1,204,0,0,8,0,0,0,0,0,0,0,0
15:38:04.929,1,300,0,0,8,3,5a,64,5a,64,0,64,21
15:38:04.992,1,400,0,0,8,1,0,2c,0,0,0,0,0
15:38:05.056,1,203,0,0,8,4,b,c0,7,24,0,0,0
15:38:05.119,1,300,0,0,8,3,5a,64,5a,64,0,64,25
15:38:05.183,1,300,0,0,8,3,5a,64,5a,64,0,64,36
15:38:05.246,1,201,0,0,5,94,7,a4,1,62,,,
15:38:05.311,1,300,0,0,8,3,5a,64,5a,64,0,64,a9
15:38:05.373,1,401,0,0,8,c9,9c,0,0,90,1b,0,0
15:38:05.438,1,300,0,0,8,3,5a,64,5a,64,0,64,ab
15:38:05.500,1,400,0,0,8,1,0,2c,0,0,0,0,0
15:38:05.564,1,203,0,0,8,a,b,e8,82,d,0,0,0
15:38:05.627,1,300,0,0,8,3,5a,64,5a,64,0,64,af
15:38:05.691,1,400,0,0,8,1,0,2c,0,0,0,0,0
15:38:05.754,1,203,0,0,8,11,b,38,1f,1a,0,0,0
15:38:05.819,1,300,0,0,8,3,5a,64,5a,64,0,64,23
15:38:05.881,1,401,0,0,8,66,9d,0,0,3e,1f,0,0
15:38:05.945,1,201,0,0,5,94,7,5e,1,62,,,
15:38:06.007,1,300,0,0,8,3,5a,64,5a,64,0,64,27
15:38:06.071,1,401,0,0,8,35,9c,0,0,cf,16,0,0
15:38:06.134,1,300,0,0,8,3,5a,64,5a,64,0,64,a9
15:38:06.199,1,400,0,0,8,1,0,2c,0,0,0,0,0
15:38:06.261,1,203,0,0,8,fc,a,28,e0,29,0,0,0
15:38:06.324,1,300,0,0,8,3,5a,64,5a,64,0,64,ad
15:38:06.387,1,206,0,0,8,0,0,0,0,0,0,0,0
15:38:06.450,1,201,0,0,5,8a,7,96,0,62,,,
15:38:06.513,1,300,0,0,8,3,5a,64,5a,64,0,64,21
15:38:06.576,1,401,0,0,8,3,9d,0,0,39,17,0,0
15:38:06.640,1,201,0,0,5,8a,7,b2,2,62,,,
15:38:06.703,1,300,0,0,8,3,5a,64,5a,64,0,64,25
15:38:06.759,1,401,0,0,8,44,9d,0,0,6c,12,0,0
15:38:06.829,1,300,0,0,8,3,5a,64,5a,64,0,64,27
15:38:06.893,1,666,0,0,8,52,8,5,0,52,95,36,2
15:38:06.956,1,402,0,0,8,5f,0,0,0,5c,4c,9,0
15:38:07.019,1,300,0,0,8,3,5a,64,5a,64,0,64,ab
15:38:07.083,1,401,0,0,8,6a,9d,0,0,9a,13,0,0
15:38:07.146,1,201,0,0,5,80,7,66,3,62,,,
15:38:07.210,1,300,0,0,8,3,5a,64,5a,64,0,64,af
15:38:07.273,1,401,0,0,8,be,9b,0,0,ec,17,0,0
15:38:07.336,1,300,0,0,8,3,5a,64,5a,64,0,64,21
15:38:07.399,1,400,0,0,8,1,0,2c,0,0,0,0,0
15:38:07.462,1,403,0,0,8,64,0,0,0,40,e3,9,0
15:38:07.525,1,300,0,0,8,3,5a,64,5a,64,0,64,25
15:38:07.589,1,400,0,0,8,1,0,2c,0,0,0,0,0
15:38:07.652,1,201,0,0,5,76,7,26,2,62,,,
15:38:07.720,1,300,0,0,8,3,5a,64,5a,64,0,64,a9
15:38:07.784,1,401,0,0,8,4c,9c,0,0,70,17,0,0
15:38:07.851,1,201,0,0,5,76,7,b8,1,62,,,
15:38:07.910,1,300,0,0,8,3,5a,64,5a,64,0,64,ad
15:38:07.973,1,401,0,0,8,5,9d,0,0,70,17,0,0
15:38:08.036,1,300,0,0,8,3,5a,64,5a,64,0,64,af
15:38:08.100,1,400,0,0,8,1,0,2c,0,0,0,0,0
15:38:08.162,1,203,0,0,8,eb,a,f8,ba,5,0,0,0
15:38:08.225,1,300,0,0,8,3,5a,64,5a,64,0,64,23
15:38:08.288,1,206,0,0,8,0,0,0,0,0,0,0,0
15:38:08.351,1,201,0,0,5,76,7,44,2,62,,,
15:38:08.414,1,300,0,0,8,3,5a,64,5a,64,0,64,27
15:38:08.479,1,401,0,0,8,42,9d,0,0,1b,16,0,0
15:38:08.541,1,201,0,0,5,6c,7,22,1,62,,,
15:38:08.605,1,400,0,0,8,1,0,2c,0,0,0,0,0
15:38:08.667,1,401,0,0,8,42,9d,0,0,9,d,0,0
15:38:08.730,1,300,0,0,8,3,5a,64,5a,64,0,64,ad
15:38:08.794,1,400,0,0,8,1,0,2c,0,0,0,0,0
15:38:08.857,1,203,0,0,8,b8,a,2c,e4,1c,0,0,0
15:38:08.919,1,300,0,0,8,3,5a,64,5a,64,0,64,21
15:38:08.984,1,300,0,0,8,3,5a,64,5a,64,0,64,32
15:38:09.046,1,201,0,0,5,4e,7,d2,0,62,,,
15:38:09.110,1,300,0,0,8,3,5a,64,5a,64,0,64,25
15:38:09.173,1,300,0,0,8,3,5a,64,5a,64,0,64,36
15:38:09.237,1,300,0,0,8,3,5a,64,5a,64,0,64,27
15:38:09.301,1,400,0,0,8,1,0,2c,0,0,0,0,0
15:38:09.364,1,203,0,0,8,a1,a,8c,3d,27,0,0,0
15:38:09.426,1,300,0,0,8,3,5a,64,5a,64,0,64,ab
15:38:09.490,1,400,0,0,8,1,0,2c,0,0,0,0,0
15:38:09.553,1,201,0,0,5,44,7,5e,1,62,,,
15:38:09.619,1,300,0,0,8,3,5a,64,5a,64,0,64,af
15:38:09.682,1,300,0,0,8,3,5a,64,5a,64,0,64,30
15:38:09.747,1,201,0,0,5,3a,7,7a,3,62,,,
15:38:09.809,1,400,0,0,8,1,0,2c,0,0,0,0,0
15:38:09.872,1,204,0,0,8,0,0,0,0,0,0,0,0
15:38:09.935,1,300,0,0,8,3,5a,64,5a,64,0,64,25
15:38:09.999,1,400,0,0,8,1,0,2c,0,0,0,0,0
15:38:10.062,1,203,0,0,8,90,a,3c,d1,10,0,0,0
15:38:10.126,1,300,0,0,8,3,5a,64,5a,64,0,64,a9
15:38:10.190,1,206,0,0,8,0,0,0,0,0,0,0,0
15:38:10.252,1,201,0,0,5,4e,7,ee,2,62,,,
15:38:10.315,1,300,0,0,8,3,5a,64,5a,64,0,64,ad
15:38:10.378,1,300,0,0,8,3,5a,64,5a,64,0,64,be
15:38:10.441,1,201,0,0,5,4e,7,36,1,62,,,
15:38:10.506,1,400,0,0,8,1,0,2c,0,0,0,0,0
15:38:10.568,1,300,0,0,8,3,5a,64,5a,64,0,64,32
15:38:10.630,1,300,0,0,8,3,5a,64,5a,64,0,64,23
15:38:10.693,1,400,0,0,8,1,0,2c,0,0,0,0,0
15:38:10.756,1,203,0,0,8,a9,a,bc,9d,1e,0,0,0
15:38:10.819,1,300,0,0,8,3,5a,64,5a,64,0,64,27
15:38:10.883,1,300,0,0,8,3,5a,64,5a,64,0,64,b8
15:38:10.946,1,201,0,0,5,6c,7,e8,3,62,,,
15:38:11.009,1,400,0,0,8,1,0,2c,0,0,0,0,0
15:38:11.073,1,300,0,0,8,3,5a,64,5a,64,0,64,bc
15:38:11.137,1,300,0,0,8,3,5a,64,5a,64,0,64,ad
15:38:11.199,1,400,0,0,8,1,0,2c,0,0,0,0,0
15:38:11.264,1,203,0,0,8,a5,a,a4,54,7,0,0,0
15:38:11.326,1,300,0,0,8,3,5a,64,5a,64,0,64,21
15:38:11.391,1,401,0,0,8,a8,9b,0,0,3e,1e,0,0
15:38:11.453,1,201,0,0,5,58,7,a6,4,62,,,
15:38:11.516,1,300,0,0,8,3,5a,64,5a,64,0,64,25
15:38:11.580,1,300,0,0,8,3,5a,64,5a,64,0,64,36
15:38:11.642,1,201,0,0,5,58,7,96,0,62,,,
15:38:11.706,1,400,0,0,8,1,0,2c,0,0,0,0,0
15:38:11.768,1,300,0,0,8,3,5a,64,5a,64,0,64,ba
15:38:11.831,1,300,0,0,8,3,5a,64,5a,64,0,64,ab
15:38:11.895,1,400,0,0,8,1,0,2c,0,0,0,0,0
15:38:11.957,1,203,0,0,8,b0,a,70,df,19,0,0,0
15:38:12.020,1,300,0,0,8,3,5a,64,5a,64,0,64,af
15:38:12.084,1,300,0,0,8,3,5a,64,5a,64,0,64,30
15:38:12.147,1,201,0,0,5,4e,7,50,0,62,,,
15:38:12.211,1,400,0,0,8,1,0,2c,0,0,0,0,0
15:38:12.274,1,300,0,0,8,3,5a,64,5a,64,0,64,34
15:38:12.337,1,300,0,0,8,3,5a,64,5a,64,0,64,25
15:38:12.401,1,404,0,0,2,21,0,,,,,,
15:38:12.463,1,203,0,0,8,95,a,20,c,1f,0,0,0
15:38:12.527,1,300,0,0,8,3,5a,64,5a,64,0,64,a9
15:38:12.590,1,206,0,0,8,0,0,0,0,0,0,0,0
15:38:12.653,1,201,0,0,5,3a,7,fa,0,62,,,
15:38:12.716,1,404,0,0,2,50,0,,,,,,
15:38:12.780,1,300,0,0,8,3,5a,64,5a,64,0,64,be
15:38:12.843,1,404,0,0,2,b0,1,,,,,,
15:38:12.906,1,665,0,0,8,0,0,0,53,4c,18,53,0
15:38:12.969,1,402,0,0,8,5e,0,0,0,f4,4a,9,0
15:38:13.033,1,300,0,0,8,3,5a,64,5a,64,0,64,23
15:38:13.096,1,401,0,0,8,2f,9c,0,0,4b,16,0,0
15:38:13.161,1,203,0,0,8,a1,a,4c,f0,3b,0,0,0
15:38:13.223,1,300,0,0,8,3,5a,64,5a,64,0,64,27
15:38:13.288,1,300,0,0,8,3,5a,64,5a,64,0,64,b8
15:38:13.351,1,201,0,0,5,4e,7,5c,3,62,,,
15:38:13.414,1,400,0,0,8,1,0,2c,0,0,0,0,0
15:38:13.477,1,403,0,0,8,64,0,0,0,40,e3,9,0
15:38:13.540,1,201,0,0,5,6c,7,54,1,62,,,
15:38:13.603,1,400,0,0,8,1,0,2c,0,0,0,0,0
15:38:13.667,1,300,0,0,8,3,5a,64,5a,64,0,64,30
15:38:13.730,1,300,0,0,8,3,5a,64,5a,64,0,64,21
15:38:13.793,1,401,0,0,8,5c,9c,0,0,e6,1d,0,0
15:38:13.856,1,203,0,0,8,c1,a,c4,c7,a,0,0,0
15:38:13.921,1,300,0,0,8,3,5a,64,5a,64,0,64,25
15:38:13.984,1,300,0,0,8,3,5a,64,5a,64,0,64,36
15:38:14.046,1,201,0,0,5,76,7,d0,2,62,,,
15:38:14.109,1,400,0,0,8,1,0,2c,0,0,0,0,0
15:38:14.173,1,300,0,0,8,3,5a,64,5a,64,0,64,ba
15:38:14.236,1,300,0,0,8,3,5a,64,5a,64,0,64,ab
15:38:14.299,1,401,0,0,8,b3,9c,0,0,68,11,0,0
15:38:14.363,1,203,0,0,8,c3,a,20,73,3,0,0,0
15:38:14.425,1,300,0,0,8,3,5a,64,5a,64,0,64,af
15:38:14.488,1,206,0,0,8,0,0,0,0,0,0,0,0
15:38:14.552,1,201,0,0,5,6c,7,7a,3,62,,,
15:38:14.615,1,400,0,0,8,1,0,2c,0,0,0,0,0
15:38:14.678,1,300,0,0,8,3,5a,64,5a,64,0,64,34
15:38:14.741,1,201,0,0,5,4e,7,64,0,62,,,
15:38:14.805,1,400,0,0,8,1,0,2c,0,0,0,0,0
15:38:14.868,1,204,0,0,8,0,0,0,0,0,0,0,0
15:38:14.933,1,300,0,0,8,3,5a,64,5a,64,0,64,a9
15:38:14.996,1,401,0,0,8,e1,9c,0,0,39,13,0,0
15:38:15.058,1,203,0,0,8,b2,a,b8,88,28,0,0,0
15:38:15.125,1,400,0,0,8,1,0,2c,0,0,0,0,0
15:38:15.185,1,300,0,0,8,3,5a,64,5a,64,0,64,be
15:38:15.248,1,201,0,0,5,58,7,50,0,62,,,
15:38:15.312,1,400,0,0,8,1,0,2c,0,0,0,0,0
15:38:15.376,1,300,0,0,8,3,5a,64,5a,64,0,64,32
15:38:15.440,1,201,0,0,5,4e,7,f2,3,62,,,
15:38:15.501,1,401,0,0,8,66,9c,0,0,f0,19,0,0
15:38:15.566,1,203,0,0,8,a9,a,a8,2,19,0,0,0
15:38:15.628,1,300,0,0,8,3,5a,64,5a,64,0,64,27
15:38:15.693,1,401,0,0,8,66,9c,0,0,16,16,0,0
15:38:15.755,1,201,0,0,5,4e,7,4e,2,62,,,
15:38:15.819,1,400,0,0,8,1,0,2c,0,0,0,0,0
15:38:15.882,1,300,0,0,8,3,5a,64,5a,64,0,64,bc
15:38:15.946,1,201,0,0,5,44,7,fc,3,62,,,
15:38:16.009,1,400,0,0,8,1,0,2c,0,0,0,0,0
15:38:16.073,1,300,0,0,8,3,5a,64,5a,64,0,64,30
15:38:16.136,1,300,0,0,8,3,5a,64,5a,64,0,64,21
15:38:16.200,1,401,0,0,8,86,9b,0,0,2d,16,0,0
15:38:16.264,1,203,0,0,8,9c,a,94,0,2f,0,0,0
15:38:16.327,1,300,0,0,8,3,5a,64,5a,64,0,64,25
15:38:16.390,1,206,0,0,8,0,0,0,0,0,0,0,0
15:38:16.453,1,201,0,0,5,4e,7,ae,1,62,,,
15:38:16.516,1,400,0,0,8,1,0,2c,0,0,0,0,0
15:38:16.580,1,300,0,0,8,3,5a,64,5a,64,0,64,ba
15:38:16.646,1,201,0,0,5,4e,7,8a,2,62,,,
15:38:16.708,1,400,0,0,8,1,0,2c,0,0,0,0,0
15:38:16.770,1,300,0,0,8,3,5a,64,5a,64,0,64,be
15:38:16.833,1,300,0,0,8,3,5a,64,5a,64,0,64,af
15:38:16.897,1,401,0,0,8,3c,9d,0,0,a2,1a,0,0
15:38:16.959,1,203,0,0,8,9f,a,e8,4f,4,0,0,0
15:38:17.022,1,400,0,0,8,1,0,2c,0,0,0,0,0
15:38:17.085,1,300,0,0,8,3,5a,64,5a,64,0,64,34
15:38:17.150,1,201,0,0,5,6c,7,42,4,62,,,
15:38:17.212,1,400,0,0,8,1,0,2c,0,0,0,0,0
15:38:17.274,1,300,0,0,8,3,5a,64,5a,64,0,64,b8
15:38:17.337,1,201,0,0,5,6c,7,18,1,62,,,
15:38:17.400,1,401,0,0,8,33,9c,0,0,1b,11,0,0
15:38:17.463,1,203,0,0,8,b2,a,a4,54,7,0,0,0
15:38:17.526,1,400,0,0,8,1,0,2c,0,0,0,0,0
15:38:17.589,1,206,0,0,8,0,0,0,0,0,0,0,0
15:38:17.653,1,201,0,0,5,58,7,fc,3,62,,,
15:38:17.717,1,400,0,0,8,1,0,2c,0,0,0,0,0
15:38:17.780,1,300,0,0,8,3,5a,64,5a,64,0,64,32
15:38:17.844,1,201,0,0,5,58,7,50,0,62,,,
15:38:17.909,1,401,0,0,8,c8,9b,0,0,a4,15,0,0
15:38:17.972,1,300,0,0,8,3,5a,64,5a,64,0,64,36
15:38:18.035,1,300,0,0,8,3,5a,64,5a,64,0,64,27
15:38:18.099,1,401,0,0,8,8d,9d,0,0,2e,1b,0,0
15:38:18.162,1,203,0,0,8,d9,a,b8,5c,17,0,0,0
15:38:18.227,1,400,0,0,8,1,0,2c,0,0,0,0,0
15:38:18.291,1,206,0,0,8,0,0,0,0,0,0,0,0
15:38:18.354,1,201,0,0,5,80,7,86,1,62,,,
15:38:18.418,1,400,0,0,8,1,0,2c,0,0,0,0,0
15:38:18.481,1,300,0,0,8,3,5a,64,5a,64,0,64,30
15:38:18.545,1,201,0,0,5,80,7,74,4,62,,,
15:38:18.608,1,401,0,0,8,f7,9c,0,0,62,15,0,0
15:38:18.671,1,300,0,0,8,3,5a,64,5a,64,0,64,34
15:38:18.735,1,300,0,0,8,3,5a,64,5a,64,0,64,25
15:38:18.798,1,401,0,0,8,c9,9c,0,0,4,1b,0,0
15:38:18.863,1,203,0,0,8,c7,a,1c,f7,28,0,0,0
15:38:18.925,1,200,0,0,8,5e,0,d0,50,9,0,2,0
15:38:18.989,1,402,0,0,8,5e,0,0,0,8c,49,9,0
15:38:19.052,1,201,0,0,5,58,7,b8,1,62,,,
15:38:19.116,1,400,0,0,8,1,0,2c,0,0,0,0,0
15:38:19.179,1,300,0,0,8,3,5a,64,5a,64,0,64,be
15:38:19.242,1,201,0,0,5,62,7,20,3,62,,,
15:38:19.305,1,401,0,0,8,9f,9d,0,0,b9,1b,0,0
15:38:19.369,1,300,0,0,8,3,5a,64,5a,64,0,64,32
15:38:19.431,1,400,0,0,8,1,0,2c,0,0,0,0,0
15:38:19.494,1,401,0,0,8,df,9b,0,0,d2,15,0,0
15:38:19.558,1,203,0,0,8,ca,a,d8,70,0,0,0,0
15:38:19.620,1,400,0,0,8,1,0,2c,0,0,0,0,0
15:38:19.683,1,300,0,0,8,3,5a,64,5a,64,0,64,b8
15:38:19.750,1,201,0,0,5,6c,7,42,4,62,,,
15:38:19.813,1,401,0,0,8,b7,9d,0,0,69,19,0,0
15:38:19.877,1,204,0,0,8,0,0,0,0,0,0,0,0
15:38:19.939,1,201,0,0,5,62,7,b4,0,62,,,
15:38:20.004,1,401,0,0,8,9c,9c,0,0,c3,15,0,0
15:38:20.067,1,203,0,0,8,c7,a,78,9,6,0,0,0
15:38:20.131,1,400,0,0,8,1,0,2c,0,0,0,0,0
15:38:20.195,1,401,0,0,8,9c,9c,0,0,c3,15,0,0
15:38:20.258,1,404,0,0,2,2,30,,,,,,
15:38:20.320,1,404,0,0,2,1,0,,,,,,
15:38:20.384,1,405,0,0,8,20,0,0,0,32,33,36,47
15:38:20.447,1,201,0,0,5,62,7,28,0,62,,,
15:38:20.511,1,401,0,0,8,44,9d,0,0,30,17,0,0
15:38:20.574,1,300,0,0,8,3,5a,64,5a,64,0,64,ba
15:38:20.638,1,201,0,0,5,62,7,e0,6,62,,,
15:38:20.700,1,404,0,0,2,4d,0,,,,,,
15:38:20.763,1,203,0,0,8,c0,a,c0,4b,30,0,0,0
15:38:20.828,1,400,0,0,8,1,0,2c,0,0,0,0,0
15:38:20.890,1,206,0,0,8,0,0,0,0,0,0,0,0
15:38:20.953,1,201,0,0,5,58,7,a4,1,62,,,
15:38:21.016,1,400,0,0,8,1,0,2c,0,0,0,0,0
15:38:21.080,1,300,0,0,8,3,5a,64,5a,64,0,64,34
15:38:21.142,1,201,0,0,5,58,7,2e,4,62,,,
15:38:21.206,1,401,0,0,8,af,9c,0,0,74,25,0,0
15:38:21.269,1,300,0,0,8,3,5a,64,5a,64,0,64,b8
15:38:21.331,1,400,0,0,8,1,0,2c,0,0,0,0,0
15:38:21.394,1,401,0,0,8,7c,9b,0,0,39,1e,0,0
15:38:21.458,1,203,0,0,8,e1,a,f0,90,19,0,0,0
15:38:21.520,1,400,0,0,8,1,0,2c,0,0,0,0,0
15:38:21.584,1,300,0,0,8,3,5a,64,5a,64,0,64,be
15:38:21.647,1,201,0,0,5,9e,7,86,1,62,,,
15:38:21.709,1,401,0,0,8,20,9d,0,0,59,1d,0,0
15:38:21.773,1,300,0,0,8,3,5a,64,5a,64,0,64,32
15:38:21.836,1,300,0,0,8,3,5a,64,5a,64,0,64,23
15:38:21.901,1,666,0,0,8,52,8,5,0,52,95,36,2
15:38:21.962,1,203,0,0,8,e0,a,98,48,2e,0,0,0
15:38:22.025,1,300,0,0,8,3,5a,64,5a,64,0,64,27
15:38:22.089,1,206,0,0,8,0,0,0,0,0,0,0,0
15:38:22.152,1,201,0,0,5,62,7,a,0,62,,,
15:38:22.214,1,401,0,0,8,62,9c,0,0,b8,15,0,0
15:38:22.278,1,300,0,0,8,3,5a,64,5a,64,0,64,bc
15:38:22.341,1,201,0,0,5,62,7,b2,2,62,,,
15:38:22.405,1,401,0,0,8,43,9e,0,0,d,17,0,0
15:38:22.470,1,203,0,0,8,dd,a,60,f9,1d,0,0,0
15:38:22.532,1,300,0,0,8,3,5a,64,5a,64,0,64,21
15:38:22.594,1,401,0,0,8,df,9c,0,0,44,c,0,0
15:38:22.658,1,203,0,0,8,ce,a,80,d,7,0,0,0
15:38:22.720,1,300,0,0,8,3,5a,64,5a,64,0,64,25
15:38:22.784,1,300,0,0,8,3,5a,64,5a,64,0,64,36
15:38:22.847,1,201,0,0,5,62,7,5c,3,62,,,
15:38:22.912,1,401,0,0,8,8,9e,0,0,cd,12,0,0
15:38:22.975,1,300,0,0,8,3,5a,64,5a,64,0,64,ba
15:38:23.039,1,400,0,0,8,1,0,2c,0,0,0,0,0
15:38:23.102,1,401,0,0,8,a5,9c,0,0,de,11,0,0
15:38:23.165,1,203,0,0,8,cc,a,70,83,12,0,0,0
15:38:23.229,1,300,0,0,8,3,5a,64,5a,64,0,64,af
15:38:23.291,1,206,0,0,8,0,0,0,0,0,0,0,0
15:38:23.354,1,201,0,0,5,58,7,a4,1,62,,,
15:38:23.417,1,401,0,0,8,ec,9d,0,0,1e,14,0,0
15:38:23.481,1,300,0,0,8,3,5a,64,5a,64,0,64,34
15:38:23.544,1,201,0,0,5,58,7,7c,1,62,,,
15:38:23.608,1,401,0,0,8,6,9e,0,0,52,f,0,0
15:38:23.671,1,300,0,0,8,3,5a,64,5a,64,0,64,b8
15:38:23.735,1,300,0,0,8,3,5a,64,5a,64,0,64,a9
15:38:23.798,1,401,0,0,8,dd,9c,0,0,f8,d,0,0
15:38:23.861,1,203,0,0,8,a7,a,d0,9f,8,0,0,0
15:38:23.925,1,300,0,0,8,3,5a,64,5a,64,0,64,ad
15:38:23.988,1,206,0,0,8,0,0,0,0,0,0,0,0
15:38:24.052,1,201,0,0,5,3a,7,cc,1,62,,,
15:38:24.114,1,401,0,0,8,5d,9e,0,0,38,12,0,0
15:38:24.178,1,300,0,0,8,3,5a,64,5a,64,0,64,32
15:38:24.242,1,400,0,0,8,1,0,2c,0,0,0,0,0
15:38:24.305,1,401,0,0,8,a2,9c,0,0,c7,a,0,0
15:38:24.369,1,203,0,0,8,7c,a,f0,2a,7,0,0,0
15:38:24.433,1,300,0,0,8,3,5a,64,5a,64,0,64,27
15:38:24.496,1,403,0,0,8,64,0,0,0,40,e3,9,0
15:38:24.560,1,203,0,0,8,76,a,70,86,25,0,0,0
15:38:24.623,1,401,0,0,8,b3,9d,0,0,f1,14,0,0
15:38:24.687,1,300,0,0,8,3,5a,64,5a,64,0,64,bc
15:38:24.750,1,201,0,0,5,12,7,40,1,62,,,
15:38:24.813,1,401,0,0,8,a6,9b,0,0,b0,15,0,0
15:38:24.876,1,204,0,0,8,0,0,0,0,0,0,0,0
15:38:24.940,1,400,0,0,8,1,0,2c,0,0,0,0,0
15:38:25.003,1,402,0,0,8,5e,0,0,0,24,48,9,0
15:38:25.067,1,203,0,0,8,68,a,d0,3f,1c,0,0,0
15:38:25.130,1,300,0,0,8,3,5a,64,5a,64,0,64,25
15:38:25.193,1,206,0,0,8,0,0,0,0,0,0,0,0
15:38:25.258,1,201,0,0,5,12,7,18,1,62,,,
15:38:25.318,1,401,0,0,8,94,9c,0,0,23,15,0,0
15:38:25.381,1,300,0,0,8,3,5a,64,5a,64,0,64,ba
15:38:25.444,1,400,0,0,8,1,0,2c,0,0,0,0,0
15:38:25.509,1,401,0,0,8,bd,9c,0,0,29,17,0,0
15:38:25.572,1,300,0,0,8,3,5a,64,5a,64,0,64,be
15:38:25.635,1,300,0,0,8,3,5a,64,5a,64,0,64,af
15:38:25.699,1,401,0,0,8,bd,9c,0,0,29,17,0,0
15:38:25.763,1,203,0,0,8,5c,a,d0,2,8,0,0,0
15:38:25.827,1,401,0,0,8,d0,9b,0,0,ba,1c,0,0
15:38:25.889,1,206,0,0,8,0,0,0,0,0,0,0,0
15:38:25.952,1,201,0,0,5,26,7,38,4,62,,,
15:38:26.016,1,401,0,0,8,9,9c,0,0,2d,1e,0,0
15:38:26.080,1,300,0,0,8,3,5a,64,5a,64,0,64,b8
15:38:26.143,1,400,0,0,8,1,0,2c,0,0,0,0,0
15:38:26.207,1,401,0,0,8,9,9c,0,0,2d,1e,0,0
15:38:26.270,1,203,0,0,8,46,a,c0,97,6,0,0,0
15:38:26.333,1,300,0,0,8,3,5a,64,5a,64,0,64,ad
15:38:26.396,1,401,0,0,8,34,9d,0,0,e0,1c,0,0
15:38:26.460,1,203,0,0,8,45,a,14,7f,25,0,0,0
15:38:26.524,1,401,0,0,8,2d,9c,0,0,25,16,0,0
15:38:26.586,1,300,0,0,8,3,5a,64,5a,64,0,64,32
15:38:26.649,1,201,0,0,5,26,7,6e,0,62,,,
15:38:26.711,1,401,0,0,8,2d,9c,0,0,25,16,0,0
15:38:26.774,1,300,0,0,8,3,5a,64,5a,64,0,64,36
15:38:26.838,1,400,0,0,8,1,0,2c,0,0,0,0,0
15:38:26.901,1,401,0,0,8,ad,9d,0,0,e9,1a,0,0
15:38:26.965,1,203,0,0,8,6d,a,60,74,18,0,0,0
15:38:27.027,1,401,0,0,8,8e,9c,0,0,1c,14,0,0
15:38:27.092,1,206,0,0,8,0,0,0,0,0,0,0,0
15:38:27.155,1,201,0,0,5,44,7,0,0,62,,,
15:38:27.217,1,401,0,0,8,8e,9c,0,0,1c,14,0,0
15:38:27.280,1,300,0,0,8,3,5a,64,5a,64,0,64,30
15:38:27.344,1,400,0,0,8,1,0,2c,0,0,0,0,0
15:38:27.408,1,401,0,0,8,dc,9d,0,0,25,15,0,0
15:38:27.472,1,300,0,0,8,3,5a,64,5a,64,0,64,34
15:38:27.535,1,300,0,0,8,3,5a,64,5a,64,0,64,25
15:38:27.598,1,401,0,0,8,eb,9c,0,0,e7,11,0,0
15:38:27.661,1,203,0,0,8,5e,a,60,f6,a,0,0,0
15:38:27.724,1,401,0,0,8,eb,9c,0,0,e7,11,0,0
15:38:27.787,1,300,0,0,8,3,5a,64,5a,64,0,64,ba
15:38:27.850,1,400,0,0,8,1,0,2c,0,0,0,0,0
15:38:27.913,1,665,0,0,8,0,0,0,53,4c,18,53,0
15:38:27.977,1,300,0,0,8,3,5a,64,5a,64,0,64,be
15:38:28.040,1,400,0,0,8,1,0,2c,0,0,0,0,0
15:38:28.103,1,401,0,0,8,81,9d,0,0,21,10,0,0
15:38:28.166,1,203,0,0,8,4d,a,5c,14,1e,0,0,0
15:38:28.230,1,405,0,0,8,4a,0,0,0,3,0,0,0
15:38:28.292,1,206,0,0,8,0,0,0,0,0,0,0,0
15:38:28.355,1,201,0,0,5,8,7,26,2,62,,,
15:38:28.418,1,404,0,0,2,21,0,,,,,,
15:38:28.482,1,300,0,0,8,3,5a,64,5a,64,0,64,b8
15:38:28.545,1,400,0,0,8,1,0,2c,0,0,0,0,0
15:38:28.609,1,404,0,0,2,27,0,,,,,,
15:38:28.671,1,203,0,0,8,58,a,40,4c,19,0,0,0
15:38:28.735,1,300,0,0,8,3,5a,64,5a,64,0,64,ad
15:38:28.798,1,404,0,0,2,4,0,,,,,,
15:38:28.862,1,203,0,0,8,55,a,20,a6,c,0,0,0
15:38:28.925,1,401,0,0,8,36,9d,0,0,26,11,0,0
15:38:28.989,1,206,0,0,8,0,0,0,0,0,0,0,0
15:38:29.052,1,400,0,0,8,1,0,2c,0,0,0,0,0
15:38:29.116,1,401,0,0,8,a9,9d,0,0,a7,12,0,0
15:38:29.179,1,300,0,0,8,3,5a,64,5a,64,0,64,36
15:38:29.243,1,400,0,0,8,1,0,2c,0,0,0,0,0
15:38:29.306,1,401,0,0,8,aa,9b,0,0,44,15,0,0
15:38:29.370,1,203,0,0,8,51,a,20,e7,5,0,0,0
15:38:29.433,1,401,0,0,8,aa,9b,0,0,44,15,0,0
15:38:29.497,1,403,0,0,8,64,0,0,0,40,e3,9,0
15:38:29.560,1,201,0,0,5,1c,7,2a,3,62,,,
15:38:29.624,1,401,0,0,8,8b,9d,0,0,4f,1e,0,0
15:38:29.688,1,300,0,0,8,3,5a,64,5a,64,0,64,30
15:38:29.750,1,400,0,0,8,1,0,2c,0,0,0,0,0
15:38:29.813,1,401,0,0,8,8,9d,0,0,f4,14,0,0
15:38:29.876,1,204,0,0,8,0,0,0,0,0,0,0,0
15:38:29.939,1,400,0,0,8,1,0,2c,0,0,0,0,0
15:38:30.003,1,402,0,0,8,5e,0,0,0,4,47,9,0
15:38:30.066,1,203,0,0,8,52,a,20,24,1a,0,0,0
15:38:30.129,1,401,0,0,8,24,9e,0,0,91,12,0,0
15:38:30.192,1,206,0,0,8,0,0,0,0,0,0,0,0
15:38:30.256,1,400,0,0,8,1,0,2c,0,0,0,0,0
15:38:30.319,1,401,0,0,8,4e,9d,0,0,9a,e,0,0
15:38:30.383,1,300,0,0,8,3,5a,64,5a,64,0,64,be
15:38:30.446,1,400,0,0,8,1,0,2c,0,0,0,0,0
15:38:30.510,1,403,0,0,8,64,0,0,0,40,e3,9,0
15:38:30.574,1,300,0,0,8,3,5a,64,5a,64,0,64,32
15:38:30.636,1,300,0,0,8,3,5a,64,5a,64,0,64,23
15:38:30.699,1,300,0,0,8,3,5a,64,5a,64,0,64,25
15:38:30.762,1,203,0,0,8,0,0,0,0,0,0,0,0
15:38:30.825,1,300,0,0,8,3,5a,64,5a,64,0,64,27
15:38:30.889,1,206,0,0,8,0,0,0,0,0,0,0,0
15:38:30.952,1,400,0,0,8,1,0,2c,0,0,0,0,0
15:38:31.016,1,402,0,0,8,5e,0,0,0,e0,46,9,0
15:38:31.079,1,300,0,0,8,3,5a,64,5a,64,0,64,bc
15:38:31.143,1,400,0,0,8,1,0,2c,0,0,0,0,0
15:38:31.206,1,300,0,0,8,3,5a,64,5a,64,0,64,af
15:38:31.269,1,203,0,0,8,0,0,0,0,0,0,0,0
15:38:31.332,1,300,0,0,8,3,5a,64,5a,64,0,64,21
15:38:31.396,1,206,0,0,8,0,0,0,0,0,0,0,0
15:38:31.459,1,201,0,0,5,4,6,0,0,62,,,
15:38:31.522,1,300,0,0,8,3,5a,64,5a,64,0,64,25
15:38:31.585,1,300,0,0,8,3,5a,64,5a,64,0,64,36
15:38:31.648,1,201,0,0,5,4c,4,0,0,62,,,
15:38:31.711,1,300,0,0,8,3,5a,64,5a,64,0,64,a9
15:38:31.774,1,300,0,0,8,3,5a,64,5a,64,0,64,ba
15:38:31.837,1,300,0,0,8,3,5a,64,5a,64,0,64,ab
15:38:31.900,1,300,0,0,8,3,5a,64,5a,64,0,64,ad
15:38:31.963,1,203,0,0,8,0,0,0,0,0,0,0,0
15:38:32.026,1,300,0,0,8,3,5a,64,5a,64,0,64,af
15:38:32.089,1,206,0,0,8,0,0,0,0,0,0,0,0
15:38:32.152,1,201,0,0,5,7a,3,0,0,62,,,
15:38:32.215,1,300,0,0,8,3,5a,64,5a,64,0,64,23
15:38:32.279,1,300,0,0,8,3,5a,64,5a,64,0,64,34
15:38:32.342,1,401,0,0,8,4f,9f,0,0,46,0,0,0
15:38:32.406,1,300,0,0,8,3,5a,64,5a,64,0,64,27
15:38:32.469,1,203,0,0,8,d0,0,0,0,0,0,0,0
15:38:32.533,1,300,0,0,8,3,5a,64,5a,64,0,64,a9
15:38:32.597,1,206,0,0,8,0,0,0,0,0,0,0,0
15:38:32.661,1,201,0,0,5,7a,3,0,0,62,,,
15:38:32.724,1,300,0,0,8,3,5a,64,5a,64,0,64,ad
15:38:32.788,1,300,0,0,8,3,5a,64,5a,64,0,64,be
15:38:32.851,1,201,0,0,5,7a,3,0,0,62,,,
15:38:32.915,1,300,0,0,8,3,5a,64,5a,64,0,64,21
15:38:32.978,1,300,0,0,8,3,5a,64,5a,64,0,64,32
15:38:33.042,1,401,0,0,8,55,9f,0,0,48,0,0,0
15:38:33.105,1,300,0,0,8,3,5a,64,5a,64,0,64,25
15:38:33.169,1,203,0,0,8,0,0,0,0,0,0,0,0
15:38:33.232,1,300,0,0,8,3,5a,64,5a,64,0,64,27
15:38:33.296,1,206,0,0,8,0,0,0,0,0,0,0,0
15:38:33.359,1,201,0,0,5,8,2,0,0,62,,,
15:38:33.423,1,300,0,0,8,3,5a,64,5a,64,0,64,ab
15:38:33.486,1,300,0,0,8,3,5a,64,5a,64,0,64,bc
15:38:33.550,1,201,0,0,5,cc,1,0,0,62,,,
15:38:33.614,1,300,0,0,8,3,5a,64,5a,64,0,64,af
15:38:33.678,1,300,0,0,8,3,5a,64,5a,64,0,64,30
15:38:33.742,1,401,0,0,8,59,9f,0,0,46,0,0,0
15:38:33.806,1,300,0,0,8,3,5a,64,5a,64,0,64,23
15:38:33.870,1,203,0,0,8,0,0,0,0,0,0,0,0
15:38:33.934,1,200,0,0,8,5e,0,63,4d,9,0,1,0
15:38:33.997,1,206,0,0,8,0,0,0,0,0,0,0,0
15:38:34.061,1,201,0,0,5,72,1,0,0,62,,,
15:38:34.124,1,300,0,0,8,3,5a,64,5a,64,0,64,a9
